repo,sha,commit_message,filename,code,changes,is_bug,cleaned_code,num_lines,num_functions,num_loops,num_conditions,num_exceptions,code_length
psf/requests,b294b08fe3b08df9f646f64d1250f96193dab066,Consider urllib3 version has 3 numbers at most (#7375) (#7376),src/requests/__init__.py,"@@ -56,7 +56,7 @@
 
 
 def check_compatibility(urllib3_version, chardet_version, charset_normalizer_version):
-    urllib3_version = urllib3_version.split(""."")
+    urllib3_version = urllib3_version.split(""."")[:3]
     assert urllib3_version != [""dev""]  # Verify urllib3 isn't installed from git.
 
     # Sometimes, urllib3 only reports its version as 16.1.",2,0,"@@ -56,7 +56,7 @@ def check_compatibility(urllib3_version, chardet_version, charset_normalizer_version): urllib3_version = urllib3_version.split(""."") urllib3_version = urllib3_version.split(""."")[:3] assert urllib3_version != [""dev""]",1,1,0,0,0,232
psf/requests,5f3ff9b9e4d3d44960467e7877e06e9efa22f20b,Fix typos discovered by codespell (#7371),tests/test_requests.py,"@@ -737,7 +737,7 @@ def test_basicauth_with_netrc_leak(self, httpbin):
 
         try:
             # Should use netrc
-            # Make sure that we don't use the example.com credentails
+            # Make sure that we don't use the example.com credentials
             # for the request
             r = requests.get(url)
             assert r.status_code == 200",2,1,"@@ -737,7 +737,7 @@ def test_basicauth_with_netrc_leak(self, httpbin): try: r = requests.get(url) assert r.status_code == 200",1,1,0,0,1,125
psf/requests,d2f6bdecc835475c3cfbb83565ea879d7b2712ca,"Clarify decode_unicode behaviour in iter_{content,lines} docstrings (#7365)",src/requests/models.py,"@@ -811,8 +811,10 @@ def iter_content(self, chunk_size=1, decode_unicode=False):
         chunks are received. If stream=False, data is returned as
         a single chunk.
 
-        If decode_unicode is True, content will be decoded using the best
-        available encoding based on the response.
+        If decode_unicode is True, content will be decoded using encoding
+        information from the response. If no encoding information is available,
+        bytes will be returned. This can be bypassed by manually setting
+        `encoding` on the response.
         """"""
 
         def generate():
@@ -863,6 +865,9 @@ def iter_lines(
         stream=True is set on the request, this avoids reading the
         content at once into memory for large responses.
 
+        The decode_unicode param works the same as in `iter_content`, with the
+        same caveats.
+
         .. note:: This method is not reentrant safe.
         """"""
 ",9,0,"@@ -811,8 +811,10 @@ def iter_content(self, chunk_size=1, decode_unicode=False): chunks are received. If stream=False, data is returned as a single chunk. If decode_unicode is True, content will be decoded using the best available encoding based on the response. If decode_unicode is True, content will be decoded using encoding information from the response. If no encoding information is available, bytes will be returned. This can be bypassed by manually setting `encoding` on the response.",1,1,0,0,0,493
psf/requests,a044b020dea43230585126901684a0f30ec635a8,Move DigestAuth hash algorithms to use usedforsecurity=False (#7310),src/requests/auth.py,"@@ -145,31 +145,31 @@ def build_digest_header(self, method, url):
             def md5_utf8(x):
                 if isinstance(x, str):
                     x = x.encode(""utf-8"")
-                return hashlib.md5(x).hexdigest()
+                return hashlib.md5(x, usedforsecurity=False).hexdigest()
 
             hash_utf8 = md5_utf8
         elif _algorithm == ""SHA"":
 
             def sha_utf8(x):
                 if isinstance(x, str):
                     x = x.encode(""utf-8"")
-                return hashlib.sha1(x).hexdigest()
+                return hashlib.sha1(x, usedforsecurity=False).hexdigest()
 
             hash_utf8 = sha_utf8
         elif _algorithm == ""SHA-256"":
 
             def sha256_utf8(x):
                 if isinstance(x, str):
                     x = x.encode(""utf-8"")
-                return hashlib.sha256(x).hexdigest()
+                return hashlib.sha256(x, usedforsecurity=False).hexdigest()
 
             hash_utf8 = sha256_utf8
         elif _algorithm == ""SHA-512"":
 
             def sha512_utf8(x):
                 if isinstance(x, str):
                     x = x.encode(""utf-8"")
-                return hashlib.sha512(x).hexdigest()
+                return hashlib.sha512(x, usedforsecurity=False).hexdigest()
 
             hash_utf8 = sha512_utf8
 
@@ -202,7 +202,7 @@ def sha512_utf8(x):
         s += time.ctime().encode(""utf-8"")
         s += os.urandom(8)
 
-        cnonce = hashlib.sha1(s).hexdigest()[:16]
+        cnonce = hashlib.sha1(s, usedforsecurity=False).hexdigest()[:16]
         if _algorithm == ""MD5-SESS"":
             HA1 = hash_utf8(f""{HA1}:{nonce}:{cnonce}"")
 ",10,0,"@@ -145,31 +145,31 @@ def build_digest_header(self, method, url): def md5_utf8(x): if isinstance(x, str): x = x.encode(""utf-8"") return hashlib.md5(x).hexdigest() return hashlib.md5(x, usedforsecurity=False).hexdigest() hash_utf8 = md5_utf8 elif _algorithm == ""SHA"": def sha_utf8(x): if isinstance(x, str): x = x.encode(""utf-8"") return hashlib.sha1(x).hexdigest() return hashlib.sha1(x, usedforsecurity=False).hexdigest() hash_utf8 = sha_utf8 elif _algorithm == ""SHA-256"": def sha256_utf8(x): if isinstance(x, str): x = x.encode(""utf-8"") return hashlib.sha256(x).hexdigest() return hashlib.sha256(x, usedforsecurity=False).hexdigest() hash_utf8 = sha256_utf8 elif _algorithm == ""SHA-512"": def sha512_utf8(x): if isinstance(x, str): x = x.encode(""utf-8"") return hashlib.sha512(x).hexdigest() return hashlib.sha512(x, usedforsecurity=False).hexdigest() hash_utf8 = sha512_utf8 @@ -202,7 +202,7 @@ def sha512_utf8(x): s += time.ctime().encode(""utf-8"") s += os.urandom(8) cnonce = hashlib.sha1(s).hexdigest()[:16] cnonce = hashlib.sha1(s, usedforsecurity=False).hexdigest()[:16] if _algorithm == ""MD5-SESS"": HA1 = hash_utf8(f""{HA1}:{nonce}:{cnonce}"")",1,6,0,8,0,1145
psf/requests,185f587a78e2d2df31ae8af8c95d97a012213df7,Cleanup docs and add i18n wrappers (#7354),docs/conf.py,"@@ -54,11 +54,11 @@
 # source_encoding = 'utf-8-sig'
 
 # The master toctree document.
-master_doc = ""index""
+root_doc = ""index""
 
 # General information about the project.
 project = u""Requests""
-copyright = u'MMXVIX. A Kenneth Reitz Project'
+copyright = u""Kenneth Reitz and contributors""
 author = u""Kenneth Reitz""
 
 # The version info for the project you're documenting, acts as replacement for
@@ -126,7 +126,7 @@
 # documentation.
 html_theme_options = {
     ""show_powered_by"": False,
-    ""github_user"": ""requests"",
+    ""github_user"": ""psf"",
     ""github_repo"": ""requests"",
     ""github_banner"": True,
     ""show_related"": False,
@@ -172,14 +172,13 @@
 
 # Custom sidebar templates, maps document names to template names.
 html_sidebars = {
-    ""index"": [""sidebarintro.html"", ""sourcelink.html"", ""searchbox.html"", ""hacks.html""],
+    ""index"": [""sidebar.html"", ""sourcelink.html"", ""searchbox.html""],
     ""**"": [
-        ""sidebarlogo.html"",
+        ""sidebar.html"",
         ""localtoc.html"",
         ""relations.html"",
         ""sourcelink.html"",
         ""searchbox.html"",
-        ""hacks.html"",
     ],
 }
 
@@ -247,7 +246,7 @@
 # (source start file, target name, title,
 #  author, documentclass [howto, manual, or own class]).
 latex_documents = [
-    (master_doc, ""Requests.tex"", u""Requests Documentation"", u""Kenneth Reitz"", ""manual"")
+    (root_doc, ""Requests.tex"", u""Requests Documentation"", u""Kenneth Reitz"", ""manual"")
 ]
 
 # The name of an image file (relative to this directory) to place at the top of
@@ -275,7 +274,7 @@
 
 # One entry per manual page. List of tuples
 # (source start file, name, description, authors, manual section).
-man_pages = [(master_doc, ""requests"", u""Requests Documentation"", [author], 1)]
+man_pages = [(root_doc, ""requests"", u""Requests Documentation"", [author], 1)]
 
 # If true, show URL addresses after external links.
 # man_show_urls = False
@@ -288,7 +287,7 @@
 #  dir menu entry, description, category)
 texinfo_documents = [
     (
-        master_doc,
+        root_doc,
         ""Requests"",
         u""Requests Documentation"",
         author,",17,0,"@@ -54,11 +54,11 @@ master_doc = ""index"" root_doc = ""index"" project = u""Requests"" copyright = u'MMXVIX. A Kenneth Reitz Project' copyright = u""Kenneth Reitz and contributors"" author = u""Kenneth Reitz"" @@ -126,7 +126,7 @@ html_theme_options = { ""show_powered_by"": False, ""github_user"": ""requests"", ""github_user"": ""psf"", ""github_repo"": ""requests"", ""github_banner"": True, ""show_related"": False, @@ -172,14 +172,13 @@ html_sidebars = { ""index"": [""sidebarintro.html"", ""sourcelink.html"", ""searchbox.html"", ""hacks.html""], ""index"": [""sidebar.html"", ""sourcelink.html"", ""searchbox.html""], ""**"": [ ""sidebarlogo.html"", ""sidebar.html"", ""localtoc.html"", ""relations.html"", ""sourcelink.html"", ""searchbox.html"", ""hacks.html"", ], } @@ -247,7 +246,7 @@ latex_documents = [ (master_doc, ""Requests.tex"", u""Requests Documentation"", u""Kenneth Reitz"", ""manual"") (root_doc, ""Requests.tex"", u""Requests Documentation"", u""Kenneth Reitz"", ""manual"") ] @@ -275,7 +274,7 @@ man_pages = [(master_doc, ""requests"", u""Requests Documentation"", [author], 1)] man_pages = [(root_doc, ""requests"", u""Requests Documentation"", [author], 1)] @@ -288,7 +287,7 @@ texinfo_documents = [ ( master_doc, root_doc, ""Requests"", u""Requests Documentation"", author,",1,0,0,0,0,1210
psf/requests,ef439eb779c1eba7cbdeeeb302b11e1e061b4b7d,Prevent Response self-reference in redirect history (#7328),src/requests/sessions.py,"@@ -179,9 +179,8 @@ def resolve_redirects(
             prepared_request = req.copy()
 
             # Update history and keep track of redirects.
-            # resp.history must ignore the original request in this loop
+            resp.history = hist[:]
             hist.append(resp)
-            resp.history = hist[1:]
 
             try:
                 resp.content  # Consume socket so it can be released",3,0,"@@ -179,9 +179,8 @@ def resolve_redirects( prepared_request = req.copy() resp.history = hist[:] hist.append(resp) resp.history = hist[1:] try: resp.content",1,1,0,0,1,155
psf/requests,ef439eb779c1eba7cbdeeeb302b11e1e061b4b7d,Prevent Response self-reference in redirect history (#7328),tests/test_requests.py,"@@ -217,6 +217,14 @@ def test_HTTP_302_ALLOW_REDIRECT_GET(self, httpbin):
         assert r.history[0].status_code == 302
         assert r.history[0].is_redirect
 
+    def test_redirect_history_no_self_reference(self, httpbin):
+        r = requests.get(httpbin(""redirect"", ""3""))
+        assert r.status_code == 200
+        assert len(r.history) == 3
+        for i, resp in enumerate(r.history):
+            assert resp not in resp.history
+            assert resp.history == r.history[:i]
+
     def test_HTTP_307_ALLOW_REDIRECT_POST(self, httpbin):
         r = requests.post(
             httpbin(""redirect-to""),",8,0,"@@ -217,6 +217,14 @@ def test_HTTP_302_ALLOW_REDIRECT_GET(self, httpbin): assert r.history[0].status_code == 302 assert r.history[0].is_redirect def test_redirect_history_no_self_reference(self, httpbin): r = requests.get(httpbin(""redirect"", ""3"")) assert r.status_code == 200 assert len(r.history) == 3 for i, resp in enumerate(r.history): assert resp not in resp.history assert resp.history == r.history[:i] def test_HTTP_307_ALLOW_REDIRECT_POST(self, httpbin): r = requests.post( httpbin(""redirect-to""),",1,3,1,0,0,505
psf/requests,111d2b77790bf49943c0dfa09b365371c24aec7e,v2.33.1,src/requests/__version__.py,"@@ -5,8 +5,8 @@
 __title__ = ""requests""
 __description__ = ""Python HTTP for Humans.""
 __url__ = ""https://requests.readthedocs.io""
-__version__ = ""2.33.0""
-__build__ = 0x023300
+__version__ = ""2.33.1""
+__build__ = 0x023301
 __author__ = ""Kenneth Reitz""
 __author_email__ = ""me@kennethreitz.org""
 __license__ = ""Apache-2.0""",4,0,"@@ -5,8 +5,8 @@ __title__ = ""requests"" __description__ = ""Python HTTP for Humans."" __url__ = ""https://requests.readthedocs.io"" __version__ = ""2.33.0"" __build__ = 0x023300 __version__ = ""2.33.1"" __build__ = 0x023301 __author__ = ""Kenneth Reitz"" __author_email__ = ""me@kennethreitz.org"" __license__ = ""Apache-2.0""",1,0,1,0,0,311
psf/requests,f0198e6dfc431a2293dc16e1b1e8fcddc910a7f3,Fix malformed value parsing for Content-Type (#7309),src/requests/utils.py,"@@ -502,26 +502,23 @@ def get_encodings_from_content(content):
 
 
 def _parse_content_type_header(header):
-    """"""Returns content type and parameters from given header
+    """"""Returns content type and parameters from given header.
 
     :param header: string
     :return: tuple containing content type and dictionary of
-         parameters
+         parameters.
     """"""
 
     tokens = header.split("";"")
     content_type, params = tokens[0].strip(), tokens[1:]
     params_dict = {}
-    items_to_strip = ""\""' ""
+    strip_chars = ""\""' ""
 
     for param in params:
         param = param.strip()
-        if param:
-            key, value = param, True
-            index_of_equals = param.find(""="")
-            if index_of_equals != -1:
-                key = param[:index_of_equals].strip(items_to_strip)
-                value = param[index_of_equals + 1 :].strip(items_to_strip)
+        if param and (idx := param.find(""="")) != -1:
+            key = param[:idx].strip(strip_chars)
+            value = param[idx + 1 :].strip(strip_chars)
             params_dict[key.lower()] = value
     return content_type, params_dict
 ",15,1,"@@ -502,26 +502,23 @@ def get_encodings_from_content(content): def _parse_content_type_header(header): Returns content type and parameters from given header. :param header: string :return: tuple containing content type and dictionary of parameters parameters. """""" tokens = header.split("";"") content_type, params = tokens[0].strip(), tokens[1:] params_dict = {} items_to_strip = ""\""' "" strip_chars = ""\""' "" for param in params: param = param.strip() if param: key, value = param, True index_of_equals = param.find(""="") if index_of_equals != -1: key = param[:index_of_equals].strip(items_to_strip) value = param[index_of_equals + 1 :].strip(items_to_strip) if param and (idx := param.find(""="")) != -1: key = param[:idx].strip(strip_chars) value = param[idx + 1 :].strip(strip_chars) params_dict[key.lower()] = value return content_type, params_dict",1,2,1,3,0,846
psf/requests,f0198e6dfc431a2293dc16e1b1e8fcddc910a7f3,Fix malformed value parsing for Content-Type (#7309),tests/test_utils.py,"@@ -596,7 +596,6 @@ def test_parse_dict_header(value, expected):
                 {
                     ""boundary"": ""something"",
                     ""boundary2"": ""something_else"",
-                    ""no_equals"": True,
                 },
             ),
         ),
@@ -607,7 +606,6 @@ def test_parse_dict_header(value, expected):
                 {
                     ""boundary"": ""something"",
                     ""boundary2"": ""something_else"",
-                    ""no_equals"": True,
                 },
             ),
         ),
@@ -618,7 +616,6 @@ def test_parse_dict_header(value, expected):
                 {
                     ""boundary"": ""something"",
                     ""boundary2"": ""something_else"",
-                    ""no_equals"": True,
                 },
             ),
         ),
@@ -629,7 +626,6 @@ def test_parse_dict_header(value, expected):
                 {
                     ""boundary"": ""something"",
                     ""boundary2"": ""something_else"",
-                    ""no_equals"": True,
                 },
             ),
         ),
@@ -649,6 +645,10 @@ def test__parse_content_type_header(value, expected):
             ""utf-8"",
         ),
         (CaseInsensitiveDict({""content-type"": ""text/plain""}), ""ISO-8859-1""),
+        (
+            CaseInsensitiveDict({""content-type"": ""text/html; charset""}),
+            ""ISO-8859-1"",
+        ),
     ),
 )
 def test_get_encoding_from_headers(value, expected):",8,1,"@@ -596,7 +596,6 @@ def test_parse_dict_header(value, expected): { ""boundary"": ""something"", ""boundary2"": ""something_else"", ""no_equals"": True, }, ), ), @@ -607,7 +606,6 @@ def test_parse_dict_header(value, expected): { ""boundary"": ""something"", ""boundary2"": ""something_else"", ""no_equals"": True, }, ), ), @@ -618,7 +616,6 @@ def test_parse_dict_header(value, expected): { ""boundary"": ""something"", ""boundary2"": ""something_else"", ""no_equals"": True, }, ), ), @@ -629,7 +626,6 @@ def test_parse_dict_header(value, expected): { ""boundary"": ""something"", ""boundary2"": ""something_else"", ""no_equals"": True, }, ), ), @@ -649,6 +645,10 @@ def test__parse_content_type_header(value, expected): ""utf-8"", ), (CaseInsensitiveDict({""content-type"": ""text/plain""}), ""ISO-8859-1""), ( CaseInsensitiveDict({""content-type"": ""text/html; charset""}), ""ISO-8859-1"", ), ), ) def test_get_encoding_from_headers(value, expected):",1,6,0,0,0,897
psf/requests,bc7dd0fc4d56e808bcdd85ac2d797b3107c89259,Fix cosmetic header validity parsing regex (#7308),src/requests/_internal_utils.py,"@@ -10,10 +10,10 @@
 
 from .compat import builtin_str
 
-_VALID_HEADER_NAME_RE_BYTE = re.compile(rb""^[^:\s][^:\r\n]*$"")
-_VALID_HEADER_NAME_RE_STR = re.compile(r""^[^:\s][^:\r\n]*$"")
-_VALID_HEADER_VALUE_RE_BYTE = re.compile(rb""^\S[^\r\n]*$|^$"")
-_VALID_HEADER_VALUE_RE_STR = re.compile(r""^\S[^\r\n]*$|^$"")
+_VALID_HEADER_NAME_RE_BYTE = re.compile(rb""^[^:\s][^:\r\n]*\Z"")
+_VALID_HEADER_NAME_RE_STR = re.compile(r""^[^:\s][^:\r\n]*\Z"")
+_VALID_HEADER_VALUE_RE_BYTE = re.compile(rb""^\S[^\r\n]*\Z|^\Z"")
+_VALID_HEADER_VALUE_RE_STR = re.compile(r""^\S[^\r\n]*\Z|^\Z"")
 
 _HEADER_VALIDATORS_STR = (_VALID_HEADER_NAME_RE_STR, _VALID_HEADER_VALUE_RE_STR)
 _HEADER_VALIDATORS_BYTE = (_VALID_HEADER_NAME_RE_BYTE, _VALID_HEADER_VALUE_RE_BYTE)",8,1,"@@ -10,10 +10,10 @@ from .compat import builtin_str _VALID_HEADER_NAME_RE_BYTE = re.compile(rb""^[^:\s][^:\r\n]*$"") _VALID_HEADER_NAME_RE_STR = re.compile(r""^[^:\s][^:\r\n]*$"") _VALID_HEADER_VALUE_RE_BYTE = re.compile(rb""^\S[^\r\n]*$|^$"") _VALID_HEADER_VALUE_RE_STR = re.compile(r""^\S[^\r\n]*$|^$"") _VALID_HEADER_NAME_RE_BYTE = re.compile(rb""^[^:\s][^:\r\n]*\Z"") _VALID_HEADER_NAME_RE_STR = re.compile(r""^[^:\s][^:\r\n]*\Z"") _VALID_HEADER_VALUE_RE_BYTE = re.compile(rb""^\S[^\r\n]*\Z|^\Z"") _VALID_HEADER_VALUE_RE_STR = re.compile(r""^\S[^\r\n]*\Z|^\Z"") _HEADER_VALIDATORS_STR = (_VALID_HEADER_NAME_RE_STR, _VALID_HEADER_VALUE_RE_STR) _HEADER_VALIDATORS_BYTE = (_VALID_HEADER_NAME_RE_BYTE, _VALID_HEADER_VALUE_RE_BYTE)",1,0,0,0,0,714
psf/requests,bc7dd0fc4d56e808bcdd85ac2d797b3107c89259,Fix cosmetic header validity parsing regex (#7308),tests/test_requests.py,"@@ -1791,6 +1791,11 @@ def test_header_value_not_str(self, httpbin, invalid_header, key):
             {""fo\r\no"": ""bar""},
             {""fo\n\ro"": ""bar""},
             {""fo\no"": ""bar""},
+            {""foo"": ""bar\n""},
+            {""foo\n"": ""bar""},
+            {""foo"": ""bar\r\n""},
+            {""foo"": ""\n""},
+            {""foo"": ""\r\n""},
         ),
     )
     def test_header_no_return_chars(self, httpbin, invalid_header):",5,1,"@@ -1791,6 +1791,11 @@ def test_header_value_not_str(self, httpbin, invalid_header, key): {""fo\r\no"": ""bar""}, {""fo\n\ro"": ""bar""}, {""fo\no"": ""bar""}, {""foo"": ""bar\n""}, {""foo\n"": ""bar""}, {""foo"": ""bar\r\n""}, {""foo"": ""\n""}, {""foo"": ""\r\n""}, ), ) def test_header_no_return_chars(self, httpbin, invalid_header):",1,2,0,0,0,304
psf/requests,389eea58dfb2f2ee096421a812e3af29c0298951,Cleanup extracted file after extract_zipped_path test (#7305),tests/test_utils.py,"@@ -361,9 +361,12 @@ def test_zipped_paths_extracted(self, tmpdir):
         zipped_path = os.path.join(zipped_py.strpath, name.lstrip(r""\/""))
         extracted_path = extract_zipped_paths(zipped_path)
 
-        assert extracted_path != zipped_path
-        assert os.path.exists(extracted_path)
-        assert filecmp.cmp(extracted_path, __file__)
+        try:
+            assert extracted_path != zipped_path
+            assert os.path.exists(extracted_path)
+            assert filecmp.cmp(extracted_path, __file__)
+        finally:
+            os.remove(extracted_path)
 
     def test_invalid_unc_path(self):
         path = r""\\localhost\invalid\location""",9,0,"@@ -361,9 +361,12 @@ def test_zipped_paths_extracted(self, tmpdir): zipped_path = os.path.join(zipped_py.strpath, name.lstrip(r""\/"")) extracted_path = extract_zipped_paths(zipped_path) assert extracted_path != zipped_path assert os.path.exists(extracted_path) assert filecmp.cmp(extracted_path, __file__) try: assert extracted_path != zipped_path assert os.path.exists(extracted_path) assert filecmp.cmp(extracted_path, __file__) finally: os.remove(extracted_path) def test_invalid_unc_path(self): path = r""\\localhost\invalid\location""",1,2,0,0,1,536
psf/requests,bc04dfd6dad4cb02cd92f5daa81eb562d280a761,v2.33.0,src/requests/__version__.py,"@@ -5,7 +5,7 @@
 __title__ = ""requests""
 __description__ = ""Python HTTP for Humans.""
 __url__ = ""https://requests.readthedocs.io""
-__version__ = ""2.33.0.dev1""
+__version__ = ""2.33.0""
 __build__ = 0x023300
 __author__ = ""Kenneth Reitz""
 __author_email__ = ""me@kennethreitz.org""",2,0,"@@ -5,7 +5,7 @@ __title__ = ""requests"" __description__ = ""Python HTTP for Humans."" __url__ = ""https://requests.readthedocs.io"" __version__ = ""2.33.0.dev1"" __version__ = ""2.33.0"" __build__ = 0x023300 __author__ = ""Kenneth Reitz"" __author_email__ = ""me@kennethreitz.org""",1,0,1,0,0,268
psf/requests,66d21cb07bd6255b1280291c4fafb71803cdb3b7,Merge commit from fork,src/requests/utils.py,"@@ -282,12 +282,13 @@ def extract_zipped_paths(path):
         return path
 
     # we have a valid zip archive and a valid member of that archive
-    tmp = tempfile.gettempdir()
-    extracted_path = os.path.join(tmp, member.split(""/"")[-1])
-    if not os.path.exists(extracted_path):
-        # use read + write to avoid the creating nested folders, we only want the file, avoids mkdir racing condition
-        with atomic_open(extracted_path) as file_handler:
-            file_handler.write(zip_file.read(member))
+    suffix = os.path.splitext(member.split(""/"")[-1])[-1]
+    fd, extracted_path = tempfile.mkstemp(suffix=suffix)
+    try:
+        os.write(fd, zip_file.read(member))
+    finally:
+        os.close(fd)
+
     return extracted_path
 
 ",13,0,"@@ -282,12 +282,13 @@ def extract_zipped_paths(path): return path tmp = tempfile.gettempdir() extracted_path = os.path.join(tmp, member.split(""/"")[-1]) if not os.path.exists(extracted_path): with atomic_open(extracted_path) as file_handler: file_handler.write(zip_file.read(member)) suffix = os.path.splitext(member.split(""/"")[-1])[-1] fd, extracted_path = tempfile.mkstemp(suffix=suffix) try: os.write(fd, zip_file.read(member)) finally: os.close(fd) return extracted_path",1,1,0,1,1,473
psf/requests,e331a288f369973f5de0ec8901c94cae4fa87286,Remove unused extraction call (#7292),src/requests/adapters.py,"@@ -49,7 +49,6 @@
 from .structures import CaseInsensitiveDict
 from .utils import (
     DEFAULT_CA_BUNDLE_PATH,
-    extract_zipped_paths,
     get_auth_from_url,
     get_encoding_from_headers,
     prepend_scheme_if_needed,
@@ -299,7 +298,7 @@ def cert_verify(self, conn, url, verify, cert):
                 cert_loc = verify
 
             if not cert_loc:
-                cert_loc = extract_zipped_paths(DEFAULT_CA_BUNDLE_PATH)
+                cert_loc = DEFAULT_CA_BUNDLE_PATH
 
             if not cert_loc or not os.path.exists(cert_loc):
                 raise OSError(",3,0,"@@ -49,7 +49,6 @@ from .structures import CaseInsensitiveDict from .utils import ( DEFAULT_CA_BUNDLE_PATH, extract_zipped_paths, get_auth_from_url, get_encoding_from_headers, prepend_scheme_if_needed, @@ -299,7 +298,7 @@ def cert_verify(self, conn, url, verify, cert): cert_loc = verify if not cert_loc: cert_loc = extract_zipped_paths(DEFAULT_CA_BUNDLE_PATH) cert_loc = DEFAULT_CA_BUNDLE_PATH if not cert_loc or not os.path.exists(cert_loc): raise OSError(",1,1,0,2,0,457
psf/requests,e331a288f369973f5de0ec8901c94cae4fa87286,Remove unused extraction call (#7292),src/requests/utils.py,"@@ -59,6 +59,7 @@
 
 NETRC_FILES = ("".netrc"", ""_netrc"")
 
+# Certificate is extracted by certifi when needed.
 DEFAULT_CA_BUNDLE_PATH = certs.where()
 
 DEFAULT_PORTS = {""http"": 80, ""https"": 443}",1,0,"@@ -59,6 +59,7 @@ NETRC_FILES = ("".netrc"", ""_netrc"") DEFAULT_CA_BUNDLE_PATH = certs.where() DEFAULT_PORTS = {""http"": 80, ""https"": 443}",1,0,0,0,0,134
pallets/flask,258d68b6ff5e2244386540f48b48bab90d6ab827,Merge branch 'stable',tests/test_reqctx.py,"@@ -275,31 +275,3 @@ def get_dynamic_cookie():
     # cookies are being used for the urls that end with ""dynamic cookie""
     assert test_client.get(""/get"").data == b""42""
     assert test_client.get(""/get_dynamic_cookie"").data == b""616""
-
-
-def test_bad_environ_raises_bad_request():
-    app = flask.Flask(__name__)
-
-    from flask.testing import EnvironBuilder
-
-    builder = EnvironBuilder(app)
-    environ = builder.get_environ()
-
-    # use a non-printable character in the Host - this is key to this test
-    environ[""HTTP_HOST""] = ""\x8a""
-
-    with app.request_context(environ) as ctx:
-        response = app.full_dispatch_request(ctx)
-
-    assert response.status_code == 400
-
-
-def test_normal_environ_completes():
-    app = flask.Flask(__name__)
-
-    @app.route(""/"")
-    def index():
-        return ""Hello World!""
-
-    response = app.test_client().get(""/"", headers={""host"": ""xn--on-0ia.com""})
-    assert response.status_code == 200",28,0,"@@ -275,31 +275,3 @@ def get_dynamic_cookie(): assert test_client.get(""/get"").data == b""42"" assert test_client.get(""/get_dynamic_cookie"").data == b""616"" def test_bad_environ_raises_bad_request(): app = flask.Flask(__name__) from flask.testing import EnvironBuilder builder = EnvironBuilder(app) environ = builder.get_environ() environ[""HTTP_HOST""] = ""\x8a"" with app.request_context(environ) as ctx: response = app.full_dispatch_request(ctx) assert response.status_code == 400 def test_normal_environ_completes(): app = flask.Flask(__name__) @app.route(""/"") def index(): return ""Hello World!"" response = app.test_client().get(""/"", headers={""host"": ""xn--on-0ia.com""}) assert response.status_code == 200",1,4,0,0,0,700
pallets/flask,a31e6b73469cb2bf7eb8f70b5ff21f710fd2e23c,remove werkzeug host tests,tests/test_reqctx.py,"@@ -275,51 +275,3 @@ def get_dynamic_cookie():
     # cookies are being used for the urls that end with ""dynamic cookie""
     assert test_client.get(""/get"").data == b""42""
     assert test_client.get(""/get_dynamic_cookie"").data == b""616""
-
-
-def test_bad_environ_raises_bad_request():
-    app = flask.Flask(__name__)
-
-    from flask.testing import EnvironBuilder
-
-    builder = EnvironBuilder(app)
-    environ = builder.get_environ()
-
-    # use a non-printable character in the Host - this is key to this test
-    environ[""HTTP_HOST""] = ""\x8a""
-
-    with app.request_context(environ):
-        response = app.full_dispatch_request()
-    assert response.status_code == 400
-
-
-def test_environ_for_valid_idna_completes():
-    app = flask.Flask(__name__)
-
-    @app.route(""/"")
-    def index():
-        return ""Hello World!""
-
-    from flask.testing import EnvironBuilder
-
-    builder = EnvironBuilder(app)
-    environ = builder.get_environ()
-
-    # these characters are all IDNA-compatible
-    environ[""HTTP_HOST""] = ""ąśźäüжŠßя.com""
-
-    with app.request_context(environ):
-        response = app.full_dispatch_request()
-
-    assert response.status_code == 200
-
-
-def test_normal_environ_completes():
-    app = flask.Flask(__name__)
-
-    @app.route(""/"")
-    def index():
-        return ""Hello World!""
-
-    response = app.test_client().get(""/"", headers={""host"": ""xn--on-0ia.com""})
-    assert response.status_code == 200",48,0,"@@ -275,51 +275,3 @@ def get_dynamic_cookie(): assert test_client.get(""/get"").data == b""42"" assert test_client.get(""/get_dynamic_cookie"").data == b""616"" def test_bad_environ_raises_bad_request(): app = flask.Flask(__name__) from flask.testing import EnvironBuilder builder = EnvironBuilder(app) environ = builder.get_environ() environ[""HTTP_HOST""] = ""\x8a"" with app.request_context(environ): response = app.full_dispatch_request() assert response.status_code == 400 def test_environ_for_valid_idna_completes(): app = flask.Flask(__name__) @app.route(""/"") def index(): return ""Hello World!"" from flask.testing import EnvironBuilder builder = EnvironBuilder(app) environ = builder.get_environ() environ[""HTTP_HOST""] = ""ąśźäüжŠßя.com"" with app.request_context(environ): response = app.full_dispatch_request() assert response.status_code == 200 def test_normal_environ_completes(): app = flask.Flask(__name__) @app.route(""/"") def index(): return ""Hello World!"" response = app.test_client().get(""/"", headers={""host"": ""xn--on-0ia.com""}) assert response.status_code == 200",1,6,0,0,0,1065
pallets/flask,7ef2946fb5151b745df30201b8c27790cac53875,remove unicode host test (#5962),tests/test_reqctx.py,"@@ -294,27 +294,6 @@ def test_bad_environ_raises_bad_request():
     assert response.status_code == 400
 
 
-def test_environ_for_valid_idna_completes():
-    app = flask.Flask(__name__)
-
-    @app.route(""/"")
-    def index():
-        return ""Hello World!""
-
-    from flask.testing import EnvironBuilder
-
-    builder = EnvironBuilder(app)
-    environ = builder.get_environ()
-
-    # these characters are all IDNA-compatible
-    environ[""HTTP_HOST""] = ""ąśźäüжŠßя.com""
-
-    with app.request_context(environ) as ctx:
-        response = app.full_dispatch_request(ctx)
-
-    assert response.status_code == 200
-
-
 def test_normal_environ_completes():
     app = flask.Flask(__name__)
 ",21,0,"@@ -294,27 +294,6 @@ def test_bad_environ_raises_bad_request(): assert response.status_code == 400 def test_environ_for_valid_idna_completes(): app = flask.Flask(__name__) @app.route(""/"") def index(): return ""Hello World!"" from flask.testing import EnvironBuilder builder = EnvironBuilder(app) environ = builder.get_environ() environ[""HTTP_HOST""] = ""ąśźäüжŠßя.com"" with app.request_context(environ) as ctx: response = app.full_dispatch_request(ctx) assert response.status_code == 200 def test_normal_environ_completes(): app = flask.Flask(__name__)",1,4,0,0,0,548
pallets/flask,91c6b3fecf36b1f04554e57cc4060ccb737a445d,remove unicode host test,tests/test_reqctx.py,"@@ -294,27 +294,6 @@ def test_bad_environ_raises_bad_request():
     assert response.status_code == 400
 
 
-def test_environ_for_valid_idna_completes():
-    app = flask.Flask(__name__)
-
-    @app.route(""/"")
-    def index():
-        return ""Hello World!""
-
-    from flask.testing import EnvironBuilder
-
-    builder = EnvironBuilder(app)
-    environ = builder.get_environ()
-
-    # these characters are all IDNA-compatible
-    environ[""HTTP_HOST""] = ""ąśźäüжŠßя.com""
-
-    with app.request_context(environ) as ctx:
-        response = app.full_dispatch_request(ctx)
-
-    assert response.status_code == 200
-
-
 def test_normal_environ_completes():
     app = flask.Flask(__name__)
 ",21,0,"@@ -294,27 +294,6 @@ def test_bad_environ_raises_bad_request(): assert response.status_code == 400 def test_environ_for_valid_idna_completes(): app = flask.Flask(__name__) @app.route(""/"") def index(): return ""Hello World!"" from flask.testing import EnvironBuilder builder = EnvironBuilder(app) environ = builder.get_environ() environ[""HTTP_HOST""] = ""ąśźäüжŠßя.com"" with app.request_context(environ) as ctx: response = app.full_dispatch_request(ctx) assert response.status_code == 200 def test_normal_environ_completes(): app = flask.Flask(__name__)",1,4,0,0,0,548
pallets/flask,3a9d54f3da1de540adfdf6f1e2dea6fc0006e15d,Merge branch 'stable',src/flask/helpers.py,"@@ -68,6 +68,18 @@ def stream_with_context(
     available, even though at the point the generator runs the request context
     will typically have ended.
 
+    .. warning::
+
+        Due to the following caveat, it is often safer to pass the data you
+        need as arguments to the generator, rather than relying on the context
+        objects.
+
+    More headers cannot be sent after the body has begun. Therefore, you must
+    make sure all headers are set before starting the response. In particular,
+    if the generator will access ``session``, be sure to do so in the view as
+    well so that the ``Vary: cookie`` header will be set. Do not modify the
+    session in the generator, as the ``Set-Cookie`` header will already be sent.
+
     Use it as a decorator on a generator function:
 
     .. code-block:: python",12,0,"@@ -68,6 +68,18 @@ def stream_with_context( available, even though at the point the generator runs the request context will typically have ended. .. warning:: Due to the following caveat, it is often safer to pass the data you need as arguments to the generator, rather than relying on the context objects. More headers cannot be sent after the body has begun. Therefore, you must make sure all headers are set before starting the response. In particular, if the generator will access ``session``, be sure to do so in the view as well so that the ``Vary: cookie`` header will be set. Do not modify the session in the generator, as the ``Set-Cookie`` header will already be sent. Use it as a decorator on a generator function: .. code-block:: python",1,1,0,1,0,748
pallets/flask,a29f88ce6f2f9843bd6fcbbfce1390a2071965d6,document that headers must be set before streaming,src/flask/ctx.py,"@@ -153,13 +153,27 @@ def add_header(response):
 
 
 def copy_current_request_context(f: F) -> F:
-    """"""A helper function that decorates a function to retain the current
-    request context.  This is useful when working with greenlets.  The moment
-    the function is decorated a copy of the request context is created and
-    then pushed when the function is called.  The current session is also
-    included in the copied request context.
+    """"""Decorate a function to run inside the current request context. This can
+    be used when starting a background task, otherwise it will not see the app
+    and request objects that were active in the parent.
 
-    Example::
+    .. warning::
+
+        Due to the following caveats, it is often safer (and simpler) to pass
+        the data you need when starting the task, rather than using this and
+        relying on the context objects.
+
+    In order to avoid execution switching partially though reading data, either
+    read the request body (access ``form``, ``json``, ``data``, etc) before
+    starting the task, or use a lock. This can be an issue when using threading,
+    but shouldn't be an issue when using greenlet/gevent or asyncio.
+
+    If the task will access ``session``, be sure to do so in the parent as well
+    so that the ``Vary: cookie`` header will be set. Modifying ``session`` in
+    the task should be avoided, as it may execute after the response cookie has
+    already been written.
+
+    .. code-block:: python
 
         import gevent
         from flask import copy_current_request_context",26,0,"@@ -153,13 +153,27 @@ def add_header(response): def copy_current_request_context(f: F) -> F: Decorate a function to run inside the current request context. This can be used when starting a background task, otherwise it will not see the app and request objects that were active in the parent. Example:: .. warning:: Due to the following caveats, it is often safer (and simpler) to pass the data you need when starting the task, rather than using this and relying on the context objects. In order to avoid execution switching partially though reading data, either read the request body (access ``form``, ``json``, ``data``, etc) before starting the task, or use a lock. This can be an issue when using threading, but shouldn't be an issue when using greenlet/gevent or asyncio. If the task will access ``session``, be sure to do so in the parent as well so that the ``Vary: cookie`` header will be set. Modifying ``session`` in the task should be avoided, as it may execute after the response cookie has already been written. .. code-block:: python import gevent from flask import copy_current_request_context",1,2,0,0,0,1107
pallets/flask,a29f88ce6f2f9843bd6fcbbfce1390a2071965d6,document that headers must be set before streaming,src/flask/helpers.py,"@@ -68,6 +68,18 @@ def stream_with_context(
     available, even though at the point the generator runs the request context
     will typically have ended.
 
+    .. warning::
+
+        Due to the following caveat, it is often safer to pass the data you
+        need as arguments to the generator, rather than relying on the context
+        objects.
+
+    More headers cannot be sent after the body has begun. Therefore, you must
+    make sure all headers are set before starting the response. In particular,
+    if the generator will access ``session``, be sure to do so in the view as
+    well so that the ``Vary: cookie`` header will be set. Do not modify the
+    session in the generator, as the ``Set-Cookie`` header will already be sent.
+
     Use it as a decorator on a generator function:
 
     .. code-block:: python",12,0,"@@ -68,6 +68,18 @@ def stream_with_context( available, even though at the point the generator runs the request context will typically have ended. .. warning:: Due to the following caveat, it is often safer to pass the data you need as arguments to the generator, rather than relying on the context objects. More headers cannot be sent after the body has begun. Therefore, you must make sure all headers are set before starting the response. In particular, if the generator will access ``session``, be sure to do so in the view as well so that the ``Vary: cookie`` header will be set. Do not modify the session in the generator, as the ``Set-Cookie`` header will already be sent. Use it as a decorator on a generator function: .. code-block:: python",1,1,0,1,0,748
pallets/flask,c34d6e81fd8e405e6d4178bf24b364918811ef17,all teardown callbacks are called despite errors (#5928),src/flask/app.py,"@@ -36,6 +36,7 @@
 from .globals import g
 from .globals import request
 from .globals import session
+from .helpers import _CollectErrors
 from .helpers import get_debug_flag
 from .helpers import get_flashed_messages
 from .helpers import get_load_dotenv
@@ -1430,15 +1431,24 @@ def do_teardown_request(
         :param exc: An unhandled exception raised while dispatching the request.
             Passed to each teardown function.
 
+        .. versionchanged:: 3.2
+            All callbacks are called rather than stopping on the first error.
+
         .. versionchanged:: 0.9
             Added the ``exc`` argument.
         """"""
+        collect_errors = _CollectErrors()
+
         for name in chain(ctx.request.blueprints, (None,)):
             if name in self.teardown_request_funcs:
                 for func in reversed(self.teardown_request_funcs[name]):
-                    self.ensure_sync(func)(exc)
+                    with collect_errors:
+                        self.ensure_sync(func)(exc)
+
+        with collect_errors:
+            request_tearing_down.send(self, _async_wrapper=self.ensure_sync, exc=exc)
 
-        request_tearing_down.send(self, _async_wrapper=self.ensure_sync, exc=exc)
+        collect_errors.raise_any(""Errors during request teardown"")
 
     def do_teardown_appcontext(
         self, ctx: AppContext, exc: BaseException | None = None
@@ -1452,12 +1462,21 @@ def do_teardown_appcontext(
         :param exc: An unhandled exception raised while the context was active.
             Passed to each teardown function.
 
+        .. versionchanged:: 3.2
+            All callbacks are called rather than stopping on the first error.
+
         .. versionadded:: 0.9
         """"""
+        collect_errors = _CollectErrors()
+
         for func in reversed(self.teardown_appcontext_funcs):
-            self.ensure_sync(func)(exc)
+            with collect_errors:
+                self.ensure_sync(func)(exc)
+
+        with collect_errors:
+            appcontext_tearing_down.send(self, _async_wrapper=self.ensure_sync, exc=exc)
 
-        appcontext_tearing_down.send(self, _async_wrapper=self.ensure_sync, exc=exc)
+        collect_errors.raise_any(""Errors during app teardown"")
 
     def app_context(self) -> AppContext:
         """"""Create an :class:`.AppContext`. When the context is pushed,",27,1,"@@ -36,6 +36,7 @@ from .globals import g from .globals import request from .globals import session from .helpers import _CollectErrors from .helpers import get_debug_flag from .helpers import get_flashed_messages from .helpers import get_load_dotenv @@ -1430,15 +1431,24 @@ def do_teardown_request( :param exc: An unhandled exception raised while dispatching the request. Passed to each teardown function. .. versionchanged:: 3.2 All callbacks are called rather than stopping on the first error. .. versionchanged:: 0.9 Added the ``exc`` argument. collect_errors = _CollectErrors() for func in reversed(self.teardown_appcontext_funcs): self.ensure_sync(func)(exc) with collect_errors: self.ensure_sync(func)(exc) with collect_errors: appcontext_tearing_down.send(self, _async_wrapper=self.ensure_sync, exc=exc) appcontext_tearing_down.send(self, _async_wrapper=self.ensure_sync, exc=exc) collect_errors.raise_any(""Errors during app teardown"") def app_context(self) -> AppContext: """"""Create an :class:`.AppContext`. When the context is pushed,",1,2,2,0,0,1042
pallets/flask,c34d6e81fd8e405e6d4178bf24b364918811ef17,all teardown callbacks are called despite errors (#5928),src/flask/ctx.py,"@@ -10,6 +10,7 @@
 
 from . import typing as ft
 from .globals import _cv_app
+from .helpers import _CollectErrors
 from .signals import appcontext_popped
 from .signals import appcontext_pushed
 
@@ -482,16 +483,26 @@ def pop(self, exc: BaseException | None = None) -> None:
         if self._push_count > 0:
             return
 
-        try:
-            if self._request is not None:
+        collect_errors = _CollectErrors()
+
+        if self._request is not None:
+            with collect_errors:
                 self.app.do_teardown_request(self, exc)
+
+            with collect_errors:
                 self._request.close()
-        finally:
+
+        with collect_errors:
             self.app.do_teardown_appcontext(self, exc)
-            _cv_app.reset(self._cv_token)
-            self._cv_token = None
+
+        _cv_app.reset(self._cv_token)
+        self._cv_token = None
+
+        with collect_errors:
             appcontext_popped.send(self.app, _async_wrapper=self.app.ensure_sync)
 
+        collect_errors.raise_any(""Errors during context teardown"")
+
     def __enter__(self) -> te.Self:
         self.push()
         return self",21,1,"@@ -10,6 +10,7 @@ from . import typing as ft from .globals import _cv_app from .helpers import _CollectErrors from .signals import appcontext_popped from .signals import appcontext_pushed @@ -482,16 +483,26 @@ def pop(self, exc: BaseException | None = None) -> None: if self._push_count > 0: return try: if self._request is not None: collect_errors = _CollectErrors() if self._request is not None: with collect_errors: self.app.do_teardown_request(self, exc) with collect_errors: self._request.close() finally: with collect_errors: self.app.do_teardown_appcontext(self, exc) _cv_app.reset(self._cv_token) self._cv_token = None _cv_app.reset(self._cv_token) self._cv_token = None with collect_errors: appcontext_popped.send(self.app, _async_wrapper=self.app.ensure_sync) collect_errors.raise_any(""Errors during context teardown"") def __enter__(self) -> te.Self: self.push() return self",1,2,0,3,1,884
pallets/flask,c34d6e81fd8e405e6d4178bf24b364918811ef17,all teardown callbacks are called despite errors (#5928),src/flask/helpers.py,"@@ -7,6 +7,7 @@
 from datetime import datetime
 from functools import cache
 from functools import update_wrapper
+from types import TracebackType
 
 import werkzeug.utils
 from werkzeug.exceptions import abort as _wz_abort
@@ -636,3 +637,34 @@ def _split_blueprint_path(name: str) -> list[str]:
         out.extend(_split_blueprint_path(name.rpartition(""."")[0]))
 
     return out
+
+
+class _CollectErrors:
+    """"""A context manager that records and silences an error raised within it.
+    Used to run all teardown functions, then raise any errors afterward.
+    """"""
+
+    def __init__(self) -> None:
+        self.errors: list[BaseException] = []
+
+    def __enter__(self) -> None:
+        pass
+
+    def __exit__(
+        self,
+        exc_type: type[BaseException] | None,
+        exc_val: BaseException | None,
+        exc_tb: TracebackType | None,
+    ) -> bool:
+        if exc_val is not None:
+            self.errors.append(exc_val)
+
+        return True
+
+    def raise_any(self, message: str) -> None:
+        """"""Raise if any errors were collected.""""""
+        if self.errors:
+            if sys.version_info >= (3, 11):
+                raise BaseExceptionGroup(message, self.errors)  # noqa: F821
+            else:
+                raise self.errors[0]",32,1,"@@ -7,6 +7,7 @@ from datetime import datetime from functools import cache from functools import update_wrapper from types import TracebackType import werkzeug.utils from werkzeug.exceptions import abort as _wz_abort @@ -636,3 +637,34 @@ def _split_blueprint_path(name: str) -> list[str]: out.extend(_split_blueprint_path(name.rpartition(""."")[0])) return out class _CollectErrors: def __init__(self) -> None: self.errors: list[BaseException] = [] def __enter__(self) -> None: pass def __exit__( self, exc_type: type[BaseException] | None, exc_val: BaseException | None, exc_tb: TracebackType | None, ) -> bool: if exc_val is not None: self.errors.append(exc_val) return True def raise_any(self, message: str) -> None: if self.errors: if sys.version_info >= (3, 11): raise BaseExceptionGroup(message, self.errors) else: raise self.errors[0]",1,5,0,3,0,838
pallets/flask,c34d6e81fd8e405e6d4178bf24b364918811ef17,all teardown callbacks are called despite errors (#5928),tests/test_appctx.py,"@@ -1,7 +1,10 @@
+import sys
+
 import pytest
 
 import flask
 from flask.globals import app_ctx
+from flask.testing import FlaskClient
 
 
 def test_basic_url_generation(app):
@@ -208,3 +211,55 @@ def teardown_app(error=None):
 
     assert called == [""flask_test"", ""TEARDOWN""]
     assert not flask.current_app
+
+
+def test_robust_teardown(app: flask.Flask, client: FlaskClient) -> None:
+    count = 0
+
+    @app.teardown_request
+    def request_teardown(e: Exception | None) -> None:
+        nonlocal count
+        count += 1
+        raise ValueError(""request_teardown"")
+
+    @app.teardown_appcontext
+    def app_teardown(e: Exception | None) -> None:
+        nonlocal count
+        count += 1
+        raise ValueError(""app_teardown"")
+
+    @app.get(""/"")
+    def index() -> str:
+        return """"
+
+    def request_signal(sender: flask.Flask, exc: Exception | None) -> None:
+        nonlocal count
+        count += 1
+        raise ValueError(""request_signal"")
+
+    def app_signal(sender: flask.Flask, exc: Exception | None) -> None:
+        nonlocal count
+        count += 1
+        raise ValueError(""app_signal"")
+
+    with (
+        flask.request_tearing_down.connected_to(request_signal, app),
+        flask.appcontext_tearing_down.connected_to(app_signal, app),
+    ):
+        if sys.version_info >= (3, 11):
+            with pytest.raises(ExceptionGroup, match=""context teardown"") as exc_info:  # noqa: F821
+                client.get()
+
+            assert len(exc_info.value.exceptions) == 2
+            eg1, eg2 = exc_info.value.exceptions
+            assert isinstance(eg1, ExceptionGroup)  # noqa: F821
+            assert ""request teardown"" in eg1.message
+            assert len(eg1.exceptions) == 2
+            assert isinstance(eg2, ExceptionGroup)  # noqa: F821
+            assert ""app teardown"" in eg2.message
+            assert len(eg2.exceptions) == 2
+        else:
+            with pytest.raises(ValueError, match=""request_teardown""):
+                client.get()
+
+    assert count == 4",55,1,"@@ -1,7 +1,10 @@ import sys import pytest import flask from flask.globals import app_ctx from flask.testing import FlaskClient def test_basic_url_generation(app): @@ -208,3 +211,55 @@ def teardown_app(error=None): assert called == [""flask_test"", ""TEARDOWN""] assert not flask.current_app def test_robust_teardown(app: flask.Flask, client: FlaskClient) -> None: count = 0 @app.teardown_request def request_teardown(e: Exception | None) -> None: nonlocal count count += 1 raise ValueError(""request_teardown"") @app.teardown_appcontext def app_teardown(e: Exception | None) -> None: nonlocal count count += 1 raise ValueError(""app_teardown"") @app.get(""/"") def index() -> str: return """" def request_signal(sender: flask.Flask, exc: Exception | None) -> None: nonlocal count count += 1 raise ValueError(""request_signal"") def app_signal(sender: flask.Flask, exc: Exception | None) -> None: nonlocal count count += 1 raise ValueError(""app_signal"") with ( flask.request_tearing_down.connected_to(request_signal, app), flask.appcontext_tearing_down.connected_to(app_signal, app), ): if sys.version_info >= (3, 11): with pytest.raises(ExceptionGroup, match=""context teardown"") as exc_info: client.get() assert len(exc_info.value.exceptions) == 2 eg1, eg2 = exc_info.value.exceptions assert isinstance(eg1, ExceptionGroup) assert ""request teardown"" in eg1.message assert len(eg1.exceptions) == 2 assert isinstance(eg2, ExceptionGroup) assert ""app teardown"" in eg2.message assert len(eg2.exceptions) == 2 else: with pytest.raises(ValueError, match=""request_teardown""): client.get() assert count == 4",1,8,0,1,0,1585
pallets/flask,c34d6e81fd8e405e6d4178bf24b364918811ef17,all teardown callbacks are called despite errors (#5928),tests/test_basic.py,"@@ -1420,20 +1420,21 @@ def handler(error, endpoint, values):
 
 
 def test_static_files(app, client):
-    rv = client.get(""/static/index.html"")
-    assert rv.status_code == 200
-    assert rv.data.strip() == b""<h1>Hello World!</h1>""
-    with app.test_request_context():
-        assert flask.url_for(""static"", filename=""index.html"") == ""/static/index.html""
-    rv.close()
+    with client.get(""/static/index.html"") as rv:
+        assert rv.status_code == 200
+        assert rv.data.strip() == b""<h1>Hello World!</h1>""
+        with app.test_request_context():
+            assert (
+                flask.url_for(""static"", filename=""index.html"") == ""/static/index.html""
+            )
 
 
 def test_static_url_path():
     app = flask.Flask(__name__, static_url_path=""/foo"")
     app.testing = True
-    rv = app.test_client().get(""/foo/index.html"")
-    assert rv.status_code == 200
-    rv.close()
+
+    with app.test_client().get(""/foo/index.html"") as rv:
+        assert rv.status_code == 200
 
     with app.test_request_context():
         assert flask.url_for(""static"", filename=""index.html"") == ""/foo/index.html""
@@ -1442,35 +1443,35 @@ def test_static_url_path():
 def test_static_url_path_with_ending_slash():
     app = flask.Flask(__name__, static_url_path=""/foo/"")
     app.testing = True
-    rv = app.test_client().get(""/foo/index.html"")
-    assert rv.status_code == 200
-    rv.close()
+
+    with app.test_client().get(""/foo/index.html"") as rv:
+        assert rv.status_code == 200
 
     with app.test_request_context():
         assert flask.url_for(""static"", filename=""index.html"") == ""/foo/index.html""
 
 
 def test_static_url_empty_path(app):
     app = flask.Flask(__name__, static_folder="""", static_url_path="""")
-    rv = app.test_client().open(""/static/index.html"", method=""GET"")
-    assert rv.status_code == 200
-    rv.close()
+
+    with app.test_client().open(""/static/index.html"", method=""GET"") as rv:
+        assert rv.status_code == 200
 
 
 def test_static_url_empty_path_default(app):
     app = flask.Flask(__name__, static_folder="""")
-    rv = app.test_client().open(""/static/index.html"", method=""GET"")
-    assert rv.status_code == 200
-    rv.close()
+
+    with app.test_client().open(""/static/index.html"", method=""GET"") as rv:
+        assert rv.status_code == 200
 
 
 def test_static_folder_with_pathlib_path(app):
     from pathlib import Path
 
     app = flask.Flask(__name__, static_folder=Path(""static""))
-    rv = app.test_client().open(""/static/index.html"", method=""GET"")
-    assert rv.status_code == 200
-    rv.close()
+
+    with app.test_client().open(""/static/index.html"", method=""GET"") as rv:
+        assert rv.status_code == 200
 
 
 def test_static_folder_with_ending_slash():
@@ -1487,9 +1488,10 @@ def catch_all(path):
 def test_static_route_with_host_matching():
     app = flask.Flask(__name__, host_matching=True, static_host=""example.com"")
     c = app.test_client()
-    rv = c.get(""http://example.com/static/index.html"")
-    assert rv.status_code == 200
-    rv.close()
+
+    with c.get(""http://example.com/static/index.html"") as rv:
+        assert rv.status_code == 200
+
     with app.test_request_context():
         rv = flask.url_for(""static"", filename=""index.html"", _external=True)
         assert rv == ""http://example.com/static/index.html""",50,1,"@@ -1420,20 +1420,21 @@ def handler(error, endpoint, values): def test_static_files(app, client): rv = client.get(""/static/index.html"") assert rv.status_code == 200 assert rv.data.strip() == b""<h1>Hello World!</h1>"" with app.test_request_context(): assert flask.url_for(""static"", filename=""index.html"") == ""/static/index.html"" rv.close() with client.get(""/static/index.html"") as rv: assert rv.status_code == 200 assert rv.data.strip() == b""<h1>Hello World!</h1>"" with app.test_request_context(): assert ( flask.url_for(""static"", filename=""index.html"") == ""/static/index.html"" ) def test_static_url_path(): app = flask.Flask(__name__, static_url_path=""/foo"") app.testing = True rv = app.test_client().get(""/foo/index.html"") assert rv.status_code == 200 rv.close() with app.test_client().get(""/foo/index.html"") as rv: assert rv.status_code == 200 with app.test_request_context(): assert flask.url_for(""static"", filename=""index.html"") == ""/foo/index.html"" @@ -1442,35 +1443,35 @@ def test_static_url_path(): def test_static_url_path_with_ending_slash(): app = flask.Flask(__name__, static_url_path=""/foo/"") app.testing = True rv = app.test_client().get(""/foo/index.html"") assert rv.status_code == 200 rv.close() with app.test_client().get(""/foo/index.html"") as rv: assert rv.status_code == 200 with app.test_request_context(): assert flask.url_for(""static"", filename=""index.html"") == ""/foo/index.html"" def test_static_url_empty_path(app): app = flask.Flask(__name__, static_folder="""", static_url_path="""") rv = app.test_client().open(""/static/index.html"", method=""GET"") assert rv.status_code == 200 rv.close() with app.test_client().open(""/static/index.html"", method=""GET"") as rv: assert rv.status_code == 200 def test_static_url_empty_path_default(app): app = flask.Flask(__name__, static_folder="""") rv = app.test_client().open(""/static/index.html"", method=""GET"") assert rv.status_code == 200 rv.close() with app.test_client().open(""/static/index.html"", method=""GET"") as rv: assert rv.status_code == 200 def test_static_folder_with_pathlib_path(app): from pathlib import Path app = flask.Flask(__name__, static_folder=Path(""static"")) rv = app.test_client().open(""/static/index.html"", method=""GET"") assert rv.status_code == 200 rv.close() with app.test_client().open(""/static/index.html"", method=""GET"") as rv: assert rv.status_code == 200 def test_static_folder_with_ending_slash(): @@ -1487,9 +1488,10 @@ def catch_all(path): def test_static_route_with_host_matching(): app = flask.Flask(__name__, host_matching=True, static_host=""example.com"") c = app.test_client() rv = c.get(""http://example.com/static/index.html"") assert rv.status_code == 200 rv.close() with c.get(""http://example.com/static/index.html"") as rv: assert rv.status_code == 200 with app.test_request_context(): rv = flask.url_for(""static"", filename=""index.html"", _external=True) assert rv == ""http://example.com/static/index.html""",1,11,0,0,0,2894
pallets/flask,c34d6e81fd8e405e6d4178bf24b364918811ef17,all teardown callbacks are called despite errors (#5928),tests/test_blueprints.py,"@@ -184,12 +184,12 @@ def test_templates_and_static(test_apps):
     assert rv.data == b""Hello from the Admin""
     rv = client.get(""/admin/index2"")
     assert rv.data == b""Hello from the Admin""
-    rv = client.get(""/admin/static/test.txt"")
-    assert rv.data.strip() == b""Admin File""
-    rv.close()
-    rv = client.get(""/admin/static/css/test.css"")
-    assert rv.data.strip() == b""/* nested file */""
-    rv.close()
+
+    with client.get(""/admin/static/test.txt"") as rv:
+        assert rv.data.strip() == b""Admin File""
+
+    with client.get(""/admin/static/css/test.css"") as rv:
+        assert rv.data.strip() == b""/* nested file */""
 
     # try/finally, in case other tests use this app for Blueprint tests.
     max_age_default = app.config[""SEND_FILE_MAX_AGE_DEFAULT""]
@@ -198,10 +198,10 @@ def test_templates_and_static(test_apps):
         if app.config[""SEND_FILE_MAX_AGE_DEFAULT""] == expected_max_age:
             expected_max_age = 7200
         app.config[""SEND_FILE_MAX_AGE_DEFAULT""] = expected_max_age
-        rv = client.get(""/admin/static/css/test.css"")
-        cc = parse_cache_control_header(rv.headers[""Cache-Control""])
-        assert cc.max_age == expected_max_age
-        rv.close()
+
+        with client.get(""/admin/static/css/test.css"") as rv:
+            cc = parse_cache_control_header(rv.headers[""Cache-Control""])
+            assert cc.max_age == expected_max_age
     finally:
         app.config[""SEND_FILE_MAX_AGE_DEFAULT""] = max_age_default
 ",20,1,"@@ -184,12 +184,12 @@ def test_templates_and_static(test_apps): assert rv.data == b""Hello from the Admin"" rv = client.get(""/admin/index2"") assert rv.data == b""Hello from the Admin"" rv = client.get(""/admin/static/test.txt"") assert rv.data.strip() == b""Admin File"" rv.close() rv = client.get(""/admin/static/css/test.css"") assert rv.data.strip() == b""/* nested file */"" rv.close() with client.get(""/admin/static/test.txt"") as rv: assert rv.data.strip() == b""Admin File"" with client.get(""/admin/static/css/test.css"") as rv: assert rv.data.strip() == b""/* nested file */"" max_age_default = app.config[""SEND_FILE_MAX_AGE_DEFAULT""] @@ -198,10 +198,10 @@ def test_templates_and_static(test_apps): if app.config[""SEND_FILE_MAX_AGE_DEFAULT""] == expected_max_age: expected_max_age = 7200 app.config[""SEND_FILE_MAX_AGE_DEFAULT""] = expected_max_age rv = client.get(""/admin/static/css/test.css"") cc = parse_cache_control_header(rv.headers[""Cache-Control""]) assert cc.max_age == expected_max_age rv.close() with client.get(""/admin/static/css/test.css"") as rv: cc = parse_cache_control_header(rv.headers[""Cache-Control""]) assert cc.max_age == expected_max_age finally: app.config[""SEND_FILE_MAX_AGE_DEFAULT""] = max_age_default",1,2,0,1,0,1210
pallets/flask,c34d6e81fd8e405e6d4178bf24b364918811ef17,all teardown callbacks are called despite errors (#5928),tests/test_helpers.py,"@@ -32,45 +32,39 @@ def __getattr__(self, name):
 
 class TestSendfile:
     def test_send_file(self, app, req_ctx):
-        rv = flask.send_file(""static/index.html"")
-        assert rv.direct_passthrough
-        assert rv.mimetype == ""text/html""
-
         with app.open_resource(""static/index.html"") as f:
-            rv.direct_passthrough = False
-            assert rv.data == f.read()
+            expect = f.read()
 
-        rv.close()
+        with flask.send_file(""static/index.html"") as rv:
+            assert rv.direct_passthrough
+            assert rv.mimetype == ""text/html""
+            rv.direct_passthrough = False
+            assert rv.data == expect
 
     def test_static_file(self, app, req_ctx):
         # Default max_age is None.
 
         # Test with static file handler.
-        rv = app.send_static_file(""index.html"")
-        assert rv.cache_control.max_age is None
-        rv.close()
+        with app.send_static_file(""index.html"") as rv:
+            assert rv.cache_control.max_age is None
 
         # Test with direct use of send_file.
-        rv = flask.send_file(""static/index.html"")
-        assert rv.cache_control.max_age is None
-        rv.close()
+        with flask.send_file(""static/index.html"") as rv:
+            assert rv.cache_control.max_age is None
 
         app.config[""SEND_FILE_MAX_AGE_DEFAULT""] = 3600
 
         # Test with static file handler.
-        rv = app.send_static_file(""index.html"")
-        assert rv.cache_control.max_age == 3600
-        rv.close()
+        with app.send_static_file(""index.html"") as rv:
+            assert rv.cache_control.max_age == 3600
 
         # Test with direct use of send_file.
-        rv = flask.send_file(""static/index.html"")
-        assert rv.cache_control.max_age == 3600
-        rv.close()
+        with flask.send_file(""static/index.html"") as rv:
+            assert rv.cache_control.max_age == 3600
 
         # Test with pathlib.Path.
-        rv = app.send_static_file(FakePath(""index.html""))
-        assert rv.cache_control.max_age == 3600
-        rv.close()
+        with app.send_static_file(FakePath(""index.html"")) as rv:
+            assert rv.cache_control.max_age == 3600
 
         class StaticFileApp(flask.Flask):
             def get_send_file_max_age(self, filename):
@@ -80,23 +74,21 @@ def get_send_file_max_age(self, filename):
 
         with app.test_request_context():
             # Test with static file handler.
-            rv = app.send_static_file(""index.html"")
-            assert rv.cache_control.max_age == 10
-            rv.close()
+            with app.send_static_file(""index.html"") as rv:
+                assert rv.cache_control.max_age == 10
 
             # Test with direct use of send_file.
-            rv = flask.send_file(""static/index.html"")
-            assert rv.cache_control.max_age == 10
-            rv.close()
+            with flask.send_file(""static/index.html"") as rv:
+                assert rv.cache_control.max_age == 10
 
     def test_send_from_directory(self, app, req_ctx):
         app.root_path = os.path.join(
             os.path.dirname(__file__), ""test_apps"", ""subdomaintestmodule""
         )
-        rv = flask.send_from_directory(""static"", ""hello.txt"")
-        rv.direct_passthrough = False
-        assert rv.data.strip() == b""Hello Subdomain""
-        rv.close()
+
+        with flask.send_from_directory(""static"", ""hello.txt"") as rv:
+            rv.direct_passthrough = False
+            assert rv.data.strip() == b""Hello Subdomain""
 
 
 class TestUrlFor:
@@ -319,15 +311,17 @@ def gen():
 
         # response is closed without reading stream
         client.get().close()
+
         # response stream is read
-        assert client.get().text == ""flask""
+        with client.get() as rv:
+            assert rv.text == ""flask""
 
         # same as above, but with client context preservation
         with client:
             client.get().close()
 
-        with client:
-            assert client.get().text == ""flask""
+        with client, client.get() as rv:
+            assert rv.text == ""flask""
 
 
 class TestHelpers:",64,1,"@@ -32,45 +32,39 @@ def __getattr__(self, name): class TestSendfile: def test_send_file(self, app, req_ctx): rv = flask.send_file(""static/index.html"") assert rv.direct_passthrough assert rv.mimetype == ""text/html"" with app.open_resource(""static/index.html"") as f: rv.direct_passthrough = False assert rv.data == f.read() expect = f.read() rv.close() with flask.send_file(""static/index.html"") as rv: assert rv.direct_passthrough assert rv.mimetype == ""text/html"" rv.direct_passthrough = False assert rv.data == expect def test_static_file(self, app, req_ctx): rv = app.send_static_file(""index.html"") assert rv.cache_control.max_age is None rv.close() with app.send_static_file(""index.html"") as rv: assert rv.cache_control.max_age is None rv = flask.send_file(""static/index.html"") assert rv.cache_control.max_age is None rv.close() with flask.send_file(""static/index.html"") as rv: assert rv.cache_control.max_age is None app.config[""SEND_FILE_MAX_AGE_DEFAULT""] = 3600 rv = app.send_static_file(""index.html"") assert rv.cache_control.max_age == 3600 rv.close() with app.send_static_file(""index.html"") as rv: assert rv.cache_control.max_age == 3600 rv = flask.send_file(""static/index.html"") assert rv.cache_control.max_age == 3600 rv.close() with flask.send_file(""static/index.html"") as rv: assert rv.cache_control.max_age == 3600 rv = app.send_static_file(FakePath(""index.html"")) assert rv.cache_control.max_age == 3600 rv.close() with app.send_static_file(FakePath(""index.html"")) as rv: assert rv.cache_control.max_age == 3600 class StaticFileApp(flask.Flask): def get_send_file_max_age(self, filename): @@ -80,23 +74,21 @@ def get_send_file_max_age(self, filename): with app.test_request_context(): rv = app.send_static_file(""index.html"") assert rv.cache_control.max_age == 10 rv.close() with app.send_static_file(""index.html"") as rv: assert rv.cache_control.max_age == 10 rv = flask.send_file(""static/index.html"") assert rv.cache_control.max_age == 10 rv.close() with flask.send_file(""static/index.html"") as rv: assert rv.cache_control.max_age == 10 def test_send_from_directory(self, app, req_ctx): app.root_path = os.path.join( os.path.dirname(__file__), ""test_apps"", ""subdomaintestmodule"" ) rv = flask.send_from_directory(""static"", ""hello.txt"") rv.direct_passthrough = False assert rv.data.strip() == b""Hello Subdomain"" rv.close() with flask.send_from_directory(""static"", ""hello.txt"") as rv: rv.direct_passthrough = False assert rv.data.strip() == b""Hello Subdomain"" class TestUrlFor: @@ -319,15 +311,17 @@ def gen(): client.get().close() assert client.get().text == ""flask"" with client.get() as rv: assert rv.text == ""flask"" with client: client.get().close() with client: assert client.get().text == ""flask"" with client, client.get() as rv: assert rv.text == ""flask"" class TestHelpers:",1,7,0,0,0,2788
pallets/flask,c34d6e81fd8e405e6d4178bf24b364918811ef17,all teardown callbacks are called despite errors (#5928),tests/test_testing.py,"@@ -76,7 +76,6 @@ def index():
         return flask.request.remote_addr
 
     builder = EnvironBuilder(app, path=""/index"", method=""GET"")
-    request.addfinalizer(builder.close)
 
     rv = client.open(builder)
     assert rv.data == b""127.0.0.1""",1,1,"@@ -76,7 +76,6 @@ def index(): return flask.request.remote_addr builder = EnvironBuilder(app, path=""/index"", method=""GET"") request.addfinalizer(builder.close) rv = client.open(builder) assert rv.data == b""127.0.0.1""",1,1,0,0,0,215
pallets/flask,fbb6f0bc4c60a0bada0e03c3480d0ccf30a3c1df,all teardown callbacks are called despite errors,src/flask/app.py,"@@ -36,6 +36,7 @@
 from .globals import g
 from .globals import request
 from .globals import session
+from .helpers import _CollectErrors
 from .helpers import get_debug_flag
 from .helpers import get_flashed_messages
 from .helpers import get_load_dotenv
@@ -1430,15 +1431,24 @@ def do_teardown_request(
         :param exc: An unhandled exception raised while dispatching the request.
             Passed to each teardown function.
 
+        .. versionchanged:: 3.2
+            All callbacks are called rather than stopping on the first error.
+
         .. versionchanged:: 0.9
             Added the ``exc`` argument.
         """"""
+        collect_errors = _CollectErrors()
+
         for name in chain(ctx.request.blueprints, (None,)):
             if name in self.teardown_request_funcs:
                 for func in reversed(self.teardown_request_funcs[name]):
-                    self.ensure_sync(func)(exc)
+                    with collect_errors:
+                        self.ensure_sync(func)(exc)
+
+        with collect_errors:
+            request_tearing_down.send(self, _async_wrapper=self.ensure_sync, exc=exc)
 
-        request_tearing_down.send(self, _async_wrapper=self.ensure_sync, exc=exc)
+        collect_errors.raise_any(""Errors during request teardown"")
 
     def do_teardown_appcontext(
         self, ctx: AppContext, exc: BaseException | None = None
@@ -1452,12 +1462,21 @@ def do_teardown_appcontext(
         :param exc: An unhandled exception raised while the context was active.
             Passed to each teardown function.
 
+        .. versionchanged:: 3.2
+            All callbacks are called rather than stopping on the first error.
+
         .. versionadded:: 0.9
         """"""
+        collect_errors = _CollectErrors()
+
         for func in reversed(self.teardown_appcontext_funcs):
-            self.ensure_sync(func)(exc)
+            with collect_errors:
+                self.ensure_sync(func)(exc)
+
+        with collect_errors:
+            appcontext_tearing_down.send(self, _async_wrapper=self.ensure_sync, exc=exc)
 
-        appcontext_tearing_down.send(self, _async_wrapper=self.ensure_sync, exc=exc)
+        collect_errors.raise_any(""Errors during app teardown"")
 
     def app_context(self) -> AppContext:
         """"""Create an :class:`.AppContext`. When the context is pushed,",27,1,"@@ -36,6 +36,7 @@ from .globals import g from .globals import request from .globals import session from .helpers import _CollectErrors from .helpers import get_debug_flag from .helpers import get_flashed_messages from .helpers import get_load_dotenv @@ -1430,15 +1431,24 @@ def do_teardown_request( :param exc: An unhandled exception raised while dispatching the request. Passed to each teardown function. .. versionchanged:: 3.2 All callbacks are called rather than stopping on the first error. .. versionchanged:: 0.9 Added the ``exc`` argument. collect_errors = _CollectErrors() for func in reversed(self.teardown_appcontext_funcs): self.ensure_sync(func)(exc) with collect_errors: self.ensure_sync(func)(exc) with collect_errors: appcontext_tearing_down.send(self, _async_wrapper=self.ensure_sync, exc=exc) appcontext_tearing_down.send(self, _async_wrapper=self.ensure_sync, exc=exc) collect_errors.raise_any(""Errors during app teardown"") def app_context(self) -> AppContext: """"""Create an :class:`.AppContext`. When the context is pushed,",1,2,2,0,0,1042
pallets/flask,fbb6f0bc4c60a0bada0e03c3480d0ccf30a3c1df,all teardown callbacks are called despite errors,src/flask/ctx.py,"@@ -10,6 +10,7 @@
 
 from . import typing as ft
 from .globals import _cv_app
+from .helpers import _CollectErrors
 from .signals import appcontext_popped
 from .signals import appcontext_pushed
 
@@ -482,16 +483,26 @@ def pop(self, exc: BaseException | None = None) -> None:
         if self._push_count > 0:
             return
 
-        try:
-            if self._request is not None:
+        collect_errors = _CollectErrors()
+
+        if self._request is not None:
+            with collect_errors:
                 self.app.do_teardown_request(self, exc)
+
+            with collect_errors:
                 self._request.close()
-        finally:
+
+        with collect_errors:
             self.app.do_teardown_appcontext(self, exc)
-            _cv_app.reset(self._cv_token)
-            self._cv_token = None
+
+        _cv_app.reset(self._cv_token)
+        self._cv_token = None
+
+        with collect_errors:
             appcontext_popped.send(self.app, _async_wrapper=self.app.ensure_sync)
 
+        collect_errors.raise_any(""Errors during context teardown"")
+
     def __enter__(self) -> te.Self:
         self.push()
         return self",21,1,"@@ -10,6 +10,7 @@ from . import typing as ft from .globals import _cv_app from .helpers import _CollectErrors from .signals import appcontext_popped from .signals import appcontext_pushed @@ -482,16 +483,26 @@ def pop(self, exc: BaseException | None = None) -> None: if self._push_count > 0: return try: if self._request is not None: collect_errors = _CollectErrors() if self._request is not None: with collect_errors: self.app.do_teardown_request(self, exc) with collect_errors: self._request.close() finally: with collect_errors: self.app.do_teardown_appcontext(self, exc) _cv_app.reset(self._cv_token) self._cv_token = None _cv_app.reset(self._cv_token) self._cv_token = None with collect_errors: appcontext_popped.send(self.app, _async_wrapper=self.app.ensure_sync) collect_errors.raise_any(""Errors during context teardown"") def __enter__(self) -> te.Self: self.push() return self",1,2,0,3,1,884
pallets/flask,fbb6f0bc4c60a0bada0e03c3480d0ccf30a3c1df,all teardown callbacks are called despite errors,src/flask/helpers.py,"@@ -7,6 +7,7 @@
 from datetime import datetime
 from functools import cache
 from functools import update_wrapper
+from types import TracebackType
 
 import werkzeug.utils
 from werkzeug.exceptions import abort as _wz_abort
@@ -636,3 +637,34 @@ def _split_blueprint_path(name: str) -> list[str]:
         out.extend(_split_blueprint_path(name.rpartition(""."")[0]))
 
     return out
+
+
+class _CollectErrors:
+    """"""A context manager that records and silences an error raised within it.
+    Used to run all teardown functions, then raise any errors afterward.
+    """"""
+
+    def __init__(self) -> None:
+        self.errors: list[BaseException] = []
+
+    def __enter__(self) -> None:
+        pass
+
+    def __exit__(
+        self,
+        exc_type: type[BaseException] | None,
+        exc_val: BaseException | None,
+        exc_tb: TracebackType | None,
+    ) -> bool:
+        if exc_val is not None:
+            self.errors.append(exc_val)
+
+        return True
+
+    def raise_any(self, message: str) -> None:
+        """"""Raise if any errors were collected.""""""
+        if self.errors:
+            if sys.version_info >= (3, 11):
+                raise BaseExceptionGroup(message, self.errors)  # noqa: F821
+            else:
+                raise self.errors[0]",32,1,"@@ -7,6 +7,7 @@ from datetime import datetime from functools import cache from functools import update_wrapper from types import TracebackType import werkzeug.utils from werkzeug.exceptions import abort as _wz_abort @@ -636,3 +637,34 @@ def _split_blueprint_path(name: str) -> list[str]: out.extend(_split_blueprint_path(name.rpartition(""."")[0])) return out class _CollectErrors: def __init__(self) -> None: self.errors: list[BaseException] = [] def __enter__(self) -> None: pass def __exit__( self, exc_type: type[BaseException] | None, exc_val: BaseException | None, exc_tb: TracebackType | None, ) -> bool: if exc_val is not None: self.errors.append(exc_val) return True def raise_any(self, message: str) -> None: if self.errors: if sys.version_info >= (3, 11): raise BaseExceptionGroup(message, self.errors) else: raise self.errors[0]",1,5,0,3,0,838
pallets/flask,fbb6f0bc4c60a0bada0e03c3480d0ccf30a3c1df,all teardown callbacks are called despite errors,tests/test_appctx.py,"@@ -1,7 +1,10 @@
+import sys
+
 import pytest
 
 import flask
 from flask.globals import app_ctx
+from flask.testing import FlaskClient
 
 
 def test_basic_url_generation(app):
@@ -208,3 +211,55 @@ def teardown_app(error=None):
 
     assert called == [""flask_test"", ""TEARDOWN""]
     assert not flask.current_app
+
+
+def test_robust_teardown(app: flask.Flask, client: FlaskClient) -> None:
+    count = 0
+
+    @app.teardown_request
+    def request_teardown(e: Exception | None) -> None:
+        nonlocal count
+        count += 1
+        raise ValueError(""request_teardown"")
+
+    @app.teardown_appcontext
+    def app_teardown(e: Exception | None) -> None:
+        nonlocal count
+        count += 1
+        raise ValueError(""app_teardown"")
+
+    @app.get(""/"")
+    def index() -> str:
+        return """"
+
+    def request_signal(sender: flask.Flask, exc: Exception | None) -> None:
+        nonlocal count
+        count += 1
+        raise ValueError(""request_signal"")
+
+    def app_signal(sender: flask.Flask, exc: Exception | None) -> None:
+        nonlocal count
+        count += 1
+        raise ValueError(""app_signal"")
+
+    with (
+        flask.request_tearing_down.connected_to(request_signal, app),
+        flask.appcontext_tearing_down.connected_to(app_signal, app),
+    ):
+        if sys.version_info >= (3, 11):
+            with pytest.raises(ExceptionGroup, match=""context teardown"") as exc_info:  # noqa: F821
+                client.get()
+
+            assert len(exc_info.value.exceptions) == 2
+            eg1, eg2 = exc_info.value.exceptions
+            assert isinstance(eg1, ExceptionGroup)  # noqa: F821
+            assert ""request teardown"" in eg1.message
+            assert len(eg1.exceptions) == 2
+            assert isinstance(eg2, ExceptionGroup)  # noqa: F821
+            assert ""app teardown"" in eg2.message
+            assert len(eg2.exceptions) == 2
+        else:
+            with pytest.raises(ValueError, match=""request_teardown""):
+                client.get()
+
+    assert count == 4",55,1,"@@ -1,7 +1,10 @@ import sys import pytest import flask from flask.globals import app_ctx from flask.testing import FlaskClient def test_basic_url_generation(app): @@ -208,3 +211,55 @@ def teardown_app(error=None): assert called == [""flask_test"", ""TEARDOWN""] assert not flask.current_app def test_robust_teardown(app: flask.Flask, client: FlaskClient) -> None: count = 0 @app.teardown_request def request_teardown(e: Exception | None) -> None: nonlocal count count += 1 raise ValueError(""request_teardown"") @app.teardown_appcontext def app_teardown(e: Exception | None) -> None: nonlocal count count += 1 raise ValueError(""app_teardown"") @app.get(""/"") def index() -> str: return """" def request_signal(sender: flask.Flask, exc: Exception | None) -> None: nonlocal count count += 1 raise ValueError(""request_signal"") def app_signal(sender: flask.Flask, exc: Exception | None) -> None: nonlocal count count += 1 raise ValueError(""app_signal"") with ( flask.request_tearing_down.connected_to(request_signal, app), flask.appcontext_tearing_down.connected_to(app_signal, app), ): if sys.version_info >= (3, 11): with pytest.raises(ExceptionGroup, match=""context teardown"") as exc_info: client.get() assert len(exc_info.value.exceptions) == 2 eg1, eg2 = exc_info.value.exceptions assert isinstance(eg1, ExceptionGroup) assert ""request teardown"" in eg1.message assert len(eg1.exceptions) == 2 assert isinstance(eg2, ExceptionGroup) assert ""app teardown"" in eg2.message assert len(eg2.exceptions) == 2 else: with pytest.raises(ValueError, match=""request_teardown""): client.get() assert count == 4",1,8,0,1,0,1585
pallets/flask,fbb6f0bc4c60a0bada0e03c3480d0ccf30a3c1df,all teardown callbacks are called despite errors,tests/test_basic.py,"@@ -1420,20 +1420,21 @@ def handler(error, endpoint, values):
 
 
 def test_static_files(app, client):
-    rv = client.get(""/static/index.html"")
-    assert rv.status_code == 200
-    assert rv.data.strip() == b""<h1>Hello World!</h1>""
-    with app.test_request_context():
-        assert flask.url_for(""static"", filename=""index.html"") == ""/static/index.html""
-    rv.close()
+    with client.get(""/static/index.html"") as rv:
+        assert rv.status_code == 200
+        assert rv.data.strip() == b""<h1>Hello World!</h1>""
+        with app.test_request_context():
+            assert (
+                flask.url_for(""static"", filename=""index.html"") == ""/static/index.html""
+            )
 
 
 def test_static_url_path():
     app = flask.Flask(__name__, static_url_path=""/foo"")
     app.testing = True
-    rv = app.test_client().get(""/foo/index.html"")
-    assert rv.status_code == 200
-    rv.close()
+
+    with app.test_client().get(""/foo/index.html"") as rv:
+        assert rv.status_code == 200
 
     with app.test_request_context():
         assert flask.url_for(""static"", filename=""index.html"") == ""/foo/index.html""
@@ -1442,35 +1443,35 @@ def test_static_url_path():
 def test_static_url_path_with_ending_slash():
     app = flask.Flask(__name__, static_url_path=""/foo/"")
     app.testing = True
-    rv = app.test_client().get(""/foo/index.html"")
-    assert rv.status_code == 200
-    rv.close()
+
+    with app.test_client().get(""/foo/index.html"") as rv:
+        assert rv.status_code == 200
 
     with app.test_request_context():
         assert flask.url_for(""static"", filename=""index.html"") == ""/foo/index.html""
 
 
 def test_static_url_empty_path(app):
     app = flask.Flask(__name__, static_folder="""", static_url_path="""")
-    rv = app.test_client().open(""/static/index.html"", method=""GET"")
-    assert rv.status_code == 200
-    rv.close()
+
+    with app.test_client().open(""/static/index.html"", method=""GET"") as rv:
+        assert rv.status_code == 200
 
 
 def test_static_url_empty_path_default(app):
     app = flask.Flask(__name__, static_folder="""")
-    rv = app.test_client().open(""/static/index.html"", method=""GET"")
-    assert rv.status_code == 200
-    rv.close()
+
+    with app.test_client().open(""/static/index.html"", method=""GET"") as rv:
+        assert rv.status_code == 200
 
 
 def test_static_folder_with_pathlib_path(app):
     from pathlib import Path
 
     app = flask.Flask(__name__, static_folder=Path(""static""))
-    rv = app.test_client().open(""/static/index.html"", method=""GET"")
-    assert rv.status_code == 200
-    rv.close()
+
+    with app.test_client().open(""/static/index.html"", method=""GET"") as rv:
+        assert rv.status_code == 200
 
 
 def test_static_folder_with_ending_slash():
@@ -1487,9 +1488,10 @@ def catch_all(path):
 def test_static_route_with_host_matching():
     app = flask.Flask(__name__, host_matching=True, static_host=""example.com"")
     c = app.test_client()
-    rv = c.get(""http://example.com/static/index.html"")
-    assert rv.status_code == 200
-    rv.close()
+
+    with c.get(""http://example.com/static/index.html"") as rv:
+        assert rv.status_code == 200
+
     with app.test_request_context():
         rv = flask.url_for(""static"", filename=""index.html"", _external=True)
         assert rv == ""http://example.com/static/index.html""",50,1,"@@ -1420,20 +1420,21 @@ def handler(error, endpoint, values): def test_static_files(app, client): rv = client.get(""/static/index.html"") assert rv.status_code == 200 assert rv.data.strip() == b""<h1>Hello World!</h1>"" with app.test_request_context(): assert flask.url_for(""static"", filename=""index.html"") == ""/static/index.html"" rv.close() with client.get(""/static/index.html"") as rv: assert rv.status_code == 200 assert rv.data.strip() == b""<h1>Hello World!</h1>"" with app.test_request_context(): assert ( flask.url_for(""static"", filename=""index.html"") == ""/static/index.html"" ) def test_static_url_path(): app = flask.Flask(__name__, static_url_path=""/foo"") app.testing = True rv = app.test_client().get(""/foo/index.html"") assert rv.status_code == 200 rv.close() with app.test_client().get(""/foo/index.html"") as rv: assert rv.status_code == 200 with app.test_request_context(): assert flask.url_for(""static"", filename=""index.html"") == ""/foo/index.html"" @@ -1442,35 +1443,35 @@ def test_static_url_path(): def test_static_url_path_with_ending_slash(): app = flask.Flask(__name__, static_url_path=""/foo/"") app.testing = True rv = app.test_client().get(""/foo/index.html"") assert rv.status_code == 200 rv.close() with app.test_client().get(""/foo/index.html"") as rv: assert rv.status_code == 200 with app.test_request_context(): assert flask.url_for(""static"", filename=""index.html"") == ""/foo/index.html"" def test_static_url_empty_path(app): app = flask.Flask(__name__, static_folder="""", static_url_path="""") rv = app.test_client().open(""/static/index.html"", method=""GET"") assert rv.status_code == 200 rv.close() with app.test_client().open(""/static/index.html"", method=""GET"") as rv: assert rv.status_code == 200 def test_static_url_empty_path_default(app): app = flask.Flask(__name__, static_folder="""") rv = app.test_client().open(""/static/index.html"", method=""GET"") assert rv.status_code == 200 rv.close() with app.test_client().open(""/static/index.html"", method=""GET"") as rv: assert rv.status_code == 200 def test_static_folder_with_pathlib_path(app): from pathlib import Path app = flask.Flask(__name__, static_folder=Path(""static"")) rv = app.test_client().open(""/static/index.html"", method=""GET"") assert rv.status_code == 200 rv.close() with app.test_client().open(""/static/index.html"", method=""GET"") as rv: assert rv.status_code == 200 def test_static_folder_with_ending_slash(): @@ -1487,9 +1488,10 @@ def catch_all(path): def test_static_route_with_host_matching(): app = flask.Flask(__name__, host_matching=True, static_host=""example.com"") c = app.test_client() rv = c.get(""http://example.com/static/index.html"") assert rv.status_code == 200 rv.close() with c.get(""http://example.com/static/index.html"") as rv: assert rv.status_code == 200 with app.test_request_context(): rv = flask.url_for(""static"", filename=""index.html"", _external=True) assert rv == ""http://example.com/static/index.html""",1,11,0,0,0,2894
pallets/flask,fbb6f0bc4c60a0bada0e03c3480d0ccf30a3c1df,all teardown callbacks are called despite errors,tests/test_blueprints.py,"@@ -184,12 +184,12 @@ def test_templates_and_static(test_apps):
     assert rv.data == b""Hello from the Admin""
     rv = client.get(""/admin/index2"")
     assert rv.data == b""Hello from the Admin""
-    rv = client.get(""/admin/static/test.txt"")
-    assert rv.data.strip() == b""Admin File""
-    rv.close()
-    rv = client.get(""/admin/static/css/test.css"")
-    assert rv.data.strip() == b""/* nested file */""
-    rv.close()
+
+    with client.get(""/admin/static/test.txt"") as rv:
+        assert rv.data.strip() == b""Admin File""
+
+    with client.get(""/admin/static/css/test.css"") as rv:
+        assert rv.data.strip() == b""/* nested file */""
 
     # try/finally, in case other tests use this app for Blueprint tests.
     max_age_default = app.config[""SEND_FILE_MAX_AGE_DEFAULT""]
@@ -198,10 +198,10 @@ def test_templates_and_static(test_apps):
         if app.config[""SEND_FILE_MAX_AGE_DEFAULT""] == expected_max_age:
             expected_max_age = 7200
         app.config[""SEND_FILE_MAX_AGE_DEFAULT""] = expected_max_age
-        rv = client.get(""/admin/static/css/test.css"")
-        cc = parse_cache_control_header(rv.headers[""Cache-Control""])
-        assert cc.max_age == expected_max_age
-        rv.close()
+
+        with client.get(""/admin/static/css/test.css"") as rv:
+            cc = parse_cache_control_header(rv.headers[""Cache-Control""])
+            assert cc.max_age == expected_max_age
     finally:
         app.config[""SEND_FILE_MAX_AGE_DEFAULT""] = max_age_default
 ",20,1,"@@ -184,12 +184,12 @@ def test_templates_and_static(test_apps): assert rv.data == b""Hello from the Admin"" rv = client.get(""/admin/index2"") assert rv.data == b""Hello from the Admin"" rv = client.get(""/admin/static/test.txt"") assert rv.data.strip() == b""Admin File"" rv.close() rv = client.get(""/admin/static/css/test.css"") assert rv.data.strip() == b""/* nested file */"" rv.close() with client.get(""/admin/static/test.txt"") as rv: assert rv.data.strip() == b""Admin File"" with client.get(""/admin/static/css/test.css"") as rv: assert rv.data.strip() == b""/* nested file */"" max_age_default = app.config[""SEND_FILE_MAX_AGE_DEFAULT""] @@ -198,10 +198,10 @@ def test_templates_and_static(test_apps): if app.config[""SEND_FILE_MAX_AGE_DEFAULT""] == expected_max_age: expected_max_age = 7200 app.config[""SEND_FILE_MAX_AGE_DEFAULT""] = expected_max_age rv = client.get(""/admin/static/css/test.css"") cc = parse_cache_control_header(rv.headers[""Cache-Control""]) assert cc.max_age == expected_max_age rv.close() with client.get(""/admin/static/css/test.css"") as rv: cc = parse_cache_control_header(rv.headers[""Cache-Control""]) assert cc.max_age == expected_max_age finally: app.config[""SEND_FILE_MAX_AGE_DEFAULT""] = max_age_default",1,2,0,1,0,1210
pallets/flask,fbb6f0bc4c60a0bada0e03c3480d0ccf30a3c1df,all teardown callbacks are called despite errors,tests/test_helpers.py,"@@ -32,45 +32,39 @@ def __getattr__(self, name):
 
 class TestSendfile:
     def test_send_file(self, app, req_ctx):
-        rv = flask.send_file(""static/index.html"")
-        assert rv.direct_passthrough
-        assert rv.mimetype == ""text/html""
-
         with app.open_resource(""static/index.html"") as f:
-            rv.direct_passthrough = False
-            assert rv.data == f.read()
+            expect = f.read()
 
-        rv.close()
+        with flask.send_file(""static/index.html"") as rv:
+            assert rv.direct_passthrough
+            assert rv.mimetype == ""text/html""
+            rv.direct_passthrough = False
+            assert rv.data == expect
 
     def test_static_file(self, app, req_ctx):
         # Default max_age is None.
 
         # Test with static file handler.
-        rv = app.send_static_file(""index.html"")
-        assert rv.cache_control.max_age is None
-        rv.close()
+        with app.send_static_file(""index.html"") as rv:
+            assert rv.cache_control.max_age is None
 
         # Test with direct use of send_file.
-        rv = flask.send_file(""static/index.html"")
-        assert rv.cache_control.max_age is None
-        rv.close()
+        with flask.send_file(""static/index.html"") as rv:
+            assert rv.cache_control.max_age is None
 
         app.config[""SEND_FILE_MAX_AGE_DEFAULT""] = 3600
 
         # Test with static file handler.
-        rv = app.send_static_file(""index.html"")
-        assert rv.cache_control.max_age == 3600
-        rv.close()
+        with app.send_static_file(""index.html"") as rv:
+            assert rv.cache_control.max_age == 3600
 
         # Test with direct use of send_file.
-        rv = flask.send_file(""static/index.html"")
-        assert rv.cache_control.max_age == 3600
-        rv.close()
+        with flask.send_file(""static/index.html"") as rv:
+            assert rv.cache_control.max_age == 3600
 
         # Test with pathlib.Path.
-        rv = app.send_static_file(FakePath(""index.html""))
-        assert rv.cache_control.max_age == 3600
-        rv.close()
+        with app.send_static_file(FakePath(""index.html"")) as rv:
+            assert rv.cache_control.max_age == 3600
 
         class StaticFileApp(flask.Flask):
             def get_send_file_max_age(self, filename):
@@ -80,23 +74,21 @@ def get_send_file_max_age(self, filename):
 
         with app.test_request_context():
             # Test with static file handler.
-            rv = app.send_static_file(""index.html"")
-            assert rv.cache_control.max_age == 10
-            rv.close()
+            with app.send_static_file(""index.html"") as rv:
+                assert rv.cache_control.max_age == 10
 
             # Test with direct use of send_file.
-            rv = flask.send_file(""static/index.html"")
-            assert rv.cache_control.max_age == 10
-            rv.close()
+            with flask.send_file(""static/index.html"") as rv:
+                assert rv.cache_control.max_age == 10
 
     def test_send_from_directory(self, app, req_ctx):
         app.root_path = os.path.join(
             os.path.dirname(__file__), ""test_apps"", ""subdomaintestmodule""
         )
-        rv = flask.send_from_directory(""static"", ""hello.txt"")
-        rv.direct_passthrough = False
-        assert rv.data.strip() == b""Hello Subdomain""
-        rv.close()
+
+        with flask.send_from_directory(""static"", ""hello.txt"") as rv:
+            rv.direct_passthrough = False
+            assert rv.data.strip() == b""Hello Subdomain""
 
 
 class TestUrlFor:
@@ -319,15 +311,17 @@ def gen():
 
         # response is closed without reading stream
         client.get().close()
+
         # response stream is read
-        assert client.get().text == ""flask""
+        with client.get() as rv:
+            assert rv.text == ""flask""
 
         # same as above, but with client context preservation
         with client:
             client.get().close()
 
-        with client:
-            assert client.get().text == ""flask""
+        with client, client.get() as rv:
+            assert rv.text == ""flask""
 
 
 class TestHelpers:",64,1,"@@ -32,45 +32,39 @@ def __getattr__(self, name): class TestSendfile: def test_send_file(self, app, req_ctx): rv = flask.send_file(""static/index.html"") assert rv.direct_passthrough assert rv.mimetype == ""text/html"" with app.open_resource(""static/index.html"") as f: rv.direct_passthrough = False assert rv.data == f.read() expect = f.read() rv.close() with flask.send_file(""static/index.html"") as rv: assert rv.direct_passthrough assert rv.mimetype == ""text/html"" rv.direct_passthrough = False assert rv.data == expect def test_static_file(self, app, req_ctx): rv = app.send_static_file(""index.html"") assert rv.cache_control.max_age is None rv.close() with app.send_static_file(""index.html"") as rv: assert rv.cache_control.max_age is None rv = flask.send_file(""static/index.html"") assert rv.cache_control.max_age is None rv.close() with flask.send_file(""static/index.html"") as rv: assert rv.cache_control.max_age is None app.config[""SEND_FILE_MAX_AGE_DEFAULT""] = 3600 rv = app.send_static_file(""index.html"") assert rv.cache_control.max_age == 3600 rv.close() with app.send_static_file(""index.html"") as rv: assert rv.cache_control.max_age == 3600 rv = flask.send_file(""static/index.html"") assert rv.cache_control.max_age == 3600 rv.close() with flask.send_file(""static/index.html"") as rv: assert rv.cache_control.max_age == 3600 rv = app.send_static_file(FakePath(""index.html"")) assert rv.cache_control.max_age == 3600 rv.close() with app.send_static_file(FakePath(""index.html"")) as rv: assert rv.cache_control.max_age == 3600 class StaticFileApp(flask.Flask): def get_send_file_max_age(self, filename): @@ -80,23 +74,21 @@ def get_send_file_max_age(self, filename): with app.test_request_context(): rv = app.send_static_file(""index.html"") assert rv.cache_control.max_age == 10 rv.close() with app.send_static_file(""index.html"") as rv: assert rv.cache_control.max_age == 10 rv = flask.send_file(""static/index.html"") assert rv.cache_control.max_age == 10 rv.close() with flask.send_file(""static/index.html"") as rv: assert rv.cache_control.max_age == 10 def test_send_from_directory(self, app, req_ctx): app.root_path = os.path.join( os.path.dirname(__file__), ""test_apps"", ""subdomaintestmodule"" ) rv = flask.send_from_directory(""static"", ""hello.txt"") rv.direct_passthrough = False assert rv.data.strip() == b""Hello Subdomain"" rv.close() with flask.send_from_directory(""static"", ""hello.txt"") as rv: rv.direct_passthrough = False assert rv.data.strip() == b""Hello Subdomain"" class TestUrlFor: @@ -319,15 +311,17 @@ def gen(): client.get().close() assert client.get().text == ""flask"" with client.get() as rv: assert rv.text == ""flask"" with client: client.get().close() with client: assert client.get().text == ""flask"" with client, client.get() as rv: assert rv.text == ""flask"" class TestHelpers:",1,7,0,0,0,2788
pallets/flask,fbb6f0bc4c60a0bada0e03c3480d0ccf30a3c1df,all teardown callbacks are called despite errors,tests/test_testing.py,"@@ -76,7 +76,6 @@ def index():
         return flask.request.remote_addr
 
     builder = EnvironBuilder(app, path=""/index"", method=""GET"")
-    request.addfinalizer(builder.close)
 
     rv = client.open(builder)
     assert rv.data == b""127.0.0.1""",1,1,"@@ -76,7 +76,6 @@ def index(): return flask.request.remote_addr builder = EnvironBuilder(app, path=""/index"", method=""GET"") request.addfinalizer(builder.close) rv = client.open(builder) assert rv.data == b""127.0.0.1""",1,1,0,0,0,215
pallets/flask,7b0088693ece1bd3a9238a6fdf56ed8df7a4d43b,fix typing,src/flask/app.py,"@@ -1411,8 +1411,8 @@ def process_response(self, ctx: AppContext, response: Response) -> Response:
                 for func in reversed(self.after_request_funcs[name]):
                     response = self.ensure_sync(func)(response)
 
-        if not self.session_interface.is_null_session(ctx._session):
-            self.session_interface.save_session(self, ctx._session, response)
+        if not self.session_interface.is_null_session(ctx._get_session()):
+            self.session_interface.save_session(self, ctx._get_session(), response)
 
         return response
 ",4,1,"@@ -1411,8 +1411,8 @@ def process_response(self, ctx: AppContext, response: Response) -> Response: for func in reversed(self.after_request_funcs[name]): response = self.ensure_sync(func)(response) if not self.session_interface.is_null_session(ctx._session): self.session_interface.save_session(self, ctx._session, response) if not self.session_interface.is_null_session(ctx._get_session()): self.session_interface.save_session(self, ctx._get_session(), response) return response",1,1,1,2,0,478
pallets/flask,a411a2434b09d9cbaa4074232b2c247d591bb655,add back opening session on context push,src/flask/ctx.py,"@@ -377,12 +377,8 @@ def request(self) -> Request:
 
         return self._request
 
-    @property
-    def session(self) -> SessionMixin:
-        """"""The session object associated with this context. Accessed through
-        :data:`.session`. Only available in request contexts, otherwise raises
-        :exc:`RuntimeError`. Accessing this sets :attr:`.SessionMixin.accessed`.
-        """"""
+    def _get_session(self) -> SessionMixin:
+        """"""Open the session if it is not already open for this request context.""""""
         if self._request is None:
             raise RuntimeError(""There is no request in this context."")
 
@@ -393,9 +389,18 @@ def session(self) -> SessionMixin:
             if self._session is None:
                 self._session = si.make_null_session(self.app)
 
-        self._session.accessed = True
         return self._session
 
+    @property
+    def session(self) -> SessionMixin:
+        """"""The session object associated with this context. Accessed through
+        :data:`.session`. Only available in request contexts, otherwise raises
+        :exc:`RuntimeError`. Accessing this sets :attr:`.SessionMixin.accessed`.
+        """"""
+        session = self._get_session()
+        session.accessed = True
+        return session
+
     def match_request(self) -> None:
         """"""Apply routing to the current request, storing either the matched
         endpoint and args, or a routing exception.
@@ -427,8 +432,15 @@ def push(self) -> None:
         self._cv_token = _cv_app.set(self)
         appcontext_pushed.send(self.app, _async_wrapper=self.app.ensure_sync)
 
-        if self._request is not None and self.url_adapter is not None:
-            self.match_request()
+        if self._request is not None:
+            # Open the session at the moment that the request context is available.
+            # This allows a custom open_session method to use the request context.
+            self._get_session()
+
+            # Match the request URL after loading the session, so that the
+            # session is available in custom URL converters.
+            if self.url_adapter is not None:
+                self.match_request()
 
     def pop(self, exc: BaseException | None = None) -> None:
         """"""Pop this context so that it is no longer the active context. Then",30,0,"@@ -377,12 +377,8 @@ def request(self) -> Request: return self._request @property def session(self) -> SessionMixin: def _get_session(self) -> SessionMixin: if self._request is None: raise RuntimeError(""There is no request in this context."") @@ -393,9 +389,18 @@ def session(self) -> SessionMixin: if self._session is None: self._session = si.make_null_session(self.app) self._session.accessed = True return self._session @property def session(self) -> SessionMixin: session = self._get_session() session.accessed = True return session def match_request(self) -> None: Pop this context so that it is no longer the active context. Then",1,6,0,2,0,634
pallets/flask,daca74d93a0edc458e618136de7d14803f06bc28,Merge branch 'stable',src/flask/app.py,"@@ -1411,8 +1411,8 @@ def process_response(self, ctx: AppContext, response: Response) -> Response:
                 for func in reversed(self.after_request_funcs[name]):
                     response = self.ensure_sync(func)(response)
 
-        if not self.session_interface.is_null_session(ctx.session):
-            self.session_interface.save_session(self, ctx.session, response)
+        if not self.session_interface.is_null_session(ctx._session):
+            self.session_interface.save_session(self, ctx._session, response)
 
         return response
 ",4,0,"@@ -1411,8 +1411,8 @@ def process_response(self, ctx: AppContext, response: Response) -> Response: for func in reversed(self.after_request_funcs[name]): response = self.ensure_sync(func)(response) if not self.session_interface.is_null_session(ctx.session): self.session_interface.save_session(self, ctx.session, response) if not self.session_interface.is_null_session(ctx._session): self.session_interface.save_session(self, ctx._session, response) return response",1,1,1,2,0,464
pallets/flask,daca74d93a0edc458e618136de7d14803f06bc28,Merge branch 'stable',src/flask/ctx.py,"@@ -381,7 +381,7 @@ def request(self) -> Request:
     def session(self) -> SessionMixin:
         """"""The session object associated with this context. Accessed through
         :data:`.session`. Only available in request contexts, otherwise raises
-        :exc:`RuntimeError`.
+        :exc:`RuntimeError`. Accessing this sets :attr:`.SessionMixin.accessed`.
         """"""
         if self._request is None:
             raise RuntimeError(""There is no request in this context."")
@@ -393,6 +393,7 @@ def session(self) -> SessionMixin:
             if self._session is None:
                 self._session = si.make_null_session(self.app)
 
+        self._session.accessed = True
         return self._session
 
     def match_request(self) -> None:",3,0,"@@ -381,7 +381,7 @@ def request(self) -> Request: def session(self) -> SessionMixin: if self._request is None: raise RuntimeError(""There is no request in this context."") @@ -393,6 +393,7 @@ def session(self) -> SessionMixin: if self._session is None: self._session = si.make_null_session(self.app) self._session.accessed = True return self._session def match_request(self) -> None:",1,4,0,2,0,381
pallets/flask,daca74d93a0edc458e618136de7d14803f06bc28,Merge branch 'stable',src/flask/sessions.py,"@@ -43,10 +43,15 @@ def permanent(self, value: bool) -> None:
     #: ``True``.
     modified = True
 
-    #: Some implementations can detect when session data is read or
-    #: written and set this when that happens. The mixin default is hard
-    #: coded to ``True``.
-    accessed = True
+    accessed = False
+    """"""Indicates if the session was accessed, even if it was not modified. This
+    is set when the session object is accessed through the request context,
+    including the global :data:`.session` proxy. A ``Vary: cookie`` header will
+    be added if this is ``True``.
+
+    .. versionchanged:: 3.1.3
+        This is tracked by the request context.
+    """"""
 
 
 class SecureCookieSession(CallbackDict[str, t.Any], SessionMixin):
@@ -65,34 +70,15 @@ class SecureCookieSession(CallbackDict[str, t.Any], SessionMixin):
     #: will only be written to the response if this is ``True``.
     modified = False
 
-    #: When data is read or written, this is set to ``True``. Used by
-    # :class:`.SecureCookieSessionInterface` to add a ``Vary: Cookie``
-    #: header, which allows caching proxies to cache different pages for
-    #: different users.
-    accessed = False
-
     def __init__(
         self,
-        initial: c.Mapping[str, t.Any] | c.Iterable[tuple[str, t.Any]] | None = None,
+        initial: c.Mapping[str, t.Any] | None = None,
     ) -> None:
         def on_update(self: te.Self) -> None:
             self.modified = True
-            self.accessed = True
 
         super().__init__(initial, on_update)
 
-    def __getitem__(self, key: str) -> t.Any:
-        self.accessed = True
-        return super().__getitem__(key)
-
-    def get(self, key: str, default: t.Any = None) -> t.Any:
-        self.accessed = True
-        return super().get(key, default)
-
-    def setdefault(self, key: str, default: t.Any = None) -> t.Any:
-        self.accessed = True
-        return super().setdefault(key, default)
-
 
 class NullSession(SecureCookieSession):
     """"""Class used to generate nicer error messages if sessions are not",34,0,"@@ -43,10 +43,15 @@ def permanent(self, value: bool) -> None: modified = True accessed = True accessed = False class SecureCookieSession(CallbackDict[str, t.Any], SessionMixin): @@ -65,34 +70,15 @@ class SecureCookieSession(CallbackDict[str, t.Any], SessionMixin): modified = False accessed = False def __init__( self, initial: c.Mapping[str, t.Any] | c.Iterable[tuple[str, t.Any]] | None = None, initial: c.Mapping[str, t.Any] | None = None, ) -> None: def on_update(self: te.Self) -> None: self.modified = True self.accessed = True super().__init__(initial, on_update) def __getitem__(self, key: str) -> t.Any: self.accessed = True return super().__getitem__(key) def get(self, key: str, default: t.Any = None) -> t.Any: self.accessed = True return super().get(key, default) def setdefault(self, key: str, default: t.Any = None) -> t.Any: self.accessed = True return super().setdefault(key, default) class NullSession(SecureCookieSession): """"""Class used to generate nicer error messages if sessions are not",1,6,0,1,0,1008
pallets/flask,daca74d93a0edc458e618136de7d14803f06bc28,Merge branch 'stable',src/flask/templating.py,"@@ -19,15 +19,16 @@
 
 
 def _default_template_ctx_processor() -> dict[str, t.Any]:
-    """"""Default template context processor.  Injects `request`,
-    `session` and `g`.
+    """"""Default template context processor.  Replaces the ``request`` and ``g``
+    proxies with their concrete objects for faster access.
     """"""
     ctx = app_ctx._get_current_object()
     rv: dict[str, t.Any] = {""g"": ctx.g}
 
     if ctx.has_request:
         rv[""request""] = ctx.request
-        rv[""session""] = ctx.session
+        # The session proxy cannot be replaced, accessing it gets
+        # RequestContext.session, which sets session.accessed.
 
     return rv
 ",7,0,"@@ -19,15 +19,16 @@ def _default_template_ctx_processor() -> dict[str, t.Any]: Default template context processor. Replaces the ``request`` and ``g`` proxies with their concrete objects for faster access. """""" ctx = app_ctx._get_current_object() rv: dict[str, t.Any] = {""g"": ctx.g} if ctx.has_request: rv[""request""] = ctx.request rv[""session""] = ctx.session return rv",1,1,1,1,0,366
pallets/flask,daca74d93a0edc458e618136de7d14803f06bc28,Merge branch 'stable',tests/test_basic.py,"@@ -20,6 +20,7 @@
 from werkzeug.routing import RequestRedirect
 
 import flask
+from flask.globals import app_ctx
 from flask.testing import FlaskClient
 
 require_cpython_gc = pytest.mark.skipif(
@@ -230,27 +231,46 @@ def index():
     assert client.get(""/foo/bar"").data == b""bar""
 
 
-def test_session(app, client):
-    @app.route(""/set"", methods=[""POST""])
-    def set():
-        assert not flask.session.accessed
-        assert not flask.session.modified
+def test_session_accessed(app: flask.Flask, client: FlaskClient) -> None:
+    @app.post(""/"")
+    def do_set():
         flask.session[""value""] = flask.request.form[""value""]
-        assert flask.session.accessed
-        assert flask.session.modified
         return ""value set""
 
-    @app.route(""/get"")
-    def get():
-        assert not flask.session.accessed
-        assert not flask.session.modified
-        v = flask.session.get(""value"", ""None"")
-        assert flask.session.accessed
-        assert not flask.session.modified
-        return v
-
-    assert client.post(""/set"", data={""value"": ""42""}).data == b""value set""
-    assert client.get(""/get"").data == b""42""
+    @app.get(""/"")
+    def do_get():
+        return flask.session.get(""value"", ""None"")
+
+    @app.get(""/nothing"")
+    def do_nothing() -> str:
+        return """"
+
+    with client:
+        rv = client.get(""/nothing"")
+        assert ""cookie"" not in rv.vary
+        assert not app_ctx._session.accessed
+        assert not app_ctx._session.modified
+
+    with client:
+        rv = client.post(data={""value"": ""42""})
+        assert rv.text == ""value set""
+        assert ""cookie"" in rv.vary
+        assert app_ctx._session.accessed
+        assert app_ctx._session.modified
+
+    with client:
+        rv = client.get()
+        assert rv.text == ""42""
+        assert ""cookie"" in rv.vary
+        assert app_ctx._session.accessed
+        assert not app_ctx._session.modified
+
+    with client:
+        rv = client.get(""/nothing"")
+        assert rv.text == """"
+        assert ""cookie"" not in rv.vary
+        assert not app_ctx._session.accessed
+        assert not app_ctx._session.modified
 
 
 def test_session_path(app, client):",56,0,"@@ -20,6 +20,7 @@ from werkzeug.routing import RequestRedirect import flask from flask.globals import app_ctx from flask.testing import FlaskClient require_cpython_gc = pytest.mark.skipif( @@ -230,27 +231,46 @@ def index(): assert client.get(""/foo/bar"").data == b""bar"" def test_session(app, client): @app.route(""/set"", methods=[""POST""]) def set(): assert not flask.session.accessed assert not flask.session.modified def test_session_accessed(app: flask.Flask, client: FlaskClient) -> None: @app.post(""/"") def do_set(): flask.session[""value""] = flask.request.form[""value""] assert flask.session.accessed assert flask.session.modified return ""value set"" @app.route(""/get"") def get(): assert not flask.session.accessed assert not flask.session.modified v = flask.session.get(""value"", ""None"") assert flask.session.accessed assert not flask.session.modified return v assert client.post(""/set"", data={""value"": ""42""}).data == b""value set"" assert client.get(""/get"").data == b""42"" @app.get(""/"") def do_get(): return flask.session.get(""value"", ""None"") @app.get(""/nothing"") def do_nothing() -> str: return """" with client: rv = client.get(""/nothing"") assert ""cookie"" not in rv.vary assert not app_ctx._session.accessed assert not app_ctx._session.modified with client: rv = client.post(data={""value"": ""42""}) assert rv.text == ""value set"" assert ""cookie"" in rv.vary assert app_ctx._session.accessed assert app_ctx._session.modified with client: rv = client.get() assert rv.text == ""42"" assert ""cookie"" in rv.vary assert app_ctx._session.accessed assert not app_ctx._session.modified with client: rv = client.get(""/nothing"") assert rv.text == """" assert ""cookie"" not in rv.vary assert not app_ctx._session.accessed assert not app_ctx._session.modified def test_session_path(app, client):",1,9,0,0,0,1771
pallets/flask,089cb86dd22bff589a4eafb7ab8e42dc357623b4,"Merge commit from fork

request context tracks session access",src/flask/app.py,"@@ -1318,8 +1318,8 @@ def process_response(self, response: Response) -> Response:
                 for func in reversed(self.after_request_funcs[name]):
                     response = self.ensure_sync(func)(response)
 
-        if not self.session_interface.is_null_session(ctx.session):
-            self.session_interface.save_session(self, ctx.session, response)
+        if not self.session_interface.is_null_session(ctx._session):
+            self.session_interface.save_session(self, ctx._session, response)
 
         return response
 ",4,0,"@@ -1318,8 +1318,8 @@ def process_response(self, response: Response) -> Response: for func in reversed(self.after_request_funcs[name]): response = self.ensure_sync(func)(response) if not self.session_interface.is_null_session(ctx.session): self.session_interface.save_session(self, ctx.session, response) if not self.session_interface.is_null_session(ctx._session): self.session_interface.save_session(self, ctx._session, response) return response",1,1,1,2,0,447
pallets/flask,089cb86dd22bff589a4eafb7ab8e42dc357623b4,"Merge commit from fork

request context tracks session access",src/flask/ctx.py,"@@ -324,7 +324,7 @@ def __init__(
         except HTTPException as e:
             self.request.routing_exception = e
         self.flashes: list[tuple[str, str]] | None = None
-        self.session: SessionMixin | None = session
+        self._session: SessionMixin | None = session
         # Functions that should be executed after the request on the response
         # object.  These will be called before the regular ""after_request""
         # functions.
@@ -351,7 +351,7 @@ def copy(self) -> RequestContext:
             self.app,
             environ=self.request.environ,
             request=self.request,
-            session=self.session,
+            session=self._session,
         )
 
     def match_request(self) -> None:
@@ -364,6 +364,16 @@ def match_request(self) -> None:
         except HTTPException as e:
             self.request.routing_exception = e
 
+    @property
+    def session(self) -> SessionMixin:
+        """"""The session data associated with this request. Not available until
+        this context has been pushed. Accessing this property, also accessed by
+        the :data:`~flask.session` proxy, sets :attr:`.SessionMixin.accessed`.
+        """"""
+        assert self._session is not None, ""The session has not yet been opened.""
+        self._session.accessed = True
+        return self._session
+
     def push(self) -> None:
         # Before we push the request context we have to ensure that there
         # is an application context.
@@ -381,12 +391,12 @@ def push(self) -> None:
         # This allows a custom open_session method to use the request context.
         # Only open a new session if this is the first time the request was
         # pushed, otherwise stream_with_context loses the session.
-        if self.session is None:
+        if self._session is None:
             session_interface = self.app.session_interface
-            self.session = session_interface.open_session(self.app, self.request)
+            self._session = session_interface.open_session(self.app, self.request)
 
-            if self.session is None:
-                self.session = session_interface.make_null_session(self.app)
+            if self._session is None:
+                self._session = session_interface.make_null_session(self.app)
 
         # Match the request URL after loading the session, so that the
         # session is available in custom URL converters.",22,0,"@@ -324,7 +324,7 @@ def __init__( except HTTPException as e: self.request.routing_exception = e self.flashes: list[tuple[str, str]] | None = None self.session: SessionMixin | None = session self._session: SessionMixin | None = session @@ -351,7 +351,7 @@ def copy(self) -> RequestContext: self.app, environ=self.request.environ, request=self.request, session=self.session, session=self._session, ) def match_request(self) -> None: @@ -364,6 +364,16 @@ def match_request(self) -> None: except HTTPException as e: self.request.routing_exception = e @property def session(self) -> SessionMixin: assert self._session is not None, ""The session has not yet been opened."" self._session.accessed = True return self._session def push(self) -> None: @@ -381,12 +391,12 @@ def push(self) -> None: if self.session is None: if self._session is None: session_interface = self.app.session_interface self.session = session_interface.open_session(self.app, self.request) self._session = session_interface.open_session(self.app, self.request) if self.session is None: self.session = session_interface.make_null_session(self.app) if self._session is None: self._session = session_interface.make_null_session(self.app)",1,7,0,4,2,1198
pallets/flask,089cb86dd22bff589a4eafb7ab8e42dc357623b4,"Merge commit from fork

request context tracks session access",src/flask/sessions.py,"@@ -43,10 +43,15 @@ def permanent(self, value: bool) -> None:
     #: ``True``.
     modified = True
 
-    #: Some implementations can detect when session data is read or
-    #: written and set this when that happens. The mixin default is hard
-    #: coded to ``True``.
-    accessed = True
+    accessed = False
+    """"""Indicates if the session was accessed, even if it was not modified. This
+    is set when the session object is accessed through the request context,
+    including the global :data:`.session` proxy. A ``Vary: cookie`` header will
+    be added if this is ``True``.
+
+    .. versionchanged:: 3.1.3
+        This is tracked by the request context.
+    """"""
 
 
 class SecureCookieSession(CallbackDict[str, t.Any], SessionMixin):
@@ -65,34 +70,15 @@ class SecureCookieSession(CallbackDict[str, t.Any], SessionMixin):
     #: will only be written to the response if this is ``True``.
     modified = False
 
-    #: When data is read or written, this is set to ``True``. Used by
-    # :class:`.SecureCookieSessionInterface` to add a ``Vary: Cookie``
-    #: header, which allows caching proxies to cache different pages for
-    #: different users.
-    accessed = False
-
     def __init__(
         self,
-        initial: c.Mapping[str, t.Any] | c.Iterable[tuple[str, t.Any]] | None = None,
+        initial: c.Mapping[str, t.Any] | None = None,
     ) -> None:
         def on_update(self: te.Self) -> None:
             self.modified = True
-            self.accessed = True
 
         super().__init__(initial, on_update)
 
-    def __getitem__(self, key: str) -> t.Any:
-        self.accessed = True
-        return super().__getitem__(key)
-
-    def get(self, key: str, default: t.Any = None) -> t.Any:
-        self.accessed = True
-        return super().get(key, default)
-
-    def setdefault(self, key: str, default: t.Any = None) -> t.Any:
-        self.accessed = True
-        return super().setdefault(key, default)
-
 
 class NullSession(SecureCookieSession):
     """"""Class used to generate nicer error messages if sessions are not",34,0,"@@ -43,10 +43,15 @@ def permanent(self, value: bool) -> None: modified = True accessed = True accessed = False class SecureCookieSession(CallbackDict[str, t.Any], SessionMixin): @@ -65,34 +70,15 @@ class SecureCookieSession(CallbackDict[str, t.Any], SessionMixin): modified = False accessed = False def __init__( self, initial: c.Mapping[str, t.Any] | c.Iterable[tuple[str, t.Any]] | None = None, initial: c.Mapping[str, t.Any] | None = None, ) -> None: def on_update(self: te.Self) -> None: self.modified = True self.accessed = True super().__init__(initial, on_update) def __getitem__(self, key: str) -> t.Any: self.accessed = True return super().__getitem__(key) def get(self, key: str, default: t.Any = None) -> t.Any: self.accessed = True return super().get(key, default) def setdefault(self, key: str, default: t.Any = None) -> t.Any: self.accessed = True return super().setdefault(key, default) class NullSession(SecureCookieSession): """"""Class used to generate nicer error messages if sessions are not",1,6,0,1,0,1008
pallets/flask,089cb86dd22bff589a4eafb7ab8e42dc357623b4,"Merge commit from fork

request context tracks session access",src/flask/templating.py,"@@ -22,8 +22,8 @@
 
 
 def _default_template_ctx_processor() -> dict[str, t.Any]:
-    """"""Default template context processor.  Injects `request`,
-    `session` and `g`.
+    """"""Default template context processor.  Replaces the ``request`` and ``g``
+    proxies with their concrete objects for faster access.
     """"""
     appctx = _cv_app.get(None)
     reqctx = _cv_request.get(None)
@@ -32,7 +32,8 @@ def _default_template_ctx_processor() -> dict[str, t.Any]:
         rv[""g""] = appctx.g
     if reqctx is not None:
         rv[""request""] = reqctx.request
-        rv[""session""] = reqctx.session
+        # The session proxy cannot be replaced, accessing it gets
+        # RequestContext.session, which sets session.accessed.
     return rv
 
 ",7,0,"@@ -22,8 +22,8 @@ def _default_template_ctx_processor() -> dict[str, t.Any]: Default template context processor. Replaces the ``request`` and ``g`` proxies with their concrete objects for faster access. """""" appctx = _cv_app.get(None) reqctx = _cv_request.get(None) @@ -32,7 +32,8 @@ def _default_template_ctx_processor() -> dict[str, t.Any]: rv[""g""] = appctx.g if reqctx is not None: rv[""request""] = reqctx.request rv[""session""] = reqctx.session return rv",1,2,1,1,0,455
pallets/flask,089cb86dd22bff589a4eafb7ab8e42dc357623b4,"Merge commit from fork

request context tracks session access",tests/test_basic.py,"@@ -20,6 +20,8 @@
 from werkzeug.routing import RequestRedirect
 
 import flask
+from flask.globals import request_ctx
+from flask.testing import FlaskClient
 
 require_cpython_gc = pytest.mark.skipif(
     python_implementation() != ""CPython"",
@@ -231,27 +233,46 @@ def index():
     assert client.get(""/foo/bar"").data == b""bar""
 
 
-def test_session(app, client):
-    @app.route(""/set"", methods=[""POST""])
-    def set():
-        assert not flask.session.accessed
-        assert not flask.session.modified
+def test_session_accessed(app: flask.Flask, client: FlaskClient) -> None:
+    @app.post(""/"")
+    def do_set():
         flask.session[""value""] = flask.request.form[""value""]
-        assert flask.session.accessed
-        assert flask.session.modified
         return ""value set""
 
-    @app.route(""/get"")
-    def get():
-        assert not flask.session.accessed
-        assert not flask.session.modified
-        v = flask.session.get(""value"", ""None"")
-        assert flask.session.accessed
-        assert not flask.session.modified
-        return v
-
-    assert client.post(""/set"", data={""value"": ""42""}).data == b""value set""
-    assert client.get(""/get"").data == b""42""
+    @app.get(""/"")
+    def do_get():
+        return flask.session.get(""value"", ""None"")
+
+    @app.get(""/nothing"")
+    def do_nothing() -> str:
+        return """"
+
+    with client:
+        rv = client.get(""/nothing"")
+        assert ""cookie"" not in rv.vary
+        assert not request_ctx._session.accessed
+        assert not request_ctx._session.modified
+
+    with client:
+        rv = client.post(data={""value"": ""42""})
+        assert rv.text == ""value set""
+        assert ""cookie"" in rv.vary
+        assert request_ctx._session.accessed
+        assert request_ctx._session.modified
+
+    with client:
+        rv = client.get()
+        assert rv.text == ""42""
+        assert ""cookie"" in rv.vary
+        assert request_ctx._session.accessed
+        assert not request_ctx._session.modified
+
+    with client:
+        rv = client.get(""/nothing"")
+        assert rv.text == """"
+        assert ""cookie"" not in rv.vary
+        assert not request_ctx._session.accessed
+        assert not request_ctx._session.modified
 
 
 def test_session_path(app, client):",57,0,"@@ -20,6 +20,8 @@ from werkzeug.routing import RequestRedirect import flask from flask.globals import request_ctx from flask.testing import FlaskClient require_cpython_gc = pytest.mark.skipif( python_implementation() != ""CPython"", @@ -231,27 +233,46 @@ def index(): assert client.get(""/foo/bar"").data == b""bar"" def test_session(app, client): @app.route(""/set"", methods=[""POST""]) def set(): assert not flask.session.accessed assert not flask.session.modified def test_session_accessed(app: flask.Flask, client: FlaskClient) -> None: @app.post(""/"") def do_set(): flask.session[""value""] = flask.request.form[""value""] assert flask.session.accessed assert flask.session.modified return ""value set"" @app.route(""/get"") def get(): assert not flask.session.accessed assert not flask.session.modified v = flask.session.get(""value"", ""None"") assert flask.session.accessed assert not flask.session.modified return v assert client.post(""/set"", data={""value"": ""42""}).data == b""value set"" assert client.get(""/get"").data == b""42"" @app.get(""/"") def do_get(): return flask.session.get(""value"", ""None"") @app.get(""/nothing"") def do_nothing() -> str: return """" with client: rv = client.get(""/nothing"") assert ""cookie"" not in rv.vary assert not request_ctx._session.accessed assert not request_ctx._session.modified with client: rv = client.post(data={""value"": ""42""}) assert rv.text == ""value set"" assert ""cookie"" in rv.vary assert request_ctx._session.accessed assert request_ctx._session.modified with client: rv = client.get() assert rv.text == ""42"" assert ""cookie"" in rv.vary assert request_ctx._session.accessed assert not request_ctx._session.modified with client: rv = client.get(""/nothing"") assert rv.text == """" assert ""cookie"" not in rv.vary assert not request_ctx._session.accessed assert not request_ctx._session.modified def test_session_path(app, client):",1,9,0,0,0,1845
pallets/flask,c17f379390731543eea33a570a47bd4ef76a54fa,request context tracks session access,src/flask/app.py,"@@ -1318,8 +1318,8 @@ def process_response(self, response: Response) -> Response:
                 for func in reversed(self.after_request_funcs[name]):
                     response = self.ensure_sync(func)(response)
 
-        if not self.session_interface.is_null_session(ctx.session):
-            self.session_interface.save_session(self, ctx.session, response)
+        if not self.session_interface.is_null_session(ctx._session):
+            self.session_interface.save_session(self, ctx._session, response)
 
         return response
 ",4,0,"@@ -1318,8 +1318,8 @@ def process_response(self, response: Response) -> Response: for func in reversed(self.after_request_funcs[name]): response = self.ensure_sync(func)(response) if not self.session_interface.is_null_session(ctx.session): self.session_interface.save_session(self, ctx.session, response) if not self.session_interface.is_null_session(ctx._session): self.session_interface.save_session(self, ctx._session, response) return response",1,1,1,2,0,447
pallets/flask,c17f379390731543eea33a570a47bd4ef76a54fa,request context tracks session access,src/flask/ctx.py,"@@ -324,7 +324,7 @@ def __init__(
         except HTTPException as e:
             self.request.routing_exception = e
         self.flashes: list[tuple[str, str]] | None = None
-        self.session: SessionMixin | None = session
+        self._session: SessionMixin | None = session
         # Functions that should be executed after the request on the response
         # object.  These will be called before the regular ""after_request""
         # functions.
@@ -351,7 +351,7 @@ def copy(self) -> RequestContext:
             self.app,
             environ=self.request.environ,
             request=self.request,
-            session=self.session,
+            session=self._session,
         )
 
     def match_request(self) -> None:
@@ -364,6 +364,16 @@ def match_request(self) -> None:
         except HTTPException as e:
             self.request.routing_exception = e
 
+    @property
+    def session(self) -> SessionMixin:
+        """"""The session data associated with this request. Not available until
+        this context has been pushed. Accessing this property, also accessed by
+        the :data:`~flask.session` proxy, sets :attr:`.SessionMixin.accessed`.
+        """"""
+        assert self._session is not None, ""The session has not yet been opened.""
+        self._session.accessed = True
+        return self._session
+
     def push(self) -> None:
         # Before we push the request context we have to ensure that there
         # is an application context.
@@ -381,12 +391,12 @@ def push(self) -> None:
         # This allows a custom open_session method to use the request context.
         # Only open a new session if this is the first time the request was
         # pushed, otherwise stream_with_context loses the session.
-        if self.session is None:
+        if self._session is None:
             session_interface = self.app.session_interface
-            self.session = session_interface.open_session(self.app, self.request)
+            self._session = session_interface.open_session(self.app, self.request)
 
-            if self.session is None:
-                self.session = session_interface.make_null_session(self.app)
+            if self._session is None:
+                self._session = session_interface.make_null_session(self.app)
 
         # Match the request URL after loading the session, so that the
         # session is available in custom URL converters.",22,0,"@@ -324,7 +324,7 @@ def __init__( except HTTPException as e: self.request.routing_exception = e self.flashes: list[tuple[str, str]] | None = None self.session: SessionMixin | None = session self._session: SessionMixin | None = session @@ -351,7 +351,7 @@ def copy(self) -> RequestContext: self.app, environ=self.request.environ, request=self.request, session=self.session, session=self._session, ) def match_request(self) -> None: @@ -364,6 +364,16 @@ def match_request(self) -> None: except HTTPException as e: self.request.routing_exception = e @property def session(self) -> SessionMixin: assert self._session is not None, ""The session has not yet been opened."" self._session.accessed = True return self._session def push(self) -> None: @@ -381,12 +391,12 @@ def push(self) -> None: if self.session is None: if self._session is None: session_interface = self.app.session_interface self.session = session_interface.open_session(self.app, self.request) self._session = session_interface.open_session(self.app, self.request) if self.session is None: self.session = session_interface.make_null_session(self.app) if self._session is None: self._session = session_interface.make_null_session(self.app)",1,7,0,4,2,1198
pallets/flask,c17f379390731543eea33a570a47bd4ef76a54fa,request context tracks session access,src/flask/sessions.py,"@@ -43,10 +43,15 @@ def permanent(self, value: bool) -> None:
     #: ``True``.
     modified = True
 
-    #: Some implementations can detect when session data is read or
-    #: written and set this when that happens. The mixin default is hard
-    #: coded to ``True``.
-    accessed = True
+    accessed = False
+    """"""Indicates if the session was accessed, even if it was not modified. This
+    is set when the session object is accessed through the request context,
+    including the global :data:`.session` proxy. A ``Vary: cookie`` header will
+    be added if this is ``True``.
+
+    .. versionchanged:: 3.1.3
+        This is tracked by the request context.
+    """"""
 
 
 class SecureCookieSession(CallbackDict[str, t.Any], SessionMixin):
@@ -65,34 +70,15 @@ class SecureCookieSession(CallbackDict[str, t.Any], SessionMixin):
     #: will only be written to the response if this is ``True``.
     modified = False
 
-    #: When data is read or written, this is set to ``True``. Used by
-    # :class:`.SecureCookieSessionInterface` to add a ``Vary: Cookie``
-    #: header, which allows caching proxies to cache different pages for
-    #: different users.
-    accessed = False
-
     def __init__(
         self,
-        initial: c.Mapping[str, t.Any] | c.Iterable[tuple[str, t.Any]] | None = None,
+        initial: c.Mapping[str, t.Any] | None = None,
     ) -> None:
         def on_update(self: te.Self) -> None:
             self.modified = True
-            self.accessed = True
 
         super().__init__(initial, on_update)
 
-    def __getitem__(self, key: str) -> t.Any:
-        self.accessed = True
-        return super().__getitem__(key)
-
-    def get(self, key: str, default: t.Any = None) -> t.Any:
-        self.accessed = True
-        return super().get(key, default)
-
-    def setdefault(self, key: str, default: t.Any = None) -> t.Any:
-        self.accessed = True
-        return super().setdefault(key, default)
-
 
 class NullSession(SecureCookieSession):
     """"""Class used to generate nicer error messages if sessions are not",34,0,"@@ -43,10 +43,15 @@ def permanent(self, value: bool) -> None: modified = True accessed = True accessed = False class SecureCookieSession(CallbackDict[str, t.Any], SessionMixin): @@ -65,34 +70,15 @@ class SecureCookieSession(CallbackDict[str, t.Any], SessionMixin): modified = False accessed = False def __init__( self, initial: c.Mapping[str, t.Any] | c.Iterable[tuple[str, t.Any]] | None = None, initial: c.Mapping[str, t.Any] | None = None, ) -> None: def on_update(self: te.Self) -> None: self.modified = True self.accessed = True super().__init__(initial, on_update) def __getitem__(self, key: str) -> t.Any: self.accessed = True return super().__getitem__(key) def get(self, key: str, default: t.Any = None) -> t.Any: self.accessed = True return super().get(key, default) def setdefault(self, key: str, default: t.Any = None) -> t.Any: self.accessed = True return super().setdefault(key, default) class NullSession(SecureCookieSession): """"""Class used to generate nicer error messages if sessions are not",1,6,0,1,0,1008
pallets/flask,c17f379390731543eea33a570a47bd4ef76a54fa,request context tracks session access,src/flask/templating.py,"@@ -22,8 +22,8 @@
 
 
 def _default_template_ctx_processor() -> dict[str, t.Any]:
-    """"""Default template context processor.  Injects `request`,
-    `session` and `g`.
+    """"""Default template context processor.  Replaces the ``request`` and ``g``
+    proxies with their concrete objects for faster access.
     """"""
     appctx = _cv_app.get(None)
     reqctx = _cv_request.get(None)
@@ -32,7 +32,8 @@ def _default_template_ctx_processor() -> dict[str, t.Any]:
         rv[""g""] = appctx.g
     if reqctx is not None:
         rv[""request""] = reqctx.request
-        rv[""session""] = reqctx.session
+        # The session proxy cannot be replaced, accessing it gets
+        # RequestContext.session, which sets session.accessed.
     return rv
 
 ",7,0,"@@ -22,8 +22,8 @@ def _default_template_ctx_processor() -> dict[str, t.Any]: Default template context processor. Replaces the ``request`` and ``g`` proxies with their concrete objects for faster access. """""" appctx = _cv_app.get(None) reqctx = _cv_request.get(None) @@ -32,7 +32,8 @@ def _default_template_ctx_processor() -> dict[str, t.Any]: rv[""g""] = appctx.g if reqctx is not None: rv[""request""] = reqctx.request rv[""session""] = reqctx.session return rv",1,2,1,1,0,455
pallets/flask,c17f379390731543eea33a570a47bd4ef76a54fa,request context tracks session access,tests/test_basic.py,"@@ -20,6 +20,8 @@
 from werkzeug.routing import RequestRedirect
 
 import flask
+from flask.globals import request_ctx
+from flask.testing import FlaskClient
 
 require_cpython_gc = pytest.mark.skipif(
     python_implementation() != ""CPython"",
@@ -231,27 +233,46 @@ def index():
     assert client.get(""/foo/bar"").data == b""bar""
 
 
-def test_session(app, client):
-    @app.route(""/set"", methods=[""POST""])
-    def set():
-        assert not flask.session.accessed
-        assert not flask.session.modified
+def test_session_accessed(app: flask.Flask, client: FlaskClient) -> None:
+    @app.post(""/"")
+    def do_set():
         flask.session[""value""] = flask.request.form[""value""]
-        assert flask.session.accessed
-        assert flask.session.modified
         return ""value set""
 
-    @app.route(""/get"")
-    def get():
-        assert not flask.session.accessed
-        assert not flask.session.modified
-        v = flask.session.get(""value"", ""None"")
-        assert flask.session.accessed
-        assert not flask.session.modified
-        return v
-
-    assert client.post(""/set"", data={""value"": ""42""}).data == b""value set""
-    assert client.get(""/get"").data == b""42""
+    @app.get(""/"")
+    def do_get():
+        return flask.session.get(""value"", ""None"")
+
+    @app.get(""/nothing"")
+    def do_nothing() -> str:
+        return """"
+
+    with client:
+        rv = client.get(""/nothing"")
+        assert ""cookie"" not in rv.vary
+        assert not request_ctx._session.accessed
+        assert not request_ctx._session.modified
+
+    with client:
+        rv = client.post(data={""value"": ""42""})
+        assert rv.text == ""value set""
+        assert ""cookie"" in rv.vary
+        assert request_ctx._session.accessed
+        assert request_ctx._session.modified
+
+    with client:
+        rv = client.get()
+        assert rv.text == ""42""
+        assert ""cookie"" in rv.vary
+        assert request_ctx._session.accessed
+        assert not request_ctx._session.modified
+
+    with client:
+        rv = client.get(""/nothing"")
+        assert rv.text == """"
+        assert ""cookie"" not in rv.vary
+        assert not request_ctx._session.accessed
+        assert not request_ctx._session.modified
 
 
 def test_session_path(app, client):",57,0,"@@ -20,6 +20,8 @@ from werkzeug.routing import RequestRedirect import flask from flask.globals import request_ctx from flask.testing import FlaskClient require_cpython_gc = pytest.mark.skipif( python_implementation() != ""CPython"", @@ -231,27 +233,46 @@ def index(): assert client.get(""/foo/bar"").data == b""bar"" def test_session(app, client): @app.route(""/set"", methods=[""POST""]) def set(): assert not flask.session.accessed assert not flask.session.modified def test_session_accessed(app: flask.Flask, client: FlaskClient) -> None: @app.post(""/"") def do_set(): flask.session[""value""] = flask.request.form[""value""] assert flask.session.accessed assert flask.session.modified return ""value set"" @app.route(""/get"") def get(): assert not flask.session.accessed assert not flask.session.modified v = flask.session.get(""value"", ""None"") assert flask.session.accessed assert not flask.session.modified return v assert client.post(""/set"", data={""value"": ""42""}).data == b""value set"" assert client.get(""/get"").data == b""42"" @app.get(""/"") def do_get(): return flask.session.get(""value"", ""None"") @app.get(""/nothing"") def do_nothing() -> str: return """" with client: rv = client.get(""/nothing"") assert ""cookie"" not in rv.vary assert not request_ctx._session.accessed assert not request_ctx._session.modified with client: rv = client.post(data={""value"": ""42""}) assert rv.text == ""value set"" assert ""cookie"" in rv.vary assert request_ctx._session.accessed assert request_ctx._session.modified with client: rv = client.get() assert rv.text == ""42"" assert ""cookie"" in rv.vary assert request_ctx._session.accessed assert not request_ctx._session.modified with client: rv = client.get(""/nothing"") assert rv.text == """" assert ""cookie"" not in rv.vary assert not request_ctx._session.accessed assert not request_ctx._session.modified def test_session_path(app, client):",1,9,0,0,0,1845
pallets/flask,d98eb69a354158252854ed4a5c9778e03d089191,revert cli test change,tests/test_cli.py,"@@ -483,17 +483,12 @@ def test_sort(self, app, invoke):
             [""yyy_get_post"", ""static"", ""aaa_post""],
             invoke([""routes"", ""-s"", ""rule""]).output,
         )
-        match_order = [
-            r.endpoint
-            for r in app.url_map.iter_rules()
-            if r.endpoint != ""_automatic_options""
-        ]
+        match_order = [r.endpoint for r in app.url_map.iter_rules()]
         self.expect_order(match_order, invoke([""routes"", ""-s"", ""match""]).output)
 
     def test_all_methods(self, invoke):
         output = invoke([""routes""]).output
-        assert ""HEAD"" not in output
-        assert ""OPTIONS"" not in output
+        assert ""GET, HEAD, OPTIONS, POST"" not in output
 
         output = invoke([""routes"", ""--all-methods""]).output
         assert ""GET, HEAD, OPTIONS, POST"" in output",9,0,"@@ -483,17 +483,12 @@ def test_sort(self, app, invoke): [""yyy_get_post"", ""static"", ""aaa_post""], invoke([""routes"", ""-s"", ""rule""]).output, ) match_order = [ r.endpoint for r in app.url_map.iter_rules() if r.endpoint != ""_automatic_options"" ] match_order = [r.endpoint for r in app.url_map.iter_rules()] self.expect_order(match_order, invoke([""routes"", ""-s"", ""match""]).output) def test_all_methods(self, invoke): output = invoke([""routes""]).output assert ""HEAD"" not in output assert ""OPTIONS"" not in output assert ""GET, HEAD, OPTIONS, POST"" not in output output = invoke([""routes"", ""--all-methods""]).output assert ""GET, HEAD, OPTIONS, POST"" in output",1,2,2,1,0,647
pallets/flask,12e95c93b488725f80753f34b2e0d24838ca4646,fix provide_automatic_options override (#5917),src/flask/sansio/app.py,"@@ -627,19 +627,19 @@ def add_url_rule(
         # Methods that should always be added
         required_methods: set[str] = set(getattr(view_func, ""required_methods"", ()))
 
-        # starting with Flask 0.8 the view_func object can disable and
-        # force-enable the automatic options handling.
         if provide_automatic_options is None:
             provide_automatic_options = getattr(
                 view_func, ""provide_automatic_options"", None
             )
 
-        if provide_automatic_options is None:
-            if ""OPTIONS"" not in methods and self.config[""PROVIDE_AUTOMATIC_OPTIONS""]:
-                provide_automatic_options = True
-                required_methods.add(""OPTIONS"")
-            else:
-                provide_automatic_options = False
+            if provide_automatic_options is None:
+                provide_automatic_options = (
+                    ""OPTIONS"" not in methods
+                    and self.config[""PROVIDE_AUTOMATIC_OPTIONS""]
+                )
+
+        if provide_automatic_options:
+            required_methods.add(""OPTIONS"")
 
         # Add the required methods now.
         methods |= required_methods",16,1,"@@ -627,19 +627,19 @@ def add_url_rule( required_methods: set[str] = set(getattr(view_func, ""required_methods"", ())) if provide_automatic_options is None: provide_automatic_options = getattr( view_func, ""provide_automatic_options"", None ) if provide_automatic_options is None: if ""OPTIONS"" not in methods and self.config[""PROVIDE_AUTOMATIC_OPTIONS""]: provide_automatic_options = True required_methods.add(""OPTIONS"") else: provide_automatic_options = False if provide_automatic_options is None: provide_automatic_options = ( ""OPTIONS"" not in methods and self.config[""PROVIDE_AUTOMATIC_OPTIONS""] ) if provide_automatic_options: required_methods.add(""OPTIONS"") methods |= required_methods",1,1,0,5,0,685
pallets/flask,12e95c93b488725f80753f34b2e0d24838ca4646,fix provide_automatic_options override (#5917),tests/test_basic.py,"@@ -20,6 +20,7 @@
 from werkzeug.routing import RequestRedirect
 
 import flask
+from flask.testing import FlaskClient
 
 require_cpython_gc = pytest.mark.skipif(
     python_implementation() != ""CPython"",
@@ -67,63 +68,61 @@ def test_method_route_no_methods(app):
         app.get(""/"", methods=[""GET"", ""POST""])
 
 
-def test_provide_automatic_options_attr():
-    app = flask.Flask(__name__)
+def test_provide_automatic_options_attr_disable(
+    app: flask.Flask, client: FlaskClient
+) -> None:
+    """"""Automatic options can be disabled by the view func attribute.""""""
 
     def index():
         return ""Hello World!""
 
     index.provide_automatic_options = False
-    app.route(""/"")(index)
-    rv = app.test_client().open(""/"", method=""OPTIONS"")
+    app.add_url_rule(""/"", view_func=index)
+    rv = client.options()
     assert rv.status_code == 405
 
-    app = flask.Flask(__name__)
 
-    def index2():
+def test_provide_automatic_options_attr_enable(
+    app: flask.Flask, client: FlaskClient
+) -> None:
+    """"""When default automatic options is disabled in config, it can still be
+    enabled by the view function attribute.
+    """"""
+    app.config[""PROVIDE_AUTOMATIC_OPTIONS""] = False
+
+    def index():
         return ""Hello World!""
 
-    index2.provide_automatic_options = True
-    app.route(""/"", methods=[""OPTIONS""])(index2)
-    rv = app.test_client().open(""/"", method=""OPTIONS"")
-    assert sorted(rv.allow) == [""OPTIONS""]
+    index.provide_automatic_options = True
+    app.add_url_rule(""/"", view_func=index)
+    rv = client.options()
+    assert rv.allow == {""GET"", ""HEAD"", ""OPTIONS""}
 
 
-def test_provide_automatic_options_kwarg(app, client):
-    def index():
-        return flask.request.method
-
-    def more():
-        return flask.request.method
+def test_provide_automatic_options_arg_disable(
+    app: flask.Flask, client: FlaskClient
+) -> None:
+    """"""Automatic options can be disabled by the route argument.""""""
 
-    app.add_url_rule(""/"", view_func=index, provide_automatic_options=False)
-    app.add_url_rule(
-        ""/more"",
-        view_func=more,
-        methods=[""GET"", ""POST""],
-        provide_automatic_options=False,
-    )
-    assert client.get(""/"").data == b""GET""
+    @app.get(""/"", provide_automatic_options=False)
+    def index():
+        return ""Hello World!""
 
-    rv = client.post(""/"")
+    rv = client.options()
     assert rv.status_code == 405
-    assert sorted(rv.allow) == [""GET"", ""HEAD""]
 
-    rv = client.open(""/"", method=""OPTIONS"")
-    assert rv.status_code == 405
 
-    rv = client.head(""/"")
-    assert rv.status_code == 200
-    assert not rv.data  # head truncates
-    assert client.post(""/more"").data == b""POST""
-    assert client.get(""/more"").data == b""GET""
+def test_provide_automatic_options_method_disable(
+    app: flask.Flask, client: FlaskClient
+) -> None:
+    """"""Automatic options is ignored if the route handles options.""""""
 
-    rv = client.delete(""/more"")
-    assert rv.status_code == 405
-    assert sorted(rv.allow) == [""GET"", ""HEAD"", ""POST""]
+    @app.route(""/"", methods=[""OPTIONS""])
+    def index():
+        return """", {""X-Test"": ""test""}
 
-    rv = client.open(""/more"", method=""OPTIONS"")
-    assert rv.status_code == 405
+    rv = client.options()
+    assert rv.headers[""X-Test""] == ""test""
 
 
 def test_request_dispatching(app, client):",75,1,"@@ -20,6 +20,7 @@ from werkzeug.routing import RequestRedirect import flask from flask.testing import FlaskClient require_cpython_gc = pytest.mark.skipif( python_implementation() != ""CPython"", @@ -67,63 +68,61 @@ def test_method_route_no_methods(app): app.get(""/"", methods=[""GET"", ""POST""]) def test_provide_automatic_options_attr(): app = flask.Flask(__name__) def test_provide_automatic_options_attr_disable( app: flask.Flask, client: FlaskClient ) -> None: def index(): return ""Hello World!"" index.provide_automatic_options = False app.route(""/"")(index) rv = app.test_client().open(""/"", method=""OPTIONS"") app.add_url_rule(""/"", view_func=index) rv = client.options() assert rv.status_code == 405 app = flask.Flask(__name__) def index2(): def test_provide_automatic_options_attr_enable( app: flask.Flask, client: FlaskClient ) -> None: app.config[""PROVIDE_AUTOMATIC_OPTIONS""] = False def index(): return ""Hello World!"" index2.provide_automatic_options = True app.route(""/"", methods=[""OPTIONS""])(index2) rv = app.test_client().open(""/"", method=""OPTIONS"") assert sorted(rv.allow) == [""OPTIONS""] index.provide_automatic_options = True app.add_url_rule(""/"", view_func=index) rv = client.options() assert rv.allow == {""GET"", ""HEAD"", ""OPTIONS""} def test_provide_automatic_options_kwarg(app, client): def index(): return flask.request.method def more(): return flask.request.method def test_provide_automatic_options_arg_disable( app: flask.Flask, client: FlaskClient ) -> None: app.add_url_rule(""/"", view_func=index, provide_automatic_options=False) app.add_url_rule( ""/more"", view_func=more, methods=[""GET"", ""POST""], provide_automatic_options=False, ) assert client.get(""/"").data == b""GET"" @app.get(""/"", provide_automatic_options=False) def index(): return ""Hello World!"" rv = client.post(""/"") rv = client.options() assert rv.status_code == 405 assert sorted(rv.allow) == [""GET"", ""HEAD""] rv = client.open(""/"", method=""OPTIONS"") assert rv.status_code == 405 rv = client.head(""/"") assert rv.status_code == 200 assert not rv.data assert client.post(""/more"").data == b""POST"" assert client.get(""/more"").data == b""GET"" def test_provide_automatic_options_method_disable( app: flask.Flask, client: FlaskClient ) -> None: rv = client.delete(""/more"") assert rv.status_code == 405 assert sorted(rv.allow) == [""GET"", ""HEAD"", ""POST""] @app.route(""/"", methods=[""OPTIONS""]) def index(): return """", {""X-Test"": ""test""} rv = client.open(""/more"", method=""OPTIONS"") assert rv.status_code == 405 rv = client.options() assert rv.headers[""X-Test""] == ""test"" def test_request_dispatching(app, client):",1,15,0,0,0,2571
pallets/flask,12e95c93b488725f80753f34b2e0d24838ca4646,fix provide_automatic_options override (#5917),tests/test_blueprints.py,"@@ -220,28 +220,19 @@ def test_templates_and_static(test_apps):
         assert flask.render_template(""nested/nested.txt"") == ""I'm nested""
 
 
-def test_default_static_max_age(app):
+def test_default_static_max_age(app: flask.Flask) -> None:
     class MyBlueprint(flask.Blueprint):
         def get_send_file_max_age(self, filename):
             return 100
 
-    blueprint = MyBlueprint(""blueprint"", __name__, static_folder=""static"")
+    blueprint = MyBlueprint(
+        ""blueprint"", __name__, url_prefix=""/bp"", static_folder=""static""
+    )
     app.register_blueprint(blueprint)
 
-    # try/finally, in case other tests use this app for Blueprint tests.
-    max_age_default = app.config[""SEND_FILE_MAX_AGE_DEFAULT""]
-    try:
-        with app.test_request_context():
-            unexpected_max_age = 3600
-            if app.config[""SEND_FILE_MAX_AGE_DEFAULT""] == unexpected_max_age:
-                unexpected_max_age = 7200
-            app.config[""SEND_FILE_MAX_AGE_DEFAULT""] = unexpected_max_age
-            rv = blueprint.send_static_file(""index.html"")
-            cc = parse_cache_control_header(rv.headers[""Cache-Control""])
-            assert cc.max_age == 100
-            rv.close()
-    finally:
-        app.config[""SEND_FILE_MAX_AGE_DEFAULT""] = max_age_default
+    with app.test_request_context(), blueprint.send_static_file(""index.html"") as rv:
+        cc = parse_cache_control_header(rv.headers[""Cache-Control""])
+        assert cc.max_age == 100
 
 
 def test_templates_list(test_apps):",23,1,"@@ -220,28 +220,19 @@ def test_templates_and_static(test_apps): assert flask.render_template(""nested/nested.txt"") == ""I'm nested"" def test_default_static_max_age(app): def test_default_static_max_age(app: flask.Flask) -> None: class MyBlueprint(flask.Blueprint): def get_send_file_max_age(self, filename): return 100 blueprint = MyBlueprint(""blueprint"", __name__, static_folder=""static"") blueprint = MyBlueprint( ""blueprint"", __name__, url_prefix=""/bp"", static_folder=""static"" ) app.register_blueprint(blueprint) max_age_default = app.config[""SEND_FILE_MAX_AGE_DEFAULT""] try: with app.test_request_context(): unexpected_max_age = 3600 if app.config[""SEND_FILE_MAX_AGE_DEFAULT""] == unexpected_max_age: unexpected_max_age = 7200 app.config[""SEND_FILE_MAX_AGE_DEFAULT""] = unexpected_max_age rv = blueprint.send_static_file(""index.html"") cc = parse_cache_control_header(rv.headers[""Cache-Control""]) assert cc.max_age == 100 rv.close() finally: app.config[""SEND_FILE_MAX_AGE_DEFAULT""] = max_age_default with app.test_request_context(), blueprint.send_static_file(""index.html"") as rv: cc = parse_cache_control_header(rv.headers[""Cache-Control""]) assert cc.max_age == 100 def test_templates_list(test_apps):",1,5,0,1,1,1200
pallets/flask,12e95c93b488725f80753f34b2e0d24838ca4646,fix provide_automatic_options override (#5917),tests/test_cli.py,"@@ -483,12 +483,18 @@ def test_sort(self, app, invoke):
             [""yyy_get_post"", ""static"", ""aaa_post""],
             invoke([""routes"", ""-s"", ""rule""]).output,
         )
-        match_order = [r.endpoint for r in app.url_map.iter_rules()]
+        match_order = [
+            r.endpoint
+            for r in app.url_map.iter_rules()
+            if r.endpoint != ""_automatic_options""
+        ]
         self.expect_order(match_order, invoke([""routes"", ""-s"", ""match""]).output)
 
     def test_all_methods(self, invoke):
         output = invoke([""routes""]).output
-        assert ""GET, HEAD, OPTIONS, POST"" not in output
+        assert ""HEAD"" not in output
+        assert ""OPTIONS"" not in output
+
         output = invoke([""routes"", ""--all-methods""]).output
         assert ""GET, HEAD, OPTIONS, POST"" in output
 ",10,1,"@@ -483,12 +483,18 @@ def test_sort(self, app, invoke): [""yyy_get_post"", ""static"", ""aaa_post""], invoke([""routes"", ""-s"", ""rule""]).output, ) match_order = [r.endpoint for r in app.url_map.iter_rules()] match_order = [ r.endpoint for r in app.url_map.iter_rules() if r.endpoint != ""_automatic_options"" ] self.expect_order(match_order, invoke([""routes"", ""-s"", ""match""]).output) def test_all_methods(self, invoke): output = invoke([""routes""]).output assert ""GET, HEAD, OPTIONS, POST"" not in output assert ""HEAD"" not in output assert ""OPTIONS"" not in output output = invoke([""routes"", ""--all-methods""]).output assert ""GET, HEAD, OPTIONS, POST"" in output",1,2,2,1,0,647
pallets/flask,12e95c93b488725f80753f34b2e0d24838ca4646,fix provide_automatic_options override (#5917),tests/test_views.py,"@@ -2,6 +2,7 @@
 from werkzeug.http import parse_set_header
 
 import flask.views
+from flask.testing import FlaskClient
 
 
 def common_test(app):
@@ -98,44 +99,55 @@ def dispatch_request(self):
     assert rv.data == b""Awesome""
 
 
-def test_view_provide_automatic_options_attr():
-    app = flask.Flask(__name__)
+def test_view_provide_automatic_options_attr_disable(
+    app: flask.Flask, client: FlaskClient
+) -> None:
+    """"""Automatic options can be disabled by the view class attribute.""""""
 
-    class Index1(flask.views.View):
+    class Index(flask.views.View):
         provide_automatic_options = False
 
         def dispatch_request(self):
             return ""Hello World!""
 
-    app.add_url_rule(""/"", view_func=Index1.as_view(""index""))
-    c = app.test_client()
-    rv = c.open(""/"", method=""OPTIONS"")
+    app.add_url_rule(""/"", view_func=Index.as_view(""index""))
+    rv = client.options()
     assert rv.status_code == 405
 
-    app = flask.Flask(__name__)
 
-    class Index2(flask.views.View):
-        methods = [""OPTIONS""]
+def test_view_provide_automatic_options_attr_enable(
+    app: flask.Flask, client: FlaskClient
+) -> None:
+    """"""When default automatic options is disabled in config, it can still be
+    enabled by the view class attribute.
+    """"""
+    app.config[""PROVIDE_AUTOMATIC_OPTIONS""] = False
+
+    class Index(flask.views.View):
         provide_automatic_options = True
 
         def dispatch_request(self):
             return ""Hello World!""
 
-    app.add_url_rule(""/"", view_func=Index2.as_view(""index""))
-    c = app.test_client()
-    rv = c.open(""/"", method=""OPTIONS"")
-    assert sorted(rv.allow) == [""OPTIONS""]
+    app.add_url_rule(""/"", view_func=Index.as_view(""index""))
+    rv = client.options(""/"")
+    assert rv.allow == {""GET"", ""HEAD"", ""OPTIONS""}
 
-    app = flask.Flask(__name__)
 
-    class Index3(flask.views.View):
+def test_provide_automatic_options_method_disable(
+    app: flask.Flask, client: FlaskClient
+) -> None:
+    """"""Automatic options is ignored if the route handles options.""""""
+
+    class Index(flask.views.View):
+        methods = [""OPTIONS""]
+
         def dispatch_request(self):
-            return ""Hello World!""
+            return """", {""X-Test"": ""test""}
 
-    app.add_url_rule(""/"", view_func=Index3.as_view(""index""))
-    c = app.test_client()
-    rv = c.open(""/"", method=""OPTIONS"")
-    assert ""OPTIONS"" in rv.allow
+    app.add_url_rule(""/"", view_func=Index.as_view(""index""))
+    rv = client.options()
+    assert rv.headers[""X-Test""] == ""test""
 
 
 def test_implicit_head(app, client):
@@ -180,7 +192,7 @@ def dispatch_request(self):
     app.add_url_rule(""/"", view_func=Index.as_view(""index""))
 
     with pytest.raises(AssertionError):
-        app.add_url_rule(""/"", view_func=Index.as_view(""index""))
+        app.add_url_rule(""/other"", view_func=Index.as_view(""index""))
 
     # But these tests should still pass. We just log a warning.
     common_test(app)",54,1,"@@ -2,6 +2,7 @@ from werkzeug.http import parse_set_header import flask.views from flask.testing import FlaskClient def common_test(app): @@ -98,44 +99,55 @@ def dispatch_request(self): assert rv.data == b""Awesome"" def test_view_provide_automatic_options_attr(): app = flask.Flask(__name__) def test_view_provide_automatic_options_attr_disable( app: flask.Flask, client: FlaskClient ) -> None: class Index1(flask.views.View): class Index(flask.views.View): provide_automatic_options = False def dispatch_request(self): return ""Hello World!"" app.add_url_rule(""/"", view_func=Index1.as_view(""index"")) c = app.test_client() rv = c.open(""/"", method=""OPTIONS"") app.add_url_rule(""/"", view_func=Index.as_view(""index"")) rv = client.options() assert rv.status_code == 405 app = flask.Flask(__name__) class Index2(flask.views.View): methods = [""OPTIONS""] def test_view_provide_automatic_options_attr_enable( app: flask.Flask, client: FlaskClient ) -> None: app.config[""PROVIDE_AUTOMATIC_OPTIONS""] = False class Index(flask.views.View): provide_automatic_options = True def dispatch_request(self): return ""Hello World!"" app.add_url_rule(""/"", view_func=Index2.as_view(""index"")) c = app.test_client() rv = c.open(""/"", method=""OPTIONS"") assert sorted(rv.allow) == [""OPTIONS""] app.add_url_rule(""/"", view_func=Index.as_view(""index"")) rv = client.options(""/"") assert rv.allow == {""GET"", ""HEAD"", ""OPTIONS""} app = flask.Flask(__name__) class Index3(flask.views.View): def test_provide_automatic_options_method_disable( app: flask.Flask, client: FlaskClient ) -> None: class Index(flask.views.View): methods = [""OPTIONS""] def dispatch_request(self): return ""Hello World!"" return """", {""X-Test"": ""test""} app.add_url_rule(""/"", view_func=Index3.as_view(""index"")) c = app.test_client() rv = c.open(""/"", method=""OPTIONS"") assert ""OPTIONS"" in rv.allow app.add_url_rule(""/"", view_func=Index.as_view(""index"")) rv = client.options() assert rv.headers[""X-Test""] == ""test"" def test_implicit_head(app, client): @@ -180,7 +192,7 @@ def dispatch_request(self): app.add_url_rule(""/"", view_func=Index.as_view(""index"")) with pytest.raises(AssertionError): app.add_url_rule(""/"", view_func=Index.as_view(""index"")) app.add_url_rule(""/other"", view_func=Index.as_view(""index"")) common_test(app)",1,11,0,0,0,2250
pallets/flask,e82db2ca3a22c9614c1987392c9cfaa8c6ce99ad,fix provide_automatic_options override,src/flask/sansio/app.py,"@@ -627,19 +627,19 @@ def add_url_rule(
         # Methods that should always be added
         required_methods: set[str] = set(getattr(view_func, ""required_methods"", ()))
 
-        # starting with Flask 0.8 the view_func object can disable and
-        # force-enable the automatic options handling.
         if provide_automatic_options is None:
             provide_automatic_options = getattr(
                 view_func, ""provide_automatic_options"", None
             )
 
-        if provide_automatic_options is None:
-            if ""OPTIONS"" not in methods and self.config[""PROVIDE_AUTOMATIC_OPTIONS""]:
-                provide_automatic_options = True
-                required_methods.add(""OPTIONS"")
-            else:
-                provide_automatic_options = False
+            if provide_automatic_options is None:
+                provide_automatic_options = (
+                    ""OPTIONS"" not in methods
+                    and self.config[""PROVIDE_AUTOMATIC_OPTIONS""]
+                )
+
+        if provide_automatic_options:
+            required_methods.add(""OPTIONS"")
 
         # Add the required methods now.
         methods |= required_methods",16,1,"@@ -627,19 +627,19 @@ def add_url_rule( required_methods: set[str] = set(getattr(view_func, ""required_methods"", ())) if provide_automatic_options is None: provide_automatic_options = getattr( view_func, ""provide_automatic_options"", None ) if provide_automatic_options is None: if ""OPTIONS"" not in methods and self.config[""PROVIDE_AUTOMATIC_OPTIONS""]: provide_automatic_options = True required_methods.add(""OPTIONS"") else: provide_automatic_options = False if provide_automatic_options is None: provide_automatic_options = ( ""OPTIONS"" not in methods and self.config[""PROVIDE_AUTOMATIC_OPTIONS""] ) if provide_automatic_options: required_methods.add(""OPTIONS"") methods |= required_methods",1,1,0,5,0,685
pallets/flask,e82db2ca3a22c9614c1987392c9cfaa8c6ce99ad,fix provide_automatic_options override,tests/test_basic.py,"@@ -20,6 +20,7 @@
 from werkzeug.routing import RequestRedirect
 
 import flask
+from flask.testing import FlaskClient
 
 require_cpython_gc = pytest.mark.skipif(
     python_implementation() != ""CPython"",
@@ -67,63 +68,61 @@ def test_method_route_no_methods(app):
         app.get(""/"", methods=[""GET"", ""POST""])
 
 
-def test_provide_automatic_options_attr():
-    app = flask.Flask(__name__)
+def test_provide_automatic_options_attr_disable(
+    app: flask.Flask, client: FlaskClient
+) -> None:
+    """"""Automatic options can be disabled by the view func attribute.""""""
 
     def index():
         return ""Hello World!""
 
     index.provide_automatic_options = False
-    app.route(""/"")(index)
-    rv = app.test_client().open(""/"", method=""OPTIONS"")
+    app.add_url_rule(""/"", view_func=index)
+    rv = client.options()
     assert rv.status_code == 405
 
-    app = flask.Flask(__name__)
 
-    def index2():
+def test_provide_automatic_options_attr_enable(
+    app: flask.Flask, client: FlaskClient
+) -> None:
+    """"""When default automatic options is disabled in config, it can still be
+    enabled by the view function attribute.
+    """"""
+    app.config[""PROVIDE_AUTOMATIC_OPTIONS""] = False
+
+    def index():
         return ""Hello World!""
 
-    index2.provide_automatic_options = True
-    app.route(""/"", methods=[""OPTIONS""])(index2)
-    rv = app.test_client().open(""/"", method=""OPTIONS"")
-    assert sorted(rv.allow) == [""OPTIONS""]
+    index.provide_automatic_options = True
+    app.add_url_rule(""/"", view_func=index)
+    rv = client.options()
+    assert rv.allow == {""GET"", ""HEAD"", ""OPTIONS""}
 
 
-def test_provide_automatic_options_kwarg(app, client):
-    def index():
-        return flask.request.method
-
-    def more():
-        return flask.request.method
+def test_provide_automatic_options_arg_disable(
+    app: flask.Flask, client: FlaskClient
+) -> None:
+    """"""Automatic options can be disabled by the route argument.""""""
 
-    app.add_url_rule(""/"", view_func=index, provide_automatic_options=False)
-    app.add_url_rule(
-        ""/more"",
-        view_func=more,
-        methods=[""GET"", ""POST""],
-        provide_automatic_options=False,
-    )
-    assert client.get(""/"").data == b""GET""
+    @app.get(""/"", provide_automatic_options=False)
+    def index():
+        return ""Hello World!""
 
-    rv = client.post(""/"")
+    rv = client.options()
     assert rv.status_code == 405
-    assert sorted(rv.allow) == [""GET"", ""HEAD""]
 
-    rv = client.open(""/"", method=""OPTIONS"")
-    assert rv.status_code == 405
 
-    rv = client.head(""/"")
-    assert rv.status_code == 200
-    assert not rv.data  # head truncates
-    assert client.post(""/more"").data == b""POST""
-    assert client.get(""/more"").data == b""GET""
+def test_provide_automatic_options_method_disable(
+    app: flask.Flask, client: FlaskClient
+) -> None:
+    """"""Automatic options is ignored if the route handles options.""""""
 
-    rv = client.delete(""/more"")
-    assert rv.status_code == 405
-    assert sorted(rv.allow) == [""GET"", ""HEAD"", ""POST""]
+    @app.route(""/"", methods=[""OPTIONS""])
+    def index():
+        return """", {""X-Test"": ""test""}
 
-    rv = client.open(""/more"", method=""OPTIONS"")
-    assert rv.status_code == 405
+    rv = client.options()
+    assert rv.headers[""X-Test""] == ""test""
 
 
 def test_request_dispatching(app, client):",75,1,"@@ -20,6 +20,7 @@ from werkzeug.routing import RequestRedirect import flask from flask.testing import FlaskClient require_cpython_gc = pytest.mark.skipif( python_implementation() != ""CPython"", @@ -67,63 +68,61 @@ def test_method_route_no_methods(app): app.get(""/"", methods=[""GET"", ""POST""]) def test_provide_automatic_options_attr(): app = flask.Flask(__name__) def test_provide_automatic_options_attr_disable( app: flask.Flask, client: FlaskClient ) -> None: def index(): return ""Hello World!"" index.provide_automatic_options = False app.route(""/"")(index) rv = app.test_client().open(""/"", method=""OPTIONS"") app.add_url_rule(""/"", view_func=index) rv = client.options() assert rv.status_code == 405 app = flask.Flask(__name__) def index2(): def test_provide_automatic_options_attr_enable( app: flask.Flask, client: FlaskClient ) -> None: app.config[""PROVIDE_AUTOMATIC_OPTIONS""] = False def index(): return ""Hello World!"" index2.provide_automatic_options = True app.route(""/"", methods=[""OPTIONS""])(index2) rv = app.test_client().open(""/"", method=""OPTIONS"") assert sorted(rv.allow) == [""OPTIONS""] index.provide_automatic_options = True app.add_url_rule(""/"", view_func=index) rv = client.options() assert rv.allow == {""GET"", ""HEAD"", ""OPTIONS""} def test_provide_automatic_options_kwarg(app, client): def index(): return flask.request.method def more(): return flask.request.method def test_provide_automatic_options_arg_disable( app: flask.Flask, client: FlaskClient ) -> None: app.add_url_rule(""/"", view_func=index, provide_automatic_options=False) app.add_url_rule( ""/more"", view_func=more, methods=[""GET"", ""POST""], provide_automatic_options=False, ) assert client.get(""/"").data == b""GET"" @app.get(""/"", provide_automatic_options=False) def index(): return ""Hello World!"" rv = client.post(""/"") rv = client.options() assert rv.status_code == 405 assert sorted(rv.allow) == [""GET"", ""HEAD""] rv = client.open(""/"", method=""OPTIONS"") assert rv.status_code == 405 rv = client.head(""/"") assert rv.status_code == 200 assert not rv.data assert client.post(""/more"").data == b""POST"" assert client.get(""/more"").data == b""GET"" def test_provide_automatic_options_method_disable( app: flask.Flask, client: FlaskClient ) -> None: rv = client.delete(""/more"") assert rv.status_code == 405 assert sorted(rv.allow) == [""GET"", ""HEAD"", ""POST""] @app.route(""/"", methods=[""OPTIONS""]) def index(): return """", {""X-Test"": ""test""} rv = client.open(""/more"", method=""OPTIONS"") assert rv.status_code == 405 rv = client.options() assert rv.headers[""X-Test""] == ""test"" def test_request_dispatching(app, client):",1,15,0,0,0,2571
pallets/flask,e82db2ca3a22c9614c1987392c9cfaa8c6ce99ad,fix provide_automatic_options override,tests/test_blueprints.py,"@@ -220,28 +220,19 @@ def test_templates_and_static(test_apps):
         assert flask.render_template(""nested/nested.txt"") == ""I'm nested""
 
 
-def test_default_static_max_age(app):
+def test_default_static_max_age(app: flask.Flask) -> None:
     class MyBlueprint(flask.Blueprint):
         def get_send_file_max_age(self, filename):
             return 100
 
-    blueprint = MyBlueprint(""blueprint"", __name__, static_folder=""static"")
+    blueprint = MyBlueprint(
+        ""blueprint"", __name__, url_prefix=""/bp"", static_folder=""static""
+    )
     app.register_blueprint(blueprint)
 
-    # try/finally, in case other tests use this app for Blueprint tests.
-    max_age_default = app.config[""SEND_FILE_MAX_AGE_DEFAULT""]
-    try:
-        with app.test_request_context():
-            unexpected_max_age = 3600
-            if app.config[""SEND_FILE_MAX_AGE_DEFAULT""] == unexpected_max_age:
-                unexpected_max_age = 7200
-            app.config[""SEND_FILE_MAX_AGE_DEFAULT""] = unexpected_max_age
-            rv = blueprint.send_static_file(""index.html"")
-            cc = parse_cache_control_header(rv.headers[""Cache-Control""])
-            assert cc.max_age == 100
-            rv.close()
-    finally:
-        app.config[""SEND_FILE_MAX_AGE_DEFAULT""] = max_age_default
+    with app.test_request_context(), blueprint.send_static_file(""index.html"") as rv:
+        cc = parse_cache_control_header(rv.headers[""Cache-Control""])
+        assert cc.max_age == 100
 
 
 def test_templates_list(test_apps):",23,1,"@@ -220,28 +220,19 @@ def test_templates_and_static(test_apps): assert flask.render_template(""nested/nested.txt"") == ""I'm nested"" def test_default_static_max_age(app): def test_default_static_max_age(app: flask.Flask) -> None: class MyBlueprint(flask.Blueprint): def get_send_file_max_age(self, filename): return 100 blueprint = MyBlueprint(""blueprint"", __name__, static_folder=""static"") blueprint = MyBlueprint( ""blueprint"", __name__, url_prefix=""/bp"", static_folder=""static"" ) app.register_blueprint(blueprint) max_age_default = app.config[""SEND_FILE_MAX_AGE_DEFAULT""] try: with app.test_request_context(): unexpected_max_age = 3600 if app.config[""SEND_FILE_MAX_AGE_DEFAULT""] == unexpected_max_age: unexpected_max_age = 7200 app.config[""SEND_FILE_MAX_AGE_DEFAULT""] = unexpected_max_age rv = blueprint.send_static_file(""index.html"") cc = parse_cache_control_header(rv.headers[""Cache-Control""]) assert cc.max_age == 100 rv.close() finally: app.config[""SEND_FILE_MAX_AGE_DEFAULT""] = max_age_default with app.test_request_context(), blueprint.send_static_file(""index.html"") as rv: cc = parse_cache_control_header(rv.headers[""Cache-Control""]) assert cc.max_age == 100 def test_templates_list(test_apps):",1,5,0,1,1,1200
pallets/flask,e82db2ca3a22c9614c1987392c9cfaa8c6ce99ad,fix provide_automatic_options override,tests/test_cli.py,"@@ -483,12 +483,18 @@ def test_sort(self, app, invoke):
             [""yyy_get_post"", ""static"", ""aaa_post""],
             invoke([""routes"", ""-s"", ""rule""]).output,
         )
-        match_order = [r.endpoint for r in app.url_map.iter_rules()]
+        match_order = [
+            r.endpoint
+            for r in app.url_map.iter_rules()
+            if r.endpoint != ""_automatic_options""
+        ]
         self.expect_order(match_order, invoke([""routes"", ""-s"", ""match""]).output)
 
     def test_all_methods(self, invoke):
         output = invoke([""routes""]).output
-        assert ""GET, HEAD, OPTIONS, POST"" not in output
+        assert ""HEAD"" not in output
+        assert ""OPTIONS"" not in output
+
         output = invoke([""routes"", ""--all-methods""]).output
         assert ""GET, HEAD, OPTIONS, POST"" in output
 ",10,1,"@@ -483,12 +483,18 @@ def test_sort(self, app, invoke): [""yyy_get_post"", ""static"", ""aaa_post""], invoke([""routes"", ""-s"", ""rule""]).output, ) match_order = [r.endpoint for r in app.url_map.iter_rules()] match_order = [ r.endpoint for r in app.url_map.iter_rules() if r.endpoint != ""_automatic_options"" ] self.expect_order(match_order, invoke([""routes"", ""-s"", ""match""]).output) def test_all_methods(self, invoke): output = invoke([""routes""]).output assert ""GET, HEAD, OPTIONS, POST"" not in output assert ""HEAD"" not in output assert ""OPTIONS"" not in output output = invoke([""routes"", ""--all-methods""]).output assert ""GET, HEAD, OPTIONS, POST"" in output",1,2,2,1,0,647
pallets/flask,e82db2ca3a22c9614c1987392c9cfaa8c6ce99ad,fix provide_automatic_options override,tests/test_views.py,"@@ -2,6 +2,7 @@
 from werkzeug.http import parse_set_header
 
 import flask.views
+from flask.testing import FlaskClient
 
 
 def common_test(app):
@@ -98,44 +99,55 @@ def dispatch_request(self):
     assert rv.data == b""Awesome""
 
 
-def test_view_provide_automatic_options_attr():
-    app = flask.Flask(__name__)
+def test_view_provide_automatic_options_attr_disable(
+    app: flask.Flask, client: FlaskClient
+) -> None:
+    """"""Automatic options can be disabled by the view class attribute.""""""
 
-    class Index1(flask.views.View):
+    class Index(flask.views.View):
         provide_automatic_options = False
 
         def dispatch_request(self):
             return ""Hello World!""
 
-    app.add_url_rule(""/"", view_func=Index1.as_view(""index""))
-    c = app.test_client()
-    rv = c.open(""/"", method=""OPTIONS"")
+    app.add_url_rule(""/"", view_func=Index.as_view(""index""))
+    rv = client.options()
     assert rv.status_code == 405
 
-    app = flask.Flask(__name__)
 
-    class Index2(flask.views.View):
-        methods = [""OPTIONS""]
+def test_view_provide_automatic_options_attr_enable(
+    app: flask.Flask, client: FlaskClient
+) -> None:
+    """"""When default automatic options is disabled in config, it can still be
+    enabled by the view class attribute.
+    """"""
+    app.config[""PROVIDE_AUTOMATIC_OPTIONS""] = False
+
+    class Index(flask.views.View):
         provide_automatic_options = True
 
         def dispatch_request(self):
             return ""Hello World!""
 
-    app.add_url_rule(""/"", view_func=Index2.as_view(""index""))
-    c = app.test_client()
-    rv = c.open(""/"", method=""OPTIONS"")
-    assert sorted(rv.allow) == [""OPTIONS""]
+    app.add_url_rule(""/"", view_func=Index.as_view(""index""))
+    rv = client.options(""/"")
+    assert rv.allow == {""GET"", ""HEAD"", ""OPTIONS""}
 
-    app = flask.Flask(__name__)
 
-    class Index3(flask.views.View):
+def test_provide_automatic_options_method_disable(
+    app: flask.Flask, client: FlaskClient
+) -> None:
+    """"""Automatic options is ignored if the route handles options.""""""
+
+    class Index(flask.views.View):
+        methods = [""OPTIONS""]
+
         def dispatch_request(self):
-            return ""Hello World!""
+            return """", {""X-Test"": ""test""}
 
-    app.add_url_rule(""/"", view_func=Index3.as_view(""index""))
-    c = app.test_client()
-    rv = c.open(""/"", method=""OPTIONS"")
-    assert ""OPTIONS"" in rv.allow
+    app.add_url_rule(""/"", view_func=Index.as_view(""index""))
+    rv = client.options()
+    assert rv.headers[""X-Test""] == ""test""
 
 
 def test_implicit_head(app, client):
@@ -180,7 +192,7 @@ def dispatch_request(self):
     app.add_url_rule(""/"", view_func=Index.as_view(""index""))
 
     with pytest.raises(AssertionError):
-        app.add_url_rule(""/"", view_func=Index.as_view(""index""))
+        app.add_url_rule(""/other"", view_func=Index.as_view(""index""))
 
     # But these tests should still pass. We just log a warning.
     common_test(app)",54,1,"@@ -2,6 +2,7 @@ from werkzeug.http import parse_set_header import flask.views from flask.testing import FlaskClient def common_test(app): @@ -98,44 +99,55 @@ def dispatch_request(self): assert rv.data == b""Awesome"" def test_view_provide_automatic_options_attr(): app = flask.Flask(__name__) def test_view_provide_automatic_options_attr_disable( app: flask.Flask, client: FlaskClient ) -> None: class Index1(flask.views.View): class Index(flask.views.View): provide_automatic_options = False def dispatch_request(self): return ""Hello World!"" app.add_url_rule(""/"", view_func=Index1.as_view(""index"")) c = app.test_client() rv = c.open(""/"", method=""OPTIONS"") app.add_url_rule(""/"", view_func=Index.as_view(""index"")) rv = client.options() assert rv.status_code == 405 app = flask.Flask(__name__) class Index2(flask.views.View): methods = [""OPTIONS""] def test_view_provide_automatic_options_attr_enable( app: flask.Flask, client: FlaskClient ) -> None: app.config[""PROVIDE_AUTOMATIC_OPTIONS""] = False class Index(flask.views.View): provide_automatic_options = True def dispatch_request(self): return ""Hello World!"" app.add_url_rule(""/"", view_func=Index2.as_view(""index"")) c = app.test_client() rv = c.open(""/"", method=""OPTIONS"") assert sorted(rv.allow) == [""OPTIONS""] app.add_url_rule(""/"", view_func=Index.as_view(""index"")) rv = client.options(""/"") assert rv.allow == {""GET"", ""HEAD"", ""OPTIONS""} app = flask.Flask(__name__) class Index3(flask.views.View): def test_provide_automatic_options_method_disable( app: flask.Flask, client: FlaskClient ) -> None: class Index(flask.views.View): methods = [""OPTIONS""] def dispatch_request(self): return ""Hello World!"" return """", {""X-Test"": ""test""} app.add_url_rule(""/"", view_func=Index3.as_view(""index"")) c = app.test_client() rv = c.open(""/"", method=""OPTIONS"") assert ""OPTIONS"" in rv.allow app.add_url_rule(""/"", view_func=Index.as_view(""index"")) rv = client.options() assert rv.headers[""X-Test""] == ""test"" def test_implicit_head(app, client): @@ -180,7 +192,7 @@ def dispatch_request(self): app.add_url_rule(""/"", view_func=Index.as_view(""index"")) with pytest.raises(AssertionError): app.add_url_rule(""/"", view_func=Index.as_view(""index"")) app.add_url_rule(""/other"", view_func=Index.as_view(""index"")) common_test(app)",1,11,0,0,0,2250
pallets/flask,d3b78fd18a8d9e224cb9ef58a23cec9b1ffc9ce9,Merge remote-tracking branch 'origin/stable',examples/tutorial/flaskr/__init__.py,"@@ -21,10 +21,7 @@ def create_app(test_config=None):
         app.config.update(test_config)
 
     # ensure the instance folder exists
-    try:
-        os.makedirs(app.instance_path)
-    except OSError:
-        pass
+    os.makedirs(app.instance_path, exist_ok=True)
 
     @app.route(""/hello"")
     def hello():",5,0,"@@ -21,10 +21,7 @@ def create_app(test_config=None): app.config.update(test_config) try: os.makedirs(app.instance_path) except OSError: pass os.makedirs(app.instance_path, exist_ok=True) @app.route(""/hello"") def hello():",1,2,0,0,2,220
django/django,526b548cfb9c8a02ea2b7ae064ef3b795305d51a,"Fixed #36542 -- Marked authenticate() with @sensitive_variables() decorator.

Thanks Olivier Dalang, Tim McCurrach, Sarah Boyce, and Mar Bartolome for reviews.",django/contrib/auth/backends.py,"@@ -3,6 +3,7 @@
 from django.contrib.auth import get_user_model
 from django.contrib.auth.models import Permission
 from django.db.models import Exists, OuterRef, Q
+from django.views.decorators.debug import sensitive_variables
 
 UserModel = get_user_model()
 
@@ -56,6 +57,7 @@ class ModelBackend(BaseBackend):
     Authenticates against settings.AUTH_USER_MODEL.
     """"""
 
+    @sensitive_variables(""password"")
     def authenticate(self, request, username=None, password=None, **kwargs):
         if username is None:
             username = kwargs.get(UserModel.USERNAME_FIELD)
@@ -71,6 +73,7 @@ def authenticate(self, request, username=None, password=None, **kwargs):
             if user.check_password(password) and self.user_can_authenticate(user):
                 return user
 
+    @sensitive_variables(""password"")
     async def aauthenticate(self, request, username=None, password=None, **kwargs):
         if username is None:
             username = kwargs.get(UserModel.USERNAME_FIELD)",3,1,"@@ -3,6 +3,7 @@ from django.contrib.auth import get_user_model from django.contrib.auth.models import Permission from django.db.models import Exists, OuterRef, Q from django.views.decorators.debug import sensitive_variables UserModel = get_user_model() @@ -56,6 +57,7 @@ class ModelBackend(BaseBackend): Authenticates against settings.AUTH_USER_MODEL. """""" @sensitive_variables(""password"") def authenticate(self, request, username=None, password=None, **kwargs): if username is None: username = kwargs.get(UserModel.USERNAME_FIELD) @@ -71,6 +73,7 @@ def authenticate(self, request, username=None, password=None, **kwargs): if user.check_password(password) and self.user_can_authenticate(user): return user @sensitive_variables(""password"") async def aauthenticate(self, request, username=None, password=None, **kwargs): if username is None: username = kwargs.get(UserModel.USERNAME_FIELD)",1,3,0,3,0,886
django/django,526b548cfb9c8a02ea2b7ae064ef3b795305d51a,"Fixed #36542 -- Marked authenticate() with @sensitive_variables() decorator.

Thanks Olivier Dalang, Tim McCurrach, Sarah Boyce, and Mar Bartolome for reviews.",tests/auth_tests/models/custom_user.py,"@@ -143,3 +143,17 @@ class ExtensionUser(AbstractUser):
         custom_objects = UserManager()
 
         REQUIRED_FIELDS = AbstractUser.REQUIRED_FIELDS + [""date_of_birth""]
+
+
+class ErrorUserManager(BaseUserManager):
+    def get_by_natural_key(self, _):
+        raise TypeError
+
+    async def aget_by_natural_key(self, _):
+        raise TypeError
+
+
+with RemoveGroupsAndPermissions():
+
+    class ErrorAdminUser(AbstractUser):
+        custom_objects = ErrorUserManager()",14,1,"@@ -143,3 +143,17 @@ class ExtensionUser(AbstractUser): custom_objects = UserManager() REQUIRED_FIELDS = AbstractUser.REQUIRED_FIELDS + [""date_of_birth""] class ErrorUserManager(BaseUserManager): def get_by_natural_key(self, _): raise TypeError async def aget_by_natural_key(self, _): raise TypeError with RemoveGroupsAndPermissions(): class ErrorAdminUser(AbstractUser): custom_objects = ErrorUserManager()",1,2,0,0,0,406
django/django,526b548cfb9c8a02ea2b7ae064ef3b795305d51a,"Fixed #36542 -- Marked authenticate() with @sensitive_variables() decorator.

Thanks Olivier Dalang, Tim McCurrach, Sarah Boyce, and Mar Bartolome for reviews.",tests/auth_tests/test_auth_backends.py,"@@ -1146,6 +1146,42 @@ async def test_aauthenticate_sensitive_variables(self):
             status_code=500,
         )
 
+    @override_settings(AUTH_USER_MODEL=""auth_tests.ErrorAdminUser"")
+    def test_model_backend_authenticate_sensitive_variables(self):
+        try:
+            authenticate(username=""testusername"", password=self.sensitive_password)
+        except TypeError:
+            exc_info = sys.exc_info()
+        rf = RequestFactory()
+        response = technical_500_response(rf.get(""/""), *exc_info)
+        self.assertNotContains(response, self.sensitive_password, status_code=500)
+        self.assertContains(
+            response,
+            '<tr><td>password</td><td class=""code"">'
+            ""<pre>&#39;********************&#39;</pre></td></tr>"",
+            html=True,
+            status_code=500,
+        )
+
+    @override_settings(AUTH_USER_MODEL=""auth_tests.ErrorAdminUser"")
+    async def test_model_backend_async_authenticate_sensitive_variables(self):
+        try:
+            await aauthenticate(
+                username=""testusername"", password=self.sensitive_password
+            )
+        except TypeError:
+            exc_info = sys.exc_info()
+        rf = RequestFactory()
+        response = technical_500_response(rf.get(""/""), *exc_info)
+        self.assertNotContains(response, self.sensitive_password, status_code=500)
+        self.assertContains(
+            response,
+            '<tr><td>password</td><td class=""code"">'
+            ""<pre>&#39;********************&#39;</pre></td></tr>"",
+            html=True,
+            status_code=500,
+        )
+
     def test_clean_credentials_sensitive_variables(self):
         try:
             # Passing in a list to cause an exception",36,1,"@@ -1146,6 +1146,42 @@ async def test_aauthenticate_sensitive_variables(self): status_code=500, ) @override_settings(AUTH_USER_MODEL=""auth_tests.ErrorAdminUser"") def test_model_backend_authenticate_sensitive_variables(self): try: authenticate(username=""testusername"", password=self.sensitive_password) except TypeError: exc_info = sys.exc_info() rf = RequestFactory() response = technical_500_response(rf.get(""/""), *exc_info) self.assertNotContains(response, self.sensitive_password, status_code=500) self.assertContains( response, '<tr><td>password</td><td class=""code"">' ""<pre>& html=True, status_code=500, ) @override_settings(AUTH_USER_MODEL=""auth_tests.ErrorAdminUser"") async def test_model_backend_async_authenticate_sensitive_variables(self): try: await aauthenticate( username=""testusername"", password=self.sensitive_password ) except TypeError: exc_info = sys.exc_info() rf = RequestFactory() response = technical_500_response(rf.get(""/""), *exc_info) self.assertNotContains(response, self.sensitive_password, status_code=500) self.assertContains( response, '<tr><td>password</td><td class=""code"">' ""<pre>& html=True, status_code=500, ) def test_clean_credentials_sensitive_variables(self): try:",1,4,0,0,5,1203
django/django,ad073338d02fce884301d159f30eaf17c7f2d246,"Reverted inadvertent changes to PK formatting in tests.

Bad conflict resolution in 63c56cda133a85a158502891c40465bc0331d3d9
reverted bits of d007fcf7291cc3c24d4545e23c759bde22b6a8a6.",tests/model_formsets/tests.py,"@@ -1268,8 +1268,8 @@ def test_custom_pk(self):
             '<p><label for=""id_form-0-owner"">Owner:</label>'
             '<select name=""form-0-owner"" id=""id_form-0-owner"">'
             '<option value="""" selected>- Select an option -</option>'
-            '<option value=""%d"">Joe Perry at Giordanos</option>'
-            '<option value=""%d"">Jack Berry at Giordanos</option>'
+            '<option value=""%s"">Joe Perry at Giordanos</option>'
+            '<option value=""%s"">Jack Berry at Giordanos</option>'
             ""</select></p>""
             '<p><label for=""id_form-0-age"">Age:</label>'
             '<input type=""number"" name=""form-0-age"" id=""id_form-0-age"" min=""0""></p>'",4,0,"@@ -1268,8 +1268,8 @@ def test_custom_pk(self): '<p><label for=""id_form-0-owner"">Owner:</label>' '<select name=""form-0-owner"" id=""id_form-0-owner"">' '<option value="""" selected>- Select an option -</option>' '<option value=""%d"">Joe Perry at Giordanos</option>' '<option value=""%d"">Jack Berry at Giordanos</option>' '<option value=""%s"">Joe Perry at Giordanos</option>' '<option value=""%s"">Jack Berry at Giordanos</option>' ""</select></p>"" '<p><label for=""id_form-0-age"">Age:</label>' '<input type=""number"" name=""form-0-age"" id=""id_form-0-age"" min=""0""></p>'",1,1,2,0,0,554
django/django,ad073338d02fce884301d159f30eaf17c7f2d246,"Reverted inadvertent changes to PK formatting in tests.

Bad conflict resolution in 63c56cda133a85a158502891c40465bc0331d3d9
reverted bits of d007fcf7291cc3c24d4545e23c759bde22b6a8a6.",tests/modeladmin/tests.py,"@@ -662,7 +662,7 @@ class ConcertAdminWithForm(ModelAdmin):
             '<select data-context=""available-source"" '
             'name=""main_band"" id=""id_main_band"" required>'
             '<option value="""" selected>- Select an option -</option>'
-            '<option value=""%d"">The Doors</option>'
+            '<option value=""%s"">The Doors</option>'
             ""</select></div>"" % self.band.id,
         )
 ",2,0,"@@ -662,7 +662,7 @@ class ConcertAdminWithForm(ModelAdmin): '<select data-context=""available-source"" ' 'name=""main_band"" id=""id_main_band"" required>' '<option value="""" selected>- Select an option -</option>' '<option value=""%d"">The Doors</option>' '<option value=""%s"">The Doors</option>' ""</select></div>"" % self.band.id, )",1,0,0,0,0,323
django/django,183e6505b64c140ad2ad64626c52bba88fc13edd,Refs #35943 -- Fixed admin_views.test_related_object_lookups crash when selenium is not installed.,tests/admin_views/test_related_object_lookups.py,"@@ -1,5 +1,3 @@
-from selenium.common.exceptions import TimeoutException
-
 from django.contrib.admin.tests import AdminSeleniumTestCase
 from django.contrib.auth.models import User
 from django.test import override_settings
@@ -183,6 +181,7 @@ def test_related_object_add_js_actions(self):
         )
 
     def test_child_popup_not_closed_when_parent_minimized(self):
+        from selenium.common.exceptions import TimeoutException
         from selenium.webdriver.common.by import By
 
         album_add_url = reverse(""admin:admin_views_album_add"")",3,1,"@@ -1,5 +1,3 @@ from selenium.common.exceptions import TimeoutException from django.contrib.admin.tests import AdminSeleniumTestCase from django.contrib.auth.models import User from django.test import override_settings @@ -183,6 +181,7 @@ def test_related_object_add_js_actions(self): ) def test_child_popup_not_closed_when_parent_minimized(self): from selenium.common.exceptions import TimeoutException from selenium.webdriver.common.by import By album_add_url = reverse(""admin:admin_views_album_add"")",1,2,0,0,0,502
django/django,fa2a3de6ede10b005fc2c1d23f4cffb53eaec425,"Fixed #10919 -- Added delete_confirmation_max_display to ModelAdmin.

The new ModelAdmin.delete_confirmation_max_display attribute allows
limiting the number of related objects shown on the delete confirmation
page. When the limit is reached, a ""…and N more objects."" message is shown.

The feature relies on a new truncated_unordered_list template filter
added to django.contrib.admin.templatetags.admin_filters.

Thanks Jacob Tyler Walls for the review and guidance, Tobias McNulty for the report,
and terminator14 for the solution suggested.",django/contrib/admin/actions.py,"@@ -70,6 +70,7 @@ def delete_selected(modeladmin, request, queryset):
         ""subtitle"": None,
         ""objects_name"": str(objects_name),
         ""deletable_objects"": [deletable_objects],
+        ""delete_confirmation_max_display"": modeladmin.delete_confirmation_max_display,
         ""model_count"": dict(model_count).items(),
         ""queryset"": queryset,
         ""perms_lacking"": perms_needed,",1,1,"@@ -70,6 +70,7 @@ def delete_selected(modeladmin, request, queryset): ""subtitle"": None, ""objects_name"": str(objects_name), ""deletable_objects"": [deletable_objects], ""delete_confirmation_max_display"": modeladmin.delete_confirmation_max_display, ""model_count"": dict(model_count).items(), ""queryset"": queryset, ""perms_lacking"": perms_needed,",1,1,0,0,0,338
django/django,fa2a3de6ede10b005fc2c1d23f4cffb53eaec425,"Fixed #10919 -- Added delete_confirmation_max_display to ModelAdmin.

The new ModelAdmin.delete_confirmation_max_display attribute allows
limiting the number of related objects shown on the delete confirmation
page. When the limit is reached, a ""…and N more objects."" message is shown.

The feature relies on a new truncated_unordered_list template filter
added to django.contrib.admin.templatetags.admin_filters.

Thanks Jacob Tyler Walls for the review and guidance, Tobias McNulty for the report,
and terminator14 for the solution suggested.",django/contrib/admin/checks.py,"@@ -842,6 +842,7 @@ def check(self, admin_obj, **kwargs):
             *self._check_search_fields(admin_obj),
             *self._check_date_hierarchy(admin_obj),
             *self._check_actions(admin_obj),
+            *self._check_delete_confirmation_max_display(admin_obj),
         ]
 
     def _check_save_as(self, obj):
@@ -1089,6 +1090,25 @@ def _check_list_select_related(self, obj):
         else:
             return []
 
+    def _check_delete_confirmation_max_display(self, obj):
+        """"""Check that delete_confirmation_max_display is
+        a non-negative integer or None.""""""
+
+        if obj.delete_confirmation_max_display is None:
+            return []
+        if (
+            not isinstance(obj.delete_confirmation_max_display, int)
+            or obj.delete_confirmation_max_display < 0
+        ):
+            return must_be(
+                ""a non-negative integer or None"",
+                option=""delete_confirmation_max_display"",
+                obj=obj,
+                id=""admin.E131"",
+            )
+        else:
+            return []
+
     def _check_list_per_page(self, obj):
         """"""Check that list_per_page is an integer.""""""
 ",20,1,"@@ -842,6 +842,7 @@ def check(self, admin_obj, **kwargs): *self._check_search_fields(admin_obj), *self._check_date_hierarchy(admin_obj), *self._check_actions(admin_obj), *self._check_delete_confirmation_max_display(admin_obj), ] def _check_save_as(self, obj): @@ -1089,6 +1090,25 @@ def _check_list_select_related(self, obj): else: return [] def _check_delete_confirmation_max_display(self, obj): if obj.delete_confirmation_max_display is None: return [] if ( not isinstance(obj.delete_confirmation_max_display, int) or obj.delete_confirmation_max_display < 0 ): return must_be( ""a non-negative integer or None"", option=""delete_confirmation_max_display"", obj=obj, id=""admin.E131"", ) else: return [] def _check_list_per_page(self, obj):",1,5,0,2,0,735
django/django,fa2a3de6ede10b005fc2c1d23f4cffb53eaec425,"Fixed #10919 -- Added delete_confirmation_max_display to ModelAdmin.

The new ModelAdmin.delete_confirmation_max_display attribute allows
limiting the number of related objects shown on the delete confirmation
page. When the limit is reached, a ""…and N more objects."" message is shown.

The feature relies on a new truncated_unordered_list template filter
added to django.contrib.admin.templatetags.admin_filters.

Thanks Jacob Tyler Walls for the review and guidance, Tobias McNulty for the report,
and terminator14 for the solution suggested.",django/contrib/admin/options.py,"@@ -662,6 +662,7 @@ class ModelAdmin(BaseModelAdmin):
     add_form_template = None
     change_form_template = None
     change_list_template = None
+    delete_confirmation_max_display = None
     delete_confirmation_template = None
     delete_selected_confirmation_template = None
     object_history_template = None
@@ -2287,6 +2288,7 @@ def _delete_view(self, request, object_id, extra_context):
             ""object"": obj,
             ""escaped_object"": display_for_value(str(obj), EMPTY_VALUE_STRING),
             ""deleted_objects"": deleted_objects,
+            ""delete_confirmation_max_display"": self.delete_confirmation_max_display,
             ""model_count"": dict(model_count).items(),
             ""perms_lacking"": perms_needed,
             ""protected"": protected,",2,1,"@@ -662,6 +662,7 @@ class ModelAdmin(BaseModelAdmin): add_form_template = None change_form_template = None change_list_template = None delete_confirmation_max_display = None delete_confirmation_template = None delete_selected_confirmation_template = None object_history_template = None @@ -2287,6 +2288,7 @@ def _delete_view(self, request, object_id, extra_context): ""object"": obj, ""escaped_object"": display_for_value(str(obj), EMPTY_VALUE_STRING), ""deleted_objects"": deleted_objects, ""delete_confirmation_max_display"": self.delete_confirmation_max_display, ""model_count"": dict(model_count).items(), ""perms_lacking"": perms_needed, ""protected"": protected,",1,1,0,0,0,654
django/django,fa2a3de6ede10b005fc2c1d23f4cffb53eaec425,"Fixed #10919 -- Added delete_confirmation_max_display to ModelAdmin.

The new ModelAdmin.delete_confirmation_max_display attribute allows
limiting the number of related objects shown on the delete confirmation
page. When the limit is reached, a ""…and N more objects."" message is shown.

The feature relies on a new truncated_unordered_list template filter
added to django.contrib.admin.templatetags.admin_filters.

Thanks Jacob Tyler Walls for the review and guidance, Tobias McNulty for the report,
and terminator14 for the solution suggested.",django/contrib/admin/utils.py,"@@ -130,7 +130,8 @@ def get_deleted_objects(objs, request, admin_site):
     must be a homogeneous iterable of objects (e.g. a QuerySet).
 
     Return a nested list of strings suitable for display in the
-    template with the ``unordered_list`` filter.
+    template with the ``unordered_list``
+    and ``truncated_unordered_list`` filters.
     """"""
     from django.contrib.admin.options import EMPTY_VALUE_STRING
 ",3,1,"@@ -130,7 +130,8 @@ def get_deleted_objects(objs, request, admin_site): must be a homogeneous iterable of objects (e.g. a QuerySet). Return a nested list of strings suitable for display in the template with the ``unordered_list`` filter. template with the ``unordered_list`` and ``truncated_unordered_list`` filters. """""" from django.contrib.admin.options import EMPTY_VALUE_STRING",1,1,1,0,0,380
django/django,fa2a3de6ede10b005fc2c1d23f4cffb53eaec425,"Fixed #10919 -- Added delete_confirmation_max_display to ModelAdmin.

The new ModelAdmin.delete_confirmation_max_display attribute allows
limiting the number of related objects shown on the delete confirmation
page. When the limit is reached, a ""…and N more objects."" message is shown.

The feature relies on a new truncated_unordered_list template filter
added to django.contrib.admin.templatetags.admin_filters.

Thanks Jacob Tyler Walls for the review and guidance, Tobias McNulty for the report,
and terminator14 for the solution suggested.",tests/admin_views/customadmin.py,"@@ -60,8 +60,19 @@ class CustomPwdTemplateUserAdmin(UserAdmin):
 
 
 class BookAdmin(admin.ModelAdmin):
+    delete_confirmation_max_display = 1
+
     def get_deleted_objects(self, objs, request):
-        return [""a deletable object""], {""books"": 1}, set(), []
+        return (
+            [""a deletable object"", ""another object"", ""last object""],
+            {""books"": 1},
+            set(),
+            [],
+        )
+
+
+class BookAdminZeroDisplay(BookAdmin):
+    delete_confirmation_max_display = 0
 
 
 site = Admin2(name=""admin2"")
@@ -80,3 +91,6 @@ def get_deleted_objects(self, objs, request):
 
 simple_site = Admin2(name=""admin4"")
 simple_site.register(User, CustomPwdTemplateUserAdmin)
+
+zero_display_site = Admin2(name=""admin_zero_display"")
+zero_display_site.register(models.Book, BookAdminZeroDisplay)",16,1,"@@ -60,8 +60,19 @@ class CustomPwdTemplateUserAdmin(UserAdmin): class BookAdmin(admin.ModelAdmin): delete_confirmation_max_display = 1 def get_deleted_objects(self, objs, request): return [""a deletable object""], {""books"": 1}, set(), [] return ( [""a deletable object"", ""another object"", ""last object""], {""books"": 1}, set(), [], ) class BookAdminZeroDisplay(BookAdmin): delete_confirmation_max_display = 0 site = Admin2(name=""admin2"") @@ -80,3 +91,6 @@ def get_deleted_objects(self, objs, request): simple_site = Admin2(name=""admin4"") simple_site.register(User, CustomPwdTemplateUserAdmin) zero_display_site = Admin2(name=""admin_zero_display"") zero_display_site.register(models.Book, BookAdminZeroDisplay)",1,2,0,0,0,703
django/django,fa2a3de6ede10b005fc2c1d23f4cffb53eaec425,"Fixed #10919 -- Added delete_confirmation_max_display to ModelAdmin.

The new ModelAdmin.delete_confirmation_max_display attribute allows
limiting the number of related objects shown on the delete confirmation
page. When the limit is reached, a ""…and N more objects."" message is shown.

The feature relies on a new truncated_unordered_list template filter
added to django.contrib.admin.templatetags.admin_filters.

Thanks Jacob Tyler Walls for the review and guidance, Tobias McNulty for the report,
and terminator14 for the solution suggested.",tests/admin_views/test_actions.py,"@@ -220,6 +220,19 @@ def test_delete_selected_uses_get_deleted_objects(self):
         # BookAdmin.get_deleted_objects() returns custom text.
         self.assertContains(response, ""a deletable object"")
 
+    def test_delete_selected_uses_delete_confirmation_max_display(self):
+        book = Book.objects.create(name=""Test Book"")
+        data = {
+            ACTION_CHECKBOX_NAME: [book.pk],
+            ""action"": ""delete_selected"",
+            ""index"": 0,
+        }
+        response = self.client.post(reverse(""admin2:admin_views_book_changelist""), data)
+        self.assertContains(response, ""a deletable object"")
+        self.assertContains(response, ""…and 2 more objects."")
+        self.assertNotContains(response, ""another object"")
+        self.assertNotContains(response, ""last object"")
+
     def test_custom_function_mail_action(self):
         """"""A custom action may be defined in a function.""""""
         action_data = {",13,1,"@@ -220,6 +220,19 @@ def test_delete_selected_uses_get_deleted_objects(self): self.assertContains(response, ""a deletable object"") def test_delete_selected_uses_delete_confirmation_max_display(self): book = Book.objects.create(name=""Test Book"") data = { ACTION_CHECKBOX_NAME: [book.pk], ""action"": ""delete_selected"", ""index"": 0, } response = self.client.post(reverse(""admin2:admin_views_book_changelist""), data) self.assertContains(response, ""a deletable object"") self.assertContains(response, ""…and 2 more objects."") self.assertNotContains(response, ""another object"") self.assertNotContains(response, ""last object"") def test_custom_function_mail_action(self): action_data = {",1,3,0,0,0,674
django/django,fa2a3de6ede10b005fc2c1d23f4cffb53eaec425,"Fixed #10919 -- Added delete_confirmation_max_display to ModelAdmin.

The new ModelAdmin.delete_confirmation_max_display attribute allows
limiting the number of related objects shown on the delete confirmation
page. When the limit is reached, a ""…and N more objects."" message is shown.

The feature relies on a new truncated_unordered_list template filter
added to django.contrib.admin.templatetags.admin_filters.

Thanks Jacob Tyler Walls for the review and guidance, Tobias McNulty for the report,
and terminator14 for the solution suggested.",tests/admin_views/tests.py,"@@ -4198,6 +4198,26 @@ def test_delete_view_uses_get_deleted_objects(self):
         # BookAdmin.get_deleted_objects() returns custom text.
         self.assertContains(response, ""a deletable object"")
 
+    def test_delete_view_uses_delete_confirmation_max_display(self):
+        book = Book.objects.create(name=""Test Book"")
+        response = self.client.get(
+            reverse(""admin2:admin_views_book_delete"", args=(book.pk,))
+        )
+        self.assertContains(response, ""a deletable object"")
+        self.assertContains(response, ""…and 2 more objects."")
+        self.assertNotContains(response, ""another object"")
+        self.assertNotContains(response, ""last object"")
+
+    def test_delete_view_hides_objects_when_delete_confirmation_max_display_is_zero(
+        self,
+    ):
+        book = Book.objects.create(name=""Test Book"")
+        response = self.client.get(
+            reverse(""admin_zero_display:admin_views_book_delete"", args=(book.pk,))
+        )
+        self.assertNotContains(response, ""<h2>Objects</h2>"")
+        self.assertNotContains(response, 'id=""deleted-objects""')
+
 
 @override_settings(ROOT_URLCONF=""admin_views.urls"")
 class TestGenericRelations(TestCase):",20,1,"@@ -4198,6 +4198,26 @@ def test_delete_view_uses_get_deleted_objects(self): self.assertContains(response, ""a deletable object"") def test_delete_view_uses_delete_confirmation_max_display(self): book = Book.objects.create(name=""Test Book"") response = self.client.get( reverse(""admin2:admin_views_book_delete"", args=(book.pk,)) ) self.assertContains(response, ""a deletable object"") self.assertContains(response, ""…and 2 more objects."") self.assertNotContains(response, ""another object"") self.assertNotContains(response, ""last object"") def test_delete_view_hides_objects_when_delete_confirmation_max_display_is_zero( self, ): book = Book.objects.create(name=""Test Book"") response = self.client.get( reverse(""admin_zero_display:admin_views_book_delete"", args=(book.pk,)) ) self.assertNotContains(response, ""<h2>Objects</h2>"") self.assertNotContains(response, 'id=""deleted-objects""') @override_settings(ROOT_URLCONF=""admin_views.urls"") class TestGenericRelations(TestCase):",1,3,0,0,0,967
django/django,fa2a3de6ede10b005fc2c1d23f4cffb53eaec425,"Fixed #10919 -- Added delete_confirmation_max_display to ModelAdmin.

The new ModelAdmin.delete_confirmation_max_display attribute allows
limiting the number of related objects shown on the delete confirmation
page. When the limit is reached, a ""…and N more objects."" message is shown.

The feature relies on a new truncated_unordered_list template filter
added to django.contrib.admin.templatetags.admin_filters.

Thanks Jacob Tyler Walls for the review and guidance, Tobias McNulty for the report,
and terminator14 for the solution suggested.",tests/admin_views/urls.py,"@@ -35,6 +35,7 @@ def non_admin_view(request):
     path(""test_admin/admin11/"", admin.site11.urls),
     path(""test_admin/admin12/"", admin.site12.urls),
     path(""test_admin/admin13/"", admin.site13.urls),
+    path(""test_admin/admin_zero_display/"", customadmin.zero_display_site.urls),
     path(""test_admin/has_permission_admin/"", custom_has_permission_admin.site.urls),
     path(""test_admin/autocomplete_admin/"", autocomplete_site.urls),
     # Shares the admin URL prefix.",1,1,"@@ -35,6 +35,7 @@ def non_admin_view(request): path(""test_admin/admin11/"", admin.site11.urls), path(""test_admin/admin12/"", admin.site12.urls), path(""test_admin/admin13/"", admin.site13.urls), path(""test_admin/admin_zero_display/"", customadmin.zero_display_site.urls), path(""test_admin/has_permission_admin/"", custom_has_permission_admin.site.urls), path(""test_admin/autocomplete_admin/"", autocomplete_site.urls),",1,1,0,0,0,411
django/django,fa2a3de6ede10b005fc2c1d23f4cffb53eaec425,"Fixed #10919 -- Added delete_confirmation_max_display to ModelAdmin.

The new ModelAdmin.delete_confirmation_max_display attribute allows
limiting the number of related objects shown on the delete confirmation
page. When the limit is reached, a ""…and N more objects."" message is shown.

The feature relies on a new truncated_unordered_list template filter
added to django.contrib.admin.templatetags.admin_filters.

Thanks Jacob Tyler Walls for the review and guidance, Tobias McNulty for the report,
and terminator14 for the solution suggested.",tests/modeladmin/test_checks.py,"@@ -1020,6 +1020,50 @@ class TestModelAdmin(ModelAdmin):
         self.assertIsValid(TestModelAdmin, ValidationTestModel)
 
 
+class DeleteConfirmationMaxObjectsCheckTests(CheckTestCase):
+    def test_not_integer(self):
+        class TestModelAdmin(ModelAdmin):
+            delete_confirmation_max_display = ""hello""
+
+        self.assertIsInvalid(
+            TestModelAdmin,
+            ValidationTestModel,
+            (
+                ""The value of ""
+                ""'delete_confirmation_max_display'""
+                "" must be a non-negative integer or None.""
+            ),
+            ""admin.E131"",
+        )
+
+    def test_negative_integer(self):
+        class TestModelAdmin(ModelAdmin):
+            delete_confirmation_max_display = -1
+
+        self.assertIsInvalid(
+            TestModelAdmin,
+            ValidationTestModel,
+            (
+                ""The value of ""
+                ""'delete_confirmation_max_display'""
+                "" must be a non-negative integer or None.""
+            ),
+            ""admin.E131"",
+        )
+
+    def test_valid_case(self):
+        class TestModelAdmin(ModelAdmin):
+            delete_confirmation_max_display = 100
+
+        self.assertIsValid(TestModelAdmin, ValidationTestModel)
+
+    def test_valid_none(self):
+        class TestModelAdmin(ModelAdmin):
+            delete_confirmation_max_display = None
+
+        self.assertIsValid(TestModelAdmin, ValidationTestModel)
+
+
 class SearchFieldsCheckTests(CheckTestCase):
     def test_not_iterable(self):
         class TestModelAdmin(ModelAdmin):",44,1,"@@ -1020,6 +1020,50 @@ class TestModelAdmin(ModelAdmin): self.assertIsValid(TestModelAdmin, ValidationTestModel) class DeleteConfirmationMaxObjectsCheckTests(CheckTestCase): def test_not_integer(self): class TestModelAdmin(ModelAdmin): delete_confirmation_max_display = ""hello"" self.assertIsInvalid( TestModelAdmin, ValidationTestModel, ( ""The value of "" ""'delete_confirmation_max_display'"" "" must be a non-negative integer or None."" ), ""admin.E131"", ) def test_negative_integer(self): class TestModelAdmin(ModelAdmin): delete_confirmation_max_display = -1 self.assertIsInvalid( TestModelAdmin, ValidationTestModel, ( ""The value of "" ""'delete_confirmation_max_display'"" "" must be a non-negative integer or None."" ), ""admin.E131"", ) def test_valid_case(self): class TestModelAdmin(ModelAdmin): delete_confirmation_max_display = 100 self.assertIsValid(TestModelAdmin, ValidationTestModel) def test_valid_none(self): class TestModelAdmin(ModelAdmin): delete_confirmation_max_display = None self.assertIsValid(TestModelAdmin, ValidationTestModel) class SearchFieldsCheckTests(CheckTestCase): def test_not_iterable(self): class TestModelAdmin(ModelAdmin):",1,5,0,0,0,1150
django/django,a586f03f36f511064f171c0e30f4ca2ebfd60085,Refs #10919 -- Refactored walk_items as module-level _walk_items and added truncated_unordered_list filter.,django/contrib/admin/templatetags/admin_filters.py,"@@ -1,7 +1,10 @@
 from django import template
 from django.contrib.admin.options import EMPTY_VALUE_STRING
 from django.contrib.admin.utils import display_for_value
-from django.template.defaultfilters import stringfilter
+from django.template.defaultfilters import _walk_items, stringfilter
+from django.utils.html import conditional_escape
+from django.utils.safestring import mark_safe
+from django.utils.translation import ngettext
 
 register = template.Library()
 
@@ -10,3 +13,67 @@
 @stringfilter
 def to_object_display_value(value):
     return display_for_value(str(value), EMPTY_VALUE_STRING)
+
+
+@register.filter(is_safe=True, needs_autoescape=True)
+def truncated_unordered_list(value, max_items, autoescape=True):
+    """"""
+    Render an unordered list, showing at most ``max_items`` items and a
+    ""...and N more objects."" item at the end.
+
+    Usage::
+
+        {{ deleted_objects|truncated_unordered_list:100 }}
+    """"""
+
+    has_unlimited_items = max_items is None
+    if not has_unlimited_items:
+        max_items = int(max_items)
+        if max_items <= 0:
+            return mark_safe("""")
+
+    if autoescape:
+        escaper = conditional_escape
+    else:
+
+        def escaper(x):
+            return x
+
+    item_count = 0
+
+    def list_formatter(item_list, tabs=1):
+        nonlocal item_count
+        indent = ""\t"" * tabs
+        output = []
+        for item, children in _walk_items(item_list):
+            sublist = """"
+            item_count += 1
+            should_display_item = has_unlimited_items or 0 < item_count <= max_items
+            if children:
+                sublist = ""\n%s<ul>\n%s\n%s</ul>\n%s"" % (
+                    indent,
+                    list_formatter(children, tabs + 1),
+                    indent,
+                    indent,
+                )
+
+            if should_display_item:
+                output.append(""%s<li>%s%s</li>"" % (indent, escaper(item), sublist))
+
+        return ""\n"".join(output)
+
+    rendered_object_list = list_formatter(value)
+    remaining_objects_message = """"
+
+    if not has_unlimited_items and item_count > max_items:
+        remaining_object_count = item_count - max_items
+        remaining_objects_message = ""\n\t<li>%s</li>"" % (
+            ngettext(
+                ""…and %(count)d more object."",
+                ""…and %(count)d more objects."",
+                remaining_object_count,
+            )
+            % {""count"": remaining_object_count}
+        )
+
+    return mark_safe(rendered_object_list + remaining_objects_message)",69,0,"@@ -1,7 +1,10 @@ from django import template from django.contrib.admin.options import EMPTY_VALUE_STRING from django.contrib.admin.utils import display_for_value from django.template.defaultfilters import stringfilter from django.template.defaultfilters import _walk_items, stringfilter from django.utils.html import conditional_escape from django.utils.safestring import mark_safe from django.utils.translation import ngettext register = template.Library() @@ -10,3 +13,67 @@ @stringfilter def to_object_display_value(value): return display_for_value(str(value), EMPTY_VALUE_STRING) @register.filter(is_safe=True, needs_autoescape=True) def truncated_unordered_list(value, max_items, autoescape=True): has_unlimited_items = max_items is None if not has_unlimited_items: max_items = int(max_items) if max_items <= 0: return mark_safe("""") if autoescape: escaper = conditional_escape else: def escaper(x): return x item_count = 0 def list_formatter(item_list, tabs=1): nonlocal item_count indent = ""\t"" * tabs output = [] for item, children in _walk_items(item_list): sublist = """" item_count += 1 should_display_item = has_unlimited_items or 0 < item_count <= max_items if children: sublist = ""\n%s<ul>\n%s\n%s</ul>\n%s"" % ( indent, list_formatter(children, tabs + 1), indent, indent, ) if should_display_item: output.append(""%s<li>%s%s</li>"" % (indent, escaper(item), sublist)) return ""\n"".join(output) rendered_object_list = list_formatter(value) remaining_objects_message = """" if not has_unlimited_items and item_count > max_items: remaining_object_count = item_count - max_items remaining_objects_message = ""\n\t<li>%s</li>"" % ( ngettext( ""…and %(count)d more object."", ""…and %(count)d more objects."", remaining_object_count, ) % {""count"": remaining_object_count} ) return mark_safe(rendered_object_list + remaining_objects_message)",1,4,1,6,0,1834
django/django,a586f03f36f511064f171c0e30f4ca2ebfd60085,Refs #10919 -- Refactored walk_items as module-level _walk_items and added truncated_unordered_list filter.,django/template/defaultfilters.py,"@@ -666,6 +666,31 @@ def slice_filter(value, arg):
         return value  # Fail silently.
 
 
+def _walk_items(item_list):
+    item_iterator = iter(item_list)
+    try:
+        item = next(item_iterator)
+        while True:
+            try:
+                next_item = next(item_iterator)
+            except StopIteration:
+                yield item, None
+                break
+            if isinstance(next_item, (list, tuple, types.GeneratorType)):
+                try:
+                    iter(next_item)
+                except TypeError:
+                    pass
+                else:
+                    yield item, next_item
+                    item = next(item_iterator)
+                    continue
+            yield item, None
+            item = next_item
+    except StopIteration:
+        pass
+
+
 @register.filter(is_safe=True, needs_autoescape=True)
 def unordered_list(value, autoescape=True):
     """"""
@@ -695,34 +720,10 @@ def unordered_list(value, autoescape=True):
         def escaper(x):
             return x
 
-    def walk_items(item_list):
-        item_iterator = iter(item_list)
-        try:
-            item = next(item_iterator)
-            while True:
-                try:
-                    next_item = next(item_iterator)
-                except StopIteration:
-                    yield item, None
-                    break
-                if isinstance(next_item, (list, tuple, types.GeneratorType)):
-                    try:
-                        iter(next_item)
-                    except TypeError:
-                        pass
-                    else:
-                        yield item, next_item
-                        item = next(item_iterator)
-                        continue
-                yield item, None
-                item = next_item
-        except StopIteration:
-            pass
-
     def list_formatter(item_list, tabs=1):
         indent = ""\t"" * tabs
         output = []
-        for item, children in walk_items(item_list):
+        for item, children in _walk_items(item_list):
             sublist = """"
             if children:
                 sublist = ""\n%s<ul>\n%s\n%s</ul>\n%s"" % (",51,0,"@@ -666,6 +666,31 @@ def slice_filter(value, arg): return value def _walk_items(item_list): item_iterator = iter(item_list) try: item = next(item_iterator) while True: try: next_item = next(item_iterator) except StopIteration: yield item, None break if isinstance(next_item, (list, tuple, types.GeneratorType)): try: iter(next_item) except TypeError: pass else: yield item, next_item item = next(item_iterator) continue yield item, None item = next_item except StopIteration: pass @register.filter(is_safe=True, needs_autoescape=True) def unordered_list(value, autoescape=True): """""" @@ -695,34 +720,10 @@ def unordered_list(value, autoescape=True): def escaper(x): return x def walk_items(item_list): item_iterator = iter(item_list) try: item = next(item_iterator) while True: try: next_item = next(item_iterator) except StopIteration: yield item, None break if isinstance(next_item, (list, tuple, types.GeneratorType)): try: iter(next_item) except TypeError: pass else: yield item, next_item item = next(item_iterator) continue yield item, None item = next_item except StopIteration: pass def list_formatter(item_list, tabs=1): indent = ""\t"" * tabs output = [] for item, children in walk_items(item_list): for item, children in _walk_items(item_list): sublist = """" if children: sublist = ""\n%s<ul>\n%s\n%s</ul>\n%s"" % (",1,7,4,3,12,1320
django/django,a586f03f36f511064f171c0e30f4ca2ebfd60085,Refs #10919 -- Refactored walk_items as module-level _walk_items and added truncated_unordered_list filter.,tests/admin_views/test_templatetags.py,"@@ -1,15 +1,17 @@
 import datetime
 import unittest
 
+from django import template
 from django.contrib.admin import ModelAdmin
+from django.contrib.admin.templatetags.admin_filters import truncated_unordered_list
 from django.contrib.admin.templatetags.admin_list import date_hierarchy
 from django.contrib.admin.templatetags.admin_modify import submit_row
 from django.contrib.admin.templatetags.base import InclusionAdminNode
 from django.contrib.auth import get_permission_codename
 from django.contrib.auth.admin import UserAdmin
 from django.contrib.auth.models import User
 from django.template.base import Token, TokenType
-from django.test import RequestFactory, TestCase
+from django.test import RequestFactory, SimpleTestCase, TestCase
 from django.urls import reverse
 from django.utils.version import PY314
 
@@ -18,6 +20,120 @@
 from .tests import AdminViewBasicTestCase, get_perm
 
 
+class TruncatedUnorderedListTests(SimpleTestCase):
+    def test_no_max_items(self):
+        result = truncated_unordered_list([""item 1"", ""item 2""], None)
+        self.assertEqual(result, (""\t<li>item 1</li>\n"" ""\t<li>item 2</li>""))
+        self.assertNotIn(""more object"", result)
+
+    def test_max_items_zero(self):
+        result = truncated_unordered_list([""a"", ""b"", ""c""], 0)
+        self.assertEqual(result, """")
+        self.assertNotIn(""more object"", result)
+
+    def test_flat_list_truncated(self):
+        self.assertEqual(
+            truncated_unordered_list([""a"", ""b"", ""c"", ""d"", ""e""], 3),
+            (
+                ""\t<li>a</li>\n""
+                ""\t<li>b</li>\n""
+                ""\t<li>c</li>\n""
+                ""\t<li>…and 2 more objects.</li>""
+            ),
+        )
+
+    def test_nested_two_levels_truncated(self):
+        self.assertEqual(
+            truncated_unordered_list([""a"", [""a1"", ""a2""], ""b"", ""c"", ""d"", ""e""], 3),
+            (
+                ""\t<li>a\n""
+                ""\t<ul>\n""
+                ""\t\t<li>a1</li>\n""
+                ""\t\t<li>a2</li>\n""
+                ""\t</ul>\n""
+                ""\t</li>\n""
+                ""\t<li>…and 4 more objects.</li>""
+            ),
+        )
+
+    def test_nested_and_top_level_truncated(self):
+        self.assertEqual(
+            truncated_unordered_list(
+                [""a"", [""n1"", ""n2"", ""n3"", ""n4"", ""n5""], ""b"", ""c"", ""d"", ""e""],
+                3,
+            ),
+            (
+                ""\t<li>a\n""
+                ""\t<ul>\n""
+                ""\t\t<li>n1</li>\n""
+                ""\t\t<li>n2</li>\n""
+                ""\t</ul>\n""
+                ""\t</li>\n""
+                ""\t<li>…and 7 more objects.</li>""
+            ),
+        )
+
+    def test_nested_three_levels_truncated(self):
+        self.assertEqual(
+            truncated_unordered_list([""a"", [""a1"", [""a1x""]], ""b"", ""c"", ""d"", ""e""], 3),
+            (
+                ""\t<li>a\n""
+                ""\t<ul>\n""
+                ""\t\t<li>a1\n""
+                ""\t\t<ul>\n""
+                ""\t\t\t<li>a1x</li>\n""
+                ""\t\t</ul>\n""
+                ""\t\t</li>\n""
+                ""\t</ul>\n""
+                ""\t</li>\n""
+                ""\t<li>…and 4 more objects.</li>""
+            ),
+        )
+
+    def test_max_items_equal_to_length(self):
+        self.assertEqual(
+            truncated_unordered_list([""a"", ""b"", ""c""], 3),
+            (""\t<li>a</li>\n"" ""\t<li>b</li>\n"" ""\t<li>c</li>""),
+        )
+
+    def test_max_items_greater_than_length(self):
+        self.assertEqual(
+            truncated_unordered_list([""a"", ""b""], 10),
+            (""\t<li>a</li>\n"" ""\t<li>b</li>""),
+        )
+
+    def test_truncated_single_remaining(self):
+        self.assertEqual(
+            truncated_unordered_list([""a"", ""b"", ""c""], 2),
+            (""\t<li>a</li>\n"" ""\t<li>b</li>\n"" ""\t<li>…and 1 more object.</li>""),
+        )
+
+    def test_autoescape(self):
+        self.assertEqual(
+            truncated_unordered_list([""<a>item</a>"", ""safe""], 1),
+            (""\t<li>&lt;a&gt;item&lt;/a&gt;</li>\n"" ""\t<li>…and 1 more object.</li>""),
+        )
+
+    def test_autoescape_off(self):
+        self.assertEqual(
+            truncated_unordered_list([""<a>item</a>"", ""safe""], 1, autoescape=False),
+            (""\t<li><a>item</a></li>\n"" ""\t<li>…and 1 more object.</li>""),
+        )
+
+    def test_empty_list(self):
+        self.assertEqual(truncated_unordered_list([], 5), """")
+
+    def test_template_rendering(self):
+        t = template.Template(
+            ""{% load admin_filters %}{{ items|truncated_unordered_list:2 }}""
+        )
+        result = t.render(template.Context({""items"": [""a"", ""b"", ""c""]}))
+        self.assertIn(""<li>a</li>"", result)
+        self.assertIn(""<li>b</li>"", result)
+        self.assertIn(""<li>…and 1 more object.</li>"", result)
+        self.assertNotIn(""<li>c</li>"", result)
+
+
 class AdminTemplateTagsTest(AdminViewBasicTestCase):
     request_factory = RequestFactory()
 ",118,0,"@@ -1,15 +1,17 @@ import datetime import unittest from django import template from django.contrib.admin import ModelAdmin from django.contrib.admin.templatetags.admin_filters import truncated_unordered_list from django.contrib.admin.templatetags.admin_list import date_hierarchy from django.contrib.admin.templatetags.admin_modify import submit_row from django.contrib.admin.templatetags.base import InclusionAdminNode from django.contrib.auth import get_permission_codename from django.contrib.auth.admin import UserAdmin from django.contrib.auth.models import User from django.template.base import Token, TokenType from django.test import RequestFactory, TestCase from django.test import RequestFactory, SimpleTestCase, TestCase from django.urls import reverse from django.utils.version import PY314 @@ -18,6 +20,120 @@ from .tests import AdminViewBasicTestCase, get_perm class TruncatedUnorderedListTests(SimpleTestCase): def test_no_max_items(self): result = truncated_unordered_list([""item 1"", ""item 2""], None) self.assertEqual(result, (""\t<li>item 1</li>\n"" ""\t<li>item 2</li>"")) self.assertNotIn(""more object"", result) def test_max_items_zero(self): result = truncated_unordered_list([""a"", ""b"", ""c""], 0) self.assertEqual(result, """") self.assertNotIn(""more object"", result) def test_flat_list_truncated(self): self.assertEqual( truncated_unordered_list([""a"", ""b"", ""c"", ""d"", ""e""], 3), ( ""\t<li>a</li>\n"" ""\t<li>b</li>\n"" ""\t<li>c</li>\n"" ""\t<li>…and 2 more objects.</li>"" ), ) def test_nested_two_levels_truncated(self): self.assertEqual( truncated_unordered_list([""a"", [""a1"", ""a2""], ""b"", ""c"", ""d"", ""e""], 3), ( ""\t<li>a\n"" ""\t<ul>\n"" ""\t\t<li>a1</li>\n"" ""\t\t<li>a2</li>\n"" ""\t</ul>\n"" ""\t</li>\n"" ""\t<li>…and 4 more objects.</li>"" ), ) def test_nested_and_top_level_truncated(self): self.assertEqual( truncated_unordered_list( [""a"", [""n1"", ""n2"", ""n3"", ""n4"", ""n5""], ""b"", ""c"", ""d"", ""e""], 3, ), ( ""\t<li>a\n"" ""\t<ul>\n"" ""\t\t<li>n1</li>\n"" ""\t\t<li>n2</li>\n"" ""\t</ul>\n"" ""\t</li>\n"" ""\t<li>…and 7 more objects.</li>"" ), ) def test_nested_three_levels_truncated(self): self.assertEqual( truncated_unordered_list([""a"", [""a1"", [""a1x""]], ""b"", ""c"", ""d"", ""e""], 3), ( ""\t<li>a\n"" ""\t<ul>\n"" ""\t\t<li>a1\n"" ""\t\t<ul>\n"" ""\t\t\t<li>a1x</li>\n"" ""\t\t</ul>\n"" ""\t\t</li>\n"" ""\t</ul>\n"" ""\t</li>\n"" ""\t<li>…and 4 more objects.</li>"" ), ) def test_max_items_equal_to_length(self): self.assertEqual( truncated_unordered_list([""a"", ""b"", ""c""], 3), (""\t<li>a</li>\n"" ""\t<li>b</li>\n"" ""\t<li>c</li>""), ) def test_max_items_greater_than_length(self): self.assertEqual( truncated_unordered_list([""a"", ""b""], 10), (""\t<li>a</li>\n"" ""\t<li>b</li>""), ) def test_truncated_single_remaining(self): self.assertEqual( truncated_unordered_list([""a"", ""b"", ""c""], 2), (""\t<li>a</li>\n"" ""\t<li>b</li>\n"" ""\t<li>…and 1 more object.</li>""), ) def test_autoescape(self): self.assertEqual( truncated_unordered_list([""<a>item</a>"", ""safe""], 1), (""\t<li>&lt;a&gt;item&lt;/a&gt;</li>\n"" ""\t<li>…and 1 more object.</li>""), ) def test_autoescape_off(self): self.assertEqual( truncated_unordered_list([""<a>item</a>"", ""safe""], 1, autoescape=False), (""\t<li><a>item</a></li>\n"" ""\t<li>…and 1 more object.</li>""), ) def test_empty_list(self): self.assertEqual(truncated_unordered_list([], 5), """") def test_template_rendering(self): t = template.Template( ""{% load admin_filters %}{{ items|truncated_unordered_list:2 }}"" ) result = t.render(template.Context({""items"": [""a"", ""b"", ""c""]})) self.assertIn(""<li>a</li>"", result) self.assertIn(""<li>b</li>"", result) self.assertIn(""<li>…and 1 more object.</li>"", result) self.assertNotIn(""<li>c</li>"", result) class AdminTemplateTagsTest(AdminViewBasicTestCase): request_factory = RequestFactory()",1,13,0,0,0,3696
django/django,a586f03f36f511064f171c0e30f4ca2ebfd60085,Refs #10919 -- Refactored walk_items as module-level _walk_items and added truncated_unordered_list filter.,tests/template_tests/filter_tests/test_unordered_list.py,"@@ -160,6 +160,19 @@ def item_generator():
             ""<li>D</li>"",
         )
 
+    def test_non_iterable_list_subclass(self):
+        class NonIterableList(list):
+            def __iter__(self):
+                raise TypeError
+
+            def __str__(self):
+                return ""non-iterable-list""
+
+        self.assertEqual(
+            unordered_list([""A"", NonIterableList([""x""]), ""B""]),
+            ""\t<li>A</li>\n\t<li>non-iterable-list</li>\n\t<li>B</li>"",
+        )
+
     def test_ulitem_autoescape_off(self):
         class ULItem:
             def __init__(self, title):",13,0,"@@ -160,6 +160,19 @@ def item_generator(): ""<li>D</li>"", ) def test_non_iterable_list_subclass(self): class NonIterableList(list): def __iter__(self): raise TypeError def __str__(self): return ""non-iterable-list"" self.assertEqual( unordered_list([""A"", NonIterableList([""x""]), ""B""]), ""\t<li>A</li>\n\t<li>non-iterable-list</li>\n\t<li>B</li>"", ) def test_ulitem_autoescape_off(self): class ULItem: def __init__(self, title):",1,6,0,0,0,423
django/django,61a62be313e395ce1265132bfc99f51476fb3c95,"Fixed #37057 -- Adjusted UniqueConstraint handling of UNKNOWN condition.

When we adjusted UNKNOWN handling for CheckConstraint in refs #33996 we assumed
that all usage of Q.check would benefit from this approach.

However while CHECK constraints enforcement do ignore conditions involving NULL
that resolve to UNKNOWN it's not the case for other type of constraints such as
UNIQUE ones.

Given how UNKNOWN should be treated depends on the callers context it appears
that a better strategy for COALESCE wrapping is to force them to apply it if
necessary.

Thanks Drew Shapiro for the report.",django/db/models/constraints.py,"@@ -6,6 +6,8 @@
 from django.db import connections
 from django.db.models.constants import LOOKUP_SEP
 from django.db.models.expressions import Exists, ExpressionList, F, RawSQL
+from django.db.models.fields import BooleanField
+from django.db.models.functions import Coalesce
 from django.db.models.indexes import IndexExpression
 from django.db.models.lookups import Exact, IsNull
 from django.db.models.query_utils import Q
@@ -212,7 +214,11 @@ def validate(self, model, instance, exclude=None, using=DEFAULT_DB_ALIAS):
         # Ignore constraints with excluded fields in condition.
         if exclude and self._expression_refs_exclude(model, self.condition, exclude):
             return
-        if not Q(self.condition).check(against, using=using):
+        condition = self.condition
+        if connections[using].features.supports_comparing_boolean_expr:
+            # Checks constraints do not fail when they evaluate to UNKNOWN.
+            condition = Coalesce(condition, True, output_field=BooleanField())
+        if not Q(condition).check(against, using=using):
             raise ValidationError(
                 self.get_violation_error_message(), code=self.violation_error_code
             )",8,1,"@@ -6,6 +6,8 @@ from django.db import connections from django.db.models.constants import LOOKUP_SEP from django.db.models.expressions import Exists, ExpressionList, F, RawSQL from django.db.models.fields import BooleanField from django.db.models.functions import Coalesce from django.db.models.indexes import IndexExpression from django.db.models.lookups import Exact, IsNull from django.db.models.query_utils import Q @@ -212,7 +214,11 @@ def validate(self, model, instance, exclude=None, using=DEFAULT_DB_ALIAS): if exclude and self._expression_refs_exclude(model, self.condition, exclude): return if not Q(self.condition).check(against, using=using): condition = self.condition if connections[using].features.supports_comparing_boolean_expr: condition = Coalesce(condition, True, output_field=BooleanField()) if not Q(condition).check(against, using=using): raise ValidationError( self.get_violation_error_message(), code=self.violation_error_code )",1,1,0,4,0,952
django/django,61a62be313e395ce1265132bfc99f51476fb3c95,"Fixed #37057 -- Adjusted UniqueConstraint handling of UNKNOWN condition.

When we adjusted UNKNOWN handling for CheckConstraint in refs #33996 we assumed
that all usage of Q.check would benefit from this approach.

However while CHECK constraints enforcement do ignore conditions involving NULL
that resolve to UNKNOWN it's not the case for other type of constraints such as
UNIQUE ones.

Given how UNKNOWN should be treated depends on the callers context it appears
that a better strategy for COALESCE wrapping is to force them to apply it if
necessary.

Thanks Drew Shapiro for the report.",django/db/models/query_utils.py,"@@ -165,8 +165,7 @@ def check(self, against, using=DEFAULT_DB_ALIAS):
         matches against the expressions.
         """"""
         # Avoid circular imports.
-        from django.db.models import BooleanField, Value
-        from django.db.models.functions import Coalesce
+        from django.db.models import Value
         from django.db.models.sql import Query
         from django.db.models.sql.constants import SINGLE
 
@@ -178,10 +177,7 @@ def check(self, against, using=DEFAULT_DB_ALIAS):
         query.add_annotation(Value(1), ""_check"")
         connection = connections[using]
         # This will raise a FieldError if a field is missing in ""against"".
-        if connection.features.supports_comparing_boolean_expr:
-            query.add_q(Q(Coalesce(self, True, output_field=BooleanField())))
-        else:
-            query.add_q(self)
+        query.add_q(self)
         compiler = query.get_compiler(using=using)
         context_manager = (
             transaction.atomic(using=using)",8,1,"@@ -165,8 +165,7 @@ def check(self, against, using=DEFAULT_DB_ALIAS): matches against the expressions. """""" from django.db.models import BooleanField, Value from django.db.models.functions import Coalesce from django.db.models import Value from django.db.models.sql import Query from django.db.models.sql.constants import SINGLE @@ -178,10 +177,7 @@ def check(self, against, using=DEFAULT_DB_ALIAS): query.add_annotation(Value(1), ""_check"") connection = connections[using] if connection.features.supports_comparing_boolean_expr: query.add_q(Q(Coalesce(self, True, output_field=BooleanField()))) else: query.add_q(self) query.add_q(self) compiler = query.get_compiler(using=using) context_manager = ( transaction.atomic(using=using)",1,2,0,1,0,730
django/django,61a62be313e395ce1265132bfc99f51476fb3c95,"Fixed #37057 -- Adjusted UniqueConstraint handling of UNKNOWN condition.

When we adjusted UNKNOWN handling for CheckConstraint in refs #33996 we assumed
that all usage of Q.check would benefit from this approach.

However while CHECK constraints enforcement do ignore conditions involving NULL
that resolve to UNKNOWN it's not the case for other type of constraints such as
UNIQUE ones.

Given how UNKNOWN should be treated depends on the callers context it appears
that a better strategy for COALESCE wrapping is to force them to apply it if
necessary.

Thanks Drew Shapiro for the report.",tests/constraints/tests.py,"@@ -1297,6 +1297,19 @@ def test_validate_nulls_distinct_expressions(self):
         with self.assertRaisesMessage(ValidationError, msg):
             constraint.validate(Product, Product(price=None))
 
+    @skipUnlessDBFeature(""supports_comparing_boolean_expr"")
+    def test_validate_nullable_condition(self):
+        GeneratedFieldStoredProduct.objects.create(name=""Product"", price=42)
+        constraint = models.UniqueConstraint(
+            fields=[""name""],
+            name=""uniq_name_for_positive_price"",
+            condition=models.Q(price__gt=0),
+        )
+        constraint.validate(
+            GeneratedFieldStoredProduct,
+            GeneratedFieldStoredProduct(name=""Product"", price=None),
+        )
+
     def test_name(self):
         constraints = get_constraints(UniqueConstraintProduct._meta.db_table)
         expected_name = ""name_color_uniq""",13,1,"@@ -1297,6 +1297,19 @@ def test_validate_nulls_distinct_expressions(self): with self.assertRaisesMessage(ValidationError, msg): constraint.validate(Product, Product(price=None)) @skipUnlessDBFeature(""supports_comparing_boolean_expr"") def test_validate_nullable_condition(self): GeneratedFieldStoredProduct.objects.create(name=""Product"", price=42) constraint = models.UniqueConstraint( fields=[""name""], name=""uniq_name_for_positive_price"", condition=models.Q(price__gt=0), ) constraint.validate( GeneratedFieldStoredProduct, GeneratedFieldStoredProduct(name=""Product"", price=None), ) def test_name(self): constraints = get_constraints(UniqueConstraintProduct._meta.db_table) expected_name = ""name_color_uniq""",1,3,0,0,0,707
django/django,63c56cda133a85a158502891c40465bc0331d3d9,"Fixed #35870 -- Made blank choice label in forms more accessible.

Added new constant django.db.models.fields.BLANK_CHOICE_LABEL for
an accessible and translatable blank choice label in forms.
Deprecated django.db.models.fields.BLANK_CHOICE_DASH constant.
Added the immediately deprecated transitional setting
USE_BLANK_CHOICE_DASH.

Co-Authored-By: Marijke Luttekes <mail@marijkeluttekes.dev>",django/conf/__init__.py,"@@ -16,12 +16,19 @@
 import django
 from django.conf import global_settings
 from django.core.exceptions import ImproperlyConfigured
+from django.utils.deprecation import RemovedInDjango70Warning, django_file_prefixes
 from django.utils.functional import LazyObject, empty
 
 ENVIRONMENT_VARIABLE = ""DJANGO_SETTINGS_MODULE""
 DEFAULT_STORAGE_ALIAS = ""default""
 STATICFILES_STORAGE_ALIAS = ""staticfiles""
 
+USE_BLANK_CHOICE_DASH_DEPRECATED_MSG = (
+    ""The USE_BLANK_CHOICE_DASH setting is deprecated. If you wish to define ""
+    ""your own default blank choice label, override ""
+    ""django.db.models.fields.BLANK_CHOICE_LABEL in your app's ready() method.""
+)
+
 
 class SettingsReference(str):
     """"""
@@ -226,6 +233,12 @@ def __getattr__(self, name):
 
     def __setattr__(self, name, value):
         self._deleted.discard(name)
+        if name == ""USE_BLANK_CHOICE_DASH"":
+            warnings.warn(
+                USE_BLANK_CHOICE_DASH_DEPRECATED_MSG,
+                RemovedInDjango70Warning,
+                skip_file_prefixes=django_file_prefixes(),
+            )
         super().__setattr__(name, value)
 
     def __delattr__(self, name):",13,1,"@@ -16,12 +16,19 @@ import django from django.conf import global_settings from django.core.exceptions import ImproperlyConfigured from django.utils.deprecation import RemovedInDjango70Warning, django_file_prefixes from django.utils.functional import LazyObject, empty ENVIRONMENT_VARIABLE = ""DJANGO_SETTINGS_MODULE"" DEFAULT_STORAGE_ALIAS = ""default"" STATICFILES_STORAGE_ALIAS = ""staticfiles"" USE_BLANK_CHOICE_DASH_DEPRECATED_MSG = ( ""The USE_BLANK_CHOICE_DASH setting is deprecated. If you wish to define "" ""your own default blank choice label, override "" ""django.db.models.fields.BLANK_CHOICE_LABEL in your app's ready() method."" ) class SettingsReference(str): """""" @@ -226,6 +233,12 @@ def __getattr__(self, name): def __setattr__(self, name, value): self._deleted.discard(name) if name == ""USE_BLANK_CHOICE_DASH"": warnings.warn( USE_BLANK_CHOICE_DASH_DEPRECATED_MSG, RemovedInDjango70Warning, skip_file_prefixes=django_file_prefixes(), ) super().__setattr__(name, value) def __delattr__(self, name):",1,3,0,1,0,1002
django/django,63c56cda133a85a158502891c40465bc0331d3d9,"Fixed #35870 -- Made blank choice label in forms more accessible.

Added new constant django.db.models.fields.BLANK_CHOICE_LABEL for
an accessible and translatable blank choice label in forms.
Deprecated django.db.models.fields.BLANK_CHOICE_DASH constant.
Added the immediately deprecated transitional setting
USE_BLANK_CHOICE_DASH.

Co-Authored-By: Marijke Luttekes <mail@marijkeluttekes.dev>",django/conf/global_settings.py,"@@ -218,6 +218,9 @@ def gettext_noop(s):
 
 # Default form rendering class.
 FORM_RENDERER = ""django.forms.renderers.DjangoTemplates""
+# RemovedInDjango70Warning: This setting allows to revert back to the old
+# blank choice label in Django 6.1.
+USE_BLANK_CHOICE_DASH = False
 
 # Default email address to use for various automated correspondence from
 # the site managers.",3,1,"@@ -218,6 +218,9 @@ def gettext_noop(s): FORM_RENDERER = ""django.forms.renderers.DjangoTemplates"" USE_BLANK_CHOICE_DASH = False",1,1,0,0,0,127
django/django,63c56cda133a85a158502891c40465bc0331d3d9,"Fixed #35870 -- Made blank choice label in forms more accessible.

Added new constant django.db.models.fields.BLANK_CHOICE_LABEL for
an accessible and translatable blank choice label in forms.
Deprecated django.db.models.fields.BLANK_CHOICE_DASH constant.
Added the immediately deprecated transitional setting
USE_BLANK_CHOICE_DASH.

Co-Authored-By: Marijke Luttekes <mail@marijkeluttekes.dev>",django/contrib/admin/options.py,"@@ -43,6 +43,7 @@
 from django.core.paginator import Paginator
 from django.db import models, router, transaction
 from django.db.models.constants import LOOKUP_SEP
+from django.db.models.utils import get_blank_choice_label
 from django.forms.formsets import DELETION_FIELD_NAME, all_valid
 from django.forms.models import (
     BaseInlineFormSet,
@@ -1049,11 +1050,13 @@ def get_actions(self, request):
         actions = self._filter_actions_by_permissions(request, self._get_base_actions())
         return {name: (func, name, desc) for func, name, desc in actions}
 
-    def get_action_choices(self, request, default_choices=models.BLANK_CHOICE_DASH):
+    def get_action_choices(self, request, default_choices=None):
         """"""
         Return a list of choices for use in a form object. Each choice is a
         tuple (name, description).
         """"""
+        if default_choices is None:
+            default_choices = [("""", get_blank_choice_label())]
         choices = [*default_choices]
         for func, name, description in self.get_actions(request).values():
             choice = (name, description % model_format_dict(self.opts))",5,1,"@@ -43,6 +43,7 @@ from django.core.paginator import Paginator from django.db import models, router, transaction from django.db.models.constants import LOOKUP_SEP from django.db.models.utils import get_blank_choice_label from django.forms.formsets import DELETION_FIELD_NAME, all_valid from django.forms.models import ( BaseInlineFormSet, @@ -1049,11 +1050,13 @@ def get_actions(self, request): actions = self._filter_actions_by_permissions(request, self._get_base_actions()) return {name: (func, name, desc) for func, name, desc in actions} def get_action_choices(self, request, default_choices=models.BLANK_CHOICE_DASH): def get_action_choices(self, request, default_choices=None): if default_choices is None: default_choices = [("""", get_blank_choice_label())] choices = [*default_choices] for func, name, description in self.get_actions(request).values(): choice = (name, description % model_format_dict(self.opts))",1,3,2,1,0,917
django/django,63c56cda133a85a158502891c40465bc0331d3d9,"Fixed #35870 -- Made blank choice label in forms more accessible.

Added new constant django.db.models.fields.BLANK_CHOICE_LABEL for
an accessible and translatable blank choice label in forms.
Deprecated django.db.models.fields.BLANK_CHOICE_DASH constant.
Added the immediately deprecated transitional setting
USE_BLANK_CHOICE_DASH.

Co-Authored-By: Marijke Luttekes <mail@marijkeluttekes.dev>",django/db/models/fields/__init__.py,"@@ -15,6 +15,7 @@
 from django.db import connection, connections, router
 from django.db.models.constants import LOOKUP_SEP
 from django.db.models.query_utils import DeferredAttribute, RegisterLookupMixin
+from django.db.models.utils import get_blank_choice_label
 from django.db.utils import NotSupportedError
 from django.utils import timezone
 from django.utils.choices import (
@@ -39,7 +40,9 @@
 
 __all__ = [
     ""AutoField"",
+    # RemovedInDjango70Warning
     ""BLANK_CHOICE_DASH"",
+    ""BLANK_CHOICE_LABEL"",
     ""BigAutoField"",
     ""BigIntegerField"",
     ""BinaryField"",
@@ -81,9 +84,13 @@ class NOT_PROVIDED:
     pass
 
 
-# The values to use for ""blank"" in SelectFields. Will be appended to the start
-# of most ""choices"" lists.
+# RemovedInDjango70Warning: From Django 6.1, the values to use for ""blank""
+# in SelectFields will be defined by the below BLANK_CHOICE_LABEL constant.
+# Will be appended to the start of most ""choices"" lists.
+# BLANK_CHOICE_DASH is still available as a constant in Django 6.1.
 BLANK_CHOICE_DASH = [("""", ""---------"")]
+# This allows any app's ready() method to overwrite BLANK_CHOICE_LABEL.
+BLANK_CHOICE_LABEL = _(""- Select an option -"")
 
 
 def _load_field(app_label, model_name, field_name):
@@ -1088,14 +1095,16 @@ def _db_default_expression(self):
     def get_choices(
         self,
         include_blank=True,
-        blank_choice=BLANK_CHOICE_DASH,
+        blank_choice=None,
         limit_choices_to=None,
         ordering=(),
     ):
         """"""
         Return choices with a default blank choices included, for use
         as <select> choices for this field.
         """"""
+        if blank_choice is None:
+            blank_choice = [("""", get_blank_choice_label())]
         if self.choices is not None:
             if include_blank:
                 return BlankChoiceIterator(self.choices, blank_choice)",15,1,"@@ -15,6 +15,7 @@ from django.db import connection, connections, router from django.db.models.constants import LOOKUP_SEP from django.db.models.query_utils import DeferredAttribute, RegisterLookupMixin from django.db.models.utils import get_blank_choice_label from django.db.utils import NotSupportedError from django.utils import timezone from django.utils.choices import ( @@ -39,7 +40,9 @@ __all__ = [ ""AutoField"", ""BLANK_CHOICE_DASH"", ""BLANK_CHOICE_LABEL"", ""BigAutoField"", ""BigIntegerField"", ""BinaryField"", @@ -81,9 +84,13 @@ class NOT_PROVIDED: pass BLANK_CHOICE_DASH = [("""", ""---------"")] BLANK_CHOICE_LABEL = _(""- Select an option -"") def _load_field(app_label, model_name, field_name): @@ -1088,14 +1095,16 @@ def _db_default_expression(self): def get_choices( self, include_blank=True, blank_choice=BLANK_CHOICE_DASH, blank_choice=None, limit_choices_to=None, ordering=(), ): if blank_choice is None: blank_choice = [("""", get_blank_choice_label())] if self.choices is not None: if include_blank: return BlankChoiceIterator(self.choices, blank_choice)",1,3,0,3,0,1059
django/django,63c56cda133a85a158502891c40465bc0331d3d9,"Fixed #35870 -- Made blank choice label in forms more accessible.

Added new constant django.db.models.fields.BLANK_CHOICE_LABEL for
an accessible and translatable blank choice label in forms.
Deprecated django.db.models.fields.BLANK_CHOICE_DASH constant.
Added the immediately deprecated transitional setting
USE_BLANK_CHOICE_DASH.

Co-Authored-By: Marijke Luttekes <mail@marijkeluttekes.dev>",django/db/models/fields/reverse_related.py,"@@ -13,7 +13,7 @@
 from django.utils.functional import cached_property
 from django.utils.hashable import make_hashable
 
-from . import BLANK_CHOICE_DASH
+from ..utils import get_blank_choice_label
 from .mixins import FieldCacheMixin
 
 
@@ -172,7 +172,7 @@ def __getstate__(self):
     def get_choices(
         self,
         include_blank=True,
-        blank_choice=BLANK_CHOICE_DASH,
+        blank_choice=None,
         limit_choices_to=None,
         ordering=(),
     ):
@@ -183,6 +183,8 @@ def get_choices(
         Analog of django.db.models.fields.Field.get_choices(), provided
         initially for utilization by RelatedFieldListFilter.
         """"""
+        if blank_choice is None:
+            blank_choice = [("""", get_blank_choice_label())]
         limit_choices_to = limit_choices_to or self.limit_choices_to
         qs = self.related_model._default_manager.complex_filter(limit_choices_to)
         if ordering:",6,1,"@@ -13,7 +13,7 @@ from django.utils.functional import cached_property from django.utils.hashable import make_hashable from . import BLANK_CHOICE_DASH from ..utils import get_blank_choice_label from .mixins import FieldCacheMixin @@ -172,7 +172,7 @@ def __getstate__(self): def get_choices( self, include_blank=True, blank_choice=BLANK_CHOICE_DASH, blank_choice=None, limit_choices_to=None, ordering=(), ): @@ -183,6 +183,8 @@ def get_choices( Analog of django.db.models.fields.Field.get_choices(), provided initially for utilization by RelatedFieldListFilter. """""" if blank_choice is None: blank_choice = [("""", get_blank_choice_label())] limit_choices_to = limit_choices_to or self.limit_choices_to qs = self.related_model._default_manager.complex_filter(limit_choices_to) if ordering:",1,3,1,2,0,784
django/django,63c56cda133a85a158502891c40465bc0331d3d9,"Fixed #35870 -- Made blank choice label in forms more accessible.

Added new constant django.db.models.fields.BLANK_CHOICE_LABEL for
an accessible and translatable blank choice label in forms.
Deprecated django.db.models.fields.BLANK_CHOICE_DASH constant.
Added the immediately deprecated transitional setting
USE_BLANK_CHOICE_DASH.

Co-Authored-By: Marijke Luttekes <mail@marijkeluttekes.dev>",django/db/models/utils.py,"@@ -67,3 +67,15 @@ def __init_subclass__(cls, **kwargs):
                         break
 
         super().__init_subclass__(**kwargs)
+
+
+# RemovedInDjango70Warning: At the end of the deprecation, remove this function
+# and use .fields.BLANK_CHOICE_LABEL directly instead.
+def get_blank_choice_label():
+    from django.conf import settings
+
+    from .fields import BLANK_CHOICE_DASH, BLANK_CHOICE_LABEL
+
+    if settings.USE_BLANK_CHOICE_DASH:
+        return BLANK_CHOICE_DASH[0][1]
+    return BLANK_CHOICE_LABEL",12,1,"@@ -67,3 +67,15 @@ def __init_subclass__(cls, **kwargs): break super().__init_subclass__(**kwargs) def get_blank_choice_label(): from django.conf import settings from .fields import BLANK_CHOICE_DASH, BLANK_CHOICE_LABEL if settings.USE_BLANK_CHOICE_DASH: return BLANK_CHOICE_DASH[0][1] return BLANK_CHOICE_LABEL",1,2,0,1,0,311
django/django,63c56cda133a85a158502891c40465bc0331d3d9,"Fixed #35870 -- Made blank choice label in forms more accessible.

Added new constant django.db.models.fields.BLANK_CHOICE_LABEL for
an accessible and translatable blank choice label in forms.
Deprecated django.db.models.fields.BLANK_CHOICE_DASH constant.
Added the immediately deprecated transitional setting
USE_BLANK_CHOICE_DASH.

Co-Authored-By: Marijke Luttekes <mail@marijkeluttekes.dev>",django/forms/fields.py,"@@ -15,6 +15,7 @@
 
 from django.core import validators
 from django.core.exceptions import ValidationError
+from django.db.models.utils import get_blank_choice_label
 from django.forms.boundfield import BoundField
 from django.forms.utils import from_current_timezone, to_current_timezone
 from django.forms.widgets import (
@@ -1200,7 +1201,7 @@ def __init__(
         if self.required:
             self.choices = []
         else:
-            self.choices = [("""", ""---------"")]
+            self.choices = [("""", get_blank_choice_label())]
 
         if self.match is not None:
             self.match_re = re.compile(self.match)",3,1,"@@ -15,6 +15,7 @@ from django.core import validators from django.core.exceptions import ValidationError from django.db.models.utils import get_blank_choice_label from django.forms.boundfield import BoundField from django.forms.utils import from_current_timezone, to_current_timezone from django.forms.widgets import ( @@ -1200,7 +1201,7 @@ def __init__( if self.required: self.choices = [] else: self.choices = [("""", ""---------"")] self.choices = [("""", get_blank_choice_label())] if self.match is not None: self.match_re = re.compile(self.match)",1,1,0,2,0,544
django/django,63c56cda133a85a158502891c40465bc0331d3d9,"Fixed #35870 -- Made blank choice label in forms more accessible.

Added new constant django.db.models.fields.BLANK_CHOICE_LABEL for
an accessible and translatable blank choice label in forms.
Deprecated django.db.models.fields.BLANK_CHOICE_DASH constant.
Added the immediately deprecated transitional setting
USE_BLANK_CHOICE_DASH.

Co-Authored-By: Marijke Luttekes <mail@marijkeluttekes.dev>",django/forms/models.py,"@@ -12,7 +12,7 @@
     ValidationError,
 )
 from django.core.validators import ProhibitNullCharactersValidator
-from django.db.models.utils import AltersData
+from django.db.models.utils import AltersData, get_blank_choice_label
 from django.forms.fields import ChoiceField, Field
 from django.forms.forms import BaseForm, DeclarativeFieldsMetaclass
 from django.forms.formsets import BaseFormSet, formset_factory
@@ -1481,7 +1481,7 @@ def __init__(
         self,
         queryset,
         *,
-        empty_label=""---------"",
+        empty_label="""",
         required=True,
         widget=None,
         label=None,
@@ -1508,6 +1508,8 @@ def __init__(
         ):
             self.empty_label = None
         else:
+            if empty_label == """":
+                empty_label = get_blank_choice_label()
             self.empty_label = empty_label
         self.queryset = queryset
         self.limit_choices_to = limit_choices_to  # limit the queryset later.",6,1,"@@ -12,7 +12,7 @@ ValidationError, ) from django.core.validators import ProhibitNullCharactersValidator from django.db.models.utils import AltersData from django.db.models.utils import AltersData, get_blank_choice_label from django.forms.fields import ChoiceField, Field from django.forms.forms import BaseForm, DeclarativeFieldsMetaclass from django.forms.formsets import BaseFormSet, formset_factory @@ -1481,7 +1481,7 @@ def __init__( self, queryset, *, empty_label=""---------"", empty_label="""", required=True, widget=None, label=None, @@ -1508,6 +1508,8 @@ def __init__( ): self.empty_label = None else: if empty_label == """": empty_label = get_blank_choice_label() self.empty_label = empty_label self.queryset = queryset self.limit_choices_to = limit_choices_to",1,2,0,1,0,764
django/django,63c56cda133a85a158502891c40465bc0331d3d9,"Fixed #35870 -- Made blank choice label in forms more accessible.

Added new constant django.db.models.fields.BLANK_CHOICE_LABEL for
an accessible and translatable blank choice label in forms.
Deprecated django.db.models.fields.BLANK_CHOICE_DASH constant.
Added the immediately deprecated transitional setting
USE_BLANK_CHOICE_DASH.

Co-Authored-By: Marijke Luttekes <mail@marijkeluttekes.dev>",tests/admin_views/test_actions.py,"@@ -294,7 +294,7 @@ def test_actions_ordering(self):
         self.assertContains(
             response,
             """"""<label>Action: <select name=""action"" required>
-<option value="""" selected>---------</option>
+<option value="""" selected>- Select an option -</option>
 <option value=""delete_selected"">Delete selected external
 subscribers</option>
 <option value=""redirect_to"">Redirect to (Awesome action)</option>",2,1,"@@ -294,7 +294,7 @@ def test_actions_ordering(self): self.assertContains( response, """"""<label>Action: <select name=""action"" required> <option value="""" selected>---------</option> <option value="""" selected>- Select an option -</option> <option value=""delete_selected"">Delete selected external subscribers</option> <option value=""redirect_to"">Redirect to (Awesome action)</option>",1,1,0,0,0,378
django/django,63c56cda133a85a158502891c40465bc0331d3d9,"Fixed #35870 -- Made blank choice label in forms more accessible.

Added new constant django.db.models.fields.BLANK_CHOICE_LABEL for
an accessible and translatable blank choice label in forms.
Deprecated django.db.models.fields.BLANK_CHOICE_DASH constant.
Added the immediately deprecated transitional setting
USE_BLANK_CHOICE_DASH.

Co-Authored-By: Marijke Luttekes <mail@marijkeluttekes.dev>",tests/admin_views/test_related_object_lookups.py,"@@ -112,7 +112,7 @@ def test_related_object_update_with_camel_casing(self):
         self.assertHTMLEqual(
             fk_dropdown.get_attribute(""innerHTML""),
             f""""""
-            <option value="""" selected="""">---------</option>
+            <option value="""" selected="""">- Select an option -</option>
             <option value=""{id_value}"" selected>{interesting_name}</option>
             """""",
         )
@@ -157,7 +157,7 @@ def test_related_object_add_js_actions(self):
         self.assertHTMLEqual(
             fk_dropdown.get_attribute(""innerHTML""),
             f""""""
-            <option value="""" selected>---------</option>
+            <option value="""" selected>- Select an option -</option>
             <option value=""{id_value}"">{name}</option>
             """""",
         )",4,1,"@@ -112,7 +112,7 @@ def test_related_object_update_with_camel_casing(self): self.assertHTMLEqual( fk_dropdown.get_attribute(""innerHTML""), f, ) @@ -157,7 +157,7 @@ def test_related_object_add_js_actions(self): self.assertHTMLEqual( fk_dropdown.get_attribute(""innerHTML""), f, )",1,2,0,0,0,275
django/django,63c56cda133a85a158502891c40465bc0331d3d9,"Fixed #35870 -- Made blank choice label in forms more accessible.

Added new constant django.db.models.fields.BLANK_CHOICE_LABEL for
an accessible and translatable blank choice label in forms.
Deprecated django.db.models.fields.BLANK_CHOICE_DASH constant.
Added the immediately deprecated transitional setting
USE_BLANK_CHOICE_DASH.

Co-Authored-By: Marijke Luttekes <mail@marijkeluttekes.dev>",tests/admin_views/tests.py,"@@ -26,6 +26,7 @@
 from django.core import mail
 from django.core.checks import Error
 from django.core.files import temp as tempfile
+from django.db.models.utils import get_blank_choice_label
 from django.forms.utils import ErrorList
 from django.template.response import TemplateResponse
 from django.test import (
@@ -6929,7 +6930,7 @@ def test_inline_uuid_pk_delete_with_popup(self):
         self.selenium.switch_to.window(self.selenium.window_handles[0])
         select = Select(self.selenium.find_element(By.ID, ""id_parent""))
         self.assertEqual(ParentWithUUIDPK.objects.count(), 0)
-        self.assertEqual(select.first_selected_option.text, ""---------"")
+        self.assertEqual(select.first_selected_option.text, get_blank_choice_label())
         self.assertEqual(select.first_selected_option.get_attribute(""value""), """")
 
     def test_inline_with_popup_cancel_delete(self):
@@ -7179,7 +7180,7 @@ def _get_text_inside_element_by_selector(selector):
         self.assertHTMLEqual(
             _get_HTML_inside_element_by_id(born_country_select_id),
             f""""""
-            <option value="""" selected="""">---------</option>
+            <option value="""" selected="""">- Select an option -</option>
             <option value=""{argentina.pk}"" selected="""">Argentina</option>
             """""",
         )
@@ -7198,7 +7199,7 @@ def _get_text_inside_element_by_selector(selector):
         # limit_choices_to.
         self.assertHTMLEqual(
             _get_HTML_inside_element_by_id(favorite_country_to_vacation_select_id),
-            '<option value="""" selected="""">---------</option>',
+            '<option value="""" selected="""">- Select an option -</option>',
         )
 
         # Add new Country from the living_country select.
@@ -7218,7 +7219,7 @@ def _get_text_inside_element_by_selector(selector):
         self.assertHTMLEqual(
             _get_HTML_inside_element_by_id(born_country_select_id),
             f""""""
-            <option value="""" selected="""">---------</option>
+            <option value="""" selected="""">- Select an option -</option>
             <option value=""{argentina.pk}"" selected="""">Argentina</option>
             <option value=""{spain.pk}"">Spain</option>
             """""",
@@ -7240,7 +7241,7 @@ def _get_text_inside_element_by_selector(selector):
         # limit_choices_to.
         self.assertHTMLEqual(
             _get_HTML_inside_element_by_id(favorite_country_to_vacation_select_id),
-            '<option value="""" selected="""">---------</option>',
+            '<option value="""" selected="""">- Select an option -</option>',
         )
 
         # Edit second Country created from living_country select.
@@ -7261,7 +7262,7 @@ def _get_text_inside_element_by_selector(selector):
         self.assertHTMLEqual(
             _get_HTML_inside_element_by_id(born_country_select_id),
             f""""""
-            <option value="""" selected="""">---------</option>
+            <option value="""" selected="""">- Select an option -</option>
             <option value=""{argentina.pk}"" selected="""">Argentina</option>
             <option value=""{italy.pk}"">Italy</option>
             """""",
@@ -7281,7 +7282,7 @@ def _get_text_inside_element_by_selector(selector):
         # favorite_country_to_vacation field has no options.
         self.assertHTMLEqual(
             _get_HTML_inside_element_by_id(favorite_country_to_vacation_select_id),
-            '<option value="""" selected="""">---------</option>',
+            '<option value="""" selected="""">- Select an option -</option>',
         )
 
         # Add a new Asian country.",15,1,"@@ -26,6 +26,7 @@ from django.core import mail from django.core.checks import Error from django.core.files import temp as tempfile from django.db.models.utils import get_blank_choice_label from django.forms.utils import ErrorList from django.template.response import TemplateResponse from django.test import ( @@ -6929,7 +6930,7 @@ def test_inline_uuid_pk_delete_with_popup(self): self.selenium.switch_to.window(self.selenium.window_handles[0]) select = Select(self.selenium.find_element(By.ID, ""id_parent"")) self.assertEqual(ParentWithUUIDPK.objects.count(), 0) self.assertEqual(select.first_selected_option.text, ""---------"") self.assertEqual(select.first_selected_option.text, get_blank_choice_label()) self.assertEqual(select.first_selected_option.get_attribute(""value""), """") def test_inline_with_popup_cancel_delete(self): @@ -7179,7 +7180,7 @@ def _get_text_inside_element_by_selector(selector): self.assertHTMLEqual( _get_HTML_inside_element_by_id(born_country_select_id), f, ) @@ -7198,7 +7199,7 @@ def _get_text_inside_element_by_selector(selector): self.assertHTMLEqual( _get_HTML_inside_element_by_id(favorite_country_to_vacation_select_id), '<option value="""" selected="""">---------</option>', '<option value="""" selected="""">- Select an option -</option>', ) @@ -7218,7 +7219,7 @@ def _get_text_inside_element_by_selector(selector): self.assertHTMLEqual( _get_HTML_inside_element_by_id(born_country_select_id), f, @@ -7240,7 +7241,7 @@ def _get_text_inside_element_by_selector(selector): self.assertHTMLEqual( _get_HTML_inside_element_by_id(favorite_country_to_vacation_select_id), '<option value="""" selected="""">---------</option>', '<option value="""" selected="""">- Select an option -</option>', ) @@ -7261,7 +7262,7 @@ def _get_text_inside_element_by_selector(selector): self.assertHTMLEqual( _get_HTML_inside_element_by_id(born_country_select_id), f, @@ -7281,7 +7282,7 @@ def _get_text_inside_element_by_selector(selector): self.assertHTMLEqual( _get_HTML_inside_element_by_id(favorite_country_to_vacation_select_id), '<option value="""" selected="""">---------</option>', '<option value="""" selected="""">- Select an option -</option>', )",1,8,0,0,0,2143
django/django,63c56cda133a85a158502891c40465bc0331d3d9,"Fixed #35870 -- Made blank choice label in forms more accessible.

Added new constant django.db.models.fields.BLANK_CHOICE_LABEL for
an accessible and translatable blank choice label in forms.
Deprecated django.db.models.fields.BLANK_CHOICE_DASH constant.
Added the immediately deprecated transitional setting
USE_BLANK_CHOICE_DASH.

Co-Authored-By: Marijke Luttekes <mail@marijkeluttekes.dev>",tests/admin_widgets/tests.py,"@@ -1975,8 +1975,8 @@ def test_ForeignKey_using_to_field(self):
 
         # Chrome and Safari don't update related object links when selecting
         # the same option as previously submitted. As a consequence, the
-        # ""pencil"" and ""eye"" buttons remain disable, so select ""---------""
-        # first.
+        # ""pencil"" and ""eye"" buttons remain disable, so select
+        # ""- Select an option -"" first.
         select = Select(self.selenium.find_element(By.ID, ""id_user""))
         select.select_by_index(0)
         select.select_by_value(""newuser"")",4,1,"@@ -1975,8 +1975,8 @@ def test_ForeignKey_using_to_field(self): select = Select(self.selenium.find_element(By.ID, ""id_user"")) select.select_by_index(0) select.select_by_value(""newuser"")",1,1,0,0,0,185
django/django,63c56cda133a85a158502891c40465bc0331d3d9,"Fixed #35870 -- Made blank choice label in forms more accessible.

Added new constant django.db.models.fields.BLANK_CHOICE_LABEL for
an accessible and translatable blank choice label in forms.
Deprecated django.db.models.fields.BLANK_CHOICE_DASH constant.
Added the immediately deprecated transitional setting
USE_BLANK_CHOICE_DASH.

Co-Authored-By: Marijke Luttekes <mail@marijkeluttekes.dev>",tests/forms_tests/field_tests/test_typedchoicefield.py,"@@ -1,6 +1,7 @@
 import decimal
 
 from django.core.exceptions import ValidationError
+from django.db.models.utils import get_blank_choice_label
 from django.forms import TypedChoiceField
 from django.test import SimpleTestCase
 
@@ -62,7 +63,11 @@ def test_typedchoicefield_has_changed(self):
         self.assertFalse(f.has_changed(""1"", ""1""))
 
         f = TypedChoiceField(
-            choices=[("""", ""---------""), (""a"", ""a""), (""b"", ""b"")],
+            choices=[
+                ("""", get_blank_choice_label()),
+                (""a"", ""a""),
+                (""b"", ""b""),
+            ],
             coerce=str,
             required=False,
             initial=None,",7,1,"@@ -1,6 +1,7 @@ import decimal from django.core.exceptions import ValidationError from django.db.models.utils import get_blank_choice_label from django.forms import TypedChoiceField from django.test import SimpleTestCase @@ -62,7 +63,11 @@ def test_typedchoicefield_has_changed(self): self.assertFalse(f.has_changed(""1"", ""1"")) f = TypedChoiceField( choices=[("""", ""---------""), (""a"", ""a""), (""b"", ""b"")], choices=[ ("""", get_blank_choice_label()), (""a"", ""a""), (""b"", ""b""), ], coerce=str, required=False, initial=None,",1,1,0,0,0,512
django/django,63c56cda133a85a158502891c40465bc0331d3d9,"Fixed #35870 -- Made blank choice label in forms more accessible.

Added new constant django.db.models.fields.BLANK_CHOICE_LABEL for
an accessible and translatable blank choice label in forms.
Deprecated django.db.models.fields.BLANK_CHOICE_DASH constant.
Added the immediately deprecated transitional setting
USE_BLANK_CHOICE_DASH.

Co-Authored-By: Marijke Luttekes <mail@marijkeluttekes.dev>",tests/forms_tests/tests/test_forms.py,"@@ -1,11 +1,14 @@
 import copy
 import datetime
 import json
+import textwrap
 import uuid
 
+from django.conf import USE_BLANK_CHOICE_DASH_DEPRECATED_MSG
 from django.core.exceptions import NON_FIELD_ERRORS
 from django.core.files.uploadedfile import SimpleUploadedFile
 from django.core.validators import MaxValueValidator, RegexValidator
+from django.db.models.utils import get_blank_choice_label
 from django.forms import (
     BooleanField,
     BoundField,
@@ -42,9 +45,10 @@
 from django.forms.utils import ErrorDict, ErrorList
 from django.http import QueryDict
 from django.template import Context, Template
-from django.test import SimpleTestCase
+from django.test import SimpleTestCase, ignore_warnings
 from django.test.utils import override_settings
 from django.utils.datastructures import MultiValueDict
+from django.utils.deprecation import RemovedInDjango70Warning
 from django.utils.safestring import mark_safe
 
 from . import jinja2_tests
@@ -797,6 +801,37 @@ class FrameworkForm(Form):
 </select>"""""",
         )
 
+    # RemovedInDjango70Warning
+    @ignore_warnings(category=RemovedInDjango70Warning)
+    @override_settings(USE_BLANK_CHOICE_DASH=True)
+    def test_blank_choice_dash(self):
+        class SomeForm(Form):
+            somechoices = ChoiceField(
+                choices=(
+                    (""0"", get_blank_choice_label()),
+                    (""1"", ""Test 1""),
+                    (""2"", ""Test 2""),
+                )
+            )
+
+        f = SomeForm()
+
+        self.assertHTMLEqual(
+            f.as_p(),
+            textwrap.dedent(""""""
+            <p>
+                <label for=""id_somechoices"">Somechoices:</label>
+                <select name=""somechoices"" id=""id_somechoices"">
+                <option value=""0"">---------</option>
+                <option value=""1"">Test 1</option>
+                <option value=""2"">Test 2</option></select>
+            </p>""""""),
+        )
+
+        self.assertWarnsMessage(
+            RemovedInDjango70Warning, USE_BLANK_CHOICE_DASH_DEPRECATED_MSG
+        )
+
     def test_forms_with_radio(self):
         # Add widget=RadioSelect to use that widget with a ChoiceField.
         f = FrameworkForm(auto_id=False)",37,1,"@@ -1,11 +1,14 @@ import copy import datetime import json import textwrap import uuid from django.conf import USE_BLANK_CHOICE_DASH_DEPRECATED_MSG from django.core.exceptions import NON_FIELD_ERRORS from django.core.files.uploadedfile import SimpleUploadedFile from django.core.validators import MaxValueValidator, RegexValidator from django.db.models.utils import get_blank_choice_label from django.forms import ( BooleanField, BoundField, @@ -42,9 +45,10 @@ from django.forms.utils import ErrorDict, ErrorList from django.http import QueryDict from django.template import Context, Template from django.test import SimpleTestCase from django.test import SimpleTestCase, ignore_warnings from django.test.utils import override_settings from django.utils.datastructures import MultiValueDict from django.utils.deprecation import RemovedInDjango70Warning from django.utils.safestring import mark_safe from . import jinja2_tests @@ -797,6 +801,37 @@ class FrameworkForm(Form): </select> <p> <label for=""id_somechoices"">Somechoices:</label> <select name=""somechoices"" id=""id_somechoices""> <option value=""0"">---------</option> <option value=""1"">Test 1</option> <option value=""2"">Test 2</option></select> </p>""""""), ) self.assertWarnsMessage( RemovedInDjango70Warning, USE_BLANK_CHOICE_DASH_DEPRECATED_MSG ) def test_forms_with_radio(self): f = FrameworkForm(auto_id=False)",1,1,1,0,0,1365
django/django,63c56cda133a85a158502891c40465bc0331d3d9,"Fixed #35870 -- Made blank choice label in forms more accessible.

Added new constant django.db.models.fields.BLANK_CHOICE_LABEL for
an accessible and translatable blank choice label in forms.
Deprecated django.db.models.fields.BLANK_CHOICE_DASH constant.
Added the immediately deprecated transitional setting
USE_BLANK_CHOICE_DASH.

Co-Authored-By: Marijke Luttekes <mail@marijkeluttekes.dev>",tests/forms_tests/tests/test_i18n.py,"@@ -1,3 +1,6 @@
+import textwrap
+
+from django.db.models.utils import get_blank_choice_label
 from django.forms import (
     CharField,
     ChoiceField,
@@ -122,6 +125,41 @@ class CopyForm(Form):
 
         CopyForm()
 
+    def test_blank_choice_label(self):
+        class SomeForm(Form):
+            somechoices = ChoiceField(
+                choices=(
+                    (""0"", get_blank_choice_label()),
+                    (""1"", ""Test 1""),
+                    (""2"", ""Test 2""),
+                )
+            )
+
+        f = SomeForm()
+
+        self.assertHTMLEqual(
+            f.as_p(),
+            textwrap.dedent(""""""
+            <p>
+                <label for=""id_somechoices"">Somechoices:</label>
+                <select name=""somechoices"" id=""id_somechoices"">
+                <option value=""0"">- Select an option -</option>
+                <option value=""1"">Test 1</option>
+                <option value=""2"">Test 2</option></select>
+            </p>""""""),
+        )
+
+        with translation.override(""de""):
+            self.assertHTMLEqual(
+                f.as_p(),
+                textwrap.dedent(""""""<p><label for=""id_somechoices"">Somechoices:</label>
+                    <select name=""somechoices"" id=""id_somechoices"">
+                    <option value=""0"">- Wähle eine Option -</option>
+                    <option value=""1"">Test 1</option>
+                    <option value=""2"">Test 2</option></select>
+                </p>""""""),
+            )
+
 
 @jinja2_tests
 class Jinja2FormsI18nTests(FormsI18nTests):",38,1,"@@ -1,3 +1,6 @@ import textwrap from django.db.models.utils import get_blank_choice_label from django.forms import ( CharField, ChoiceField, @@ -122,6 +125,41 @@ class CopyForm(Form): CopyForm() def test_blank_choice_label(self): class SomeForm(Form): somechoices = ChoiceField( choices=( (""0"", get_blank_choice_label()), (""1"", ""Test 1""), (""2"", ""Test 2""), ) ) f = SomeForm() self.assertHTMLEqual( f.as_p(), textwrap.dedent(), ) with translation.override(""de""): self.assertHTMLEqual( f.as_p(), textwrap.dedent(), ) @jinja2_tests class Jinja2FormsI18nTests(FormsI18nTests):",1,1,0,0,0,571
django/django,63c56cda133a85a158502891c40465bc0331d3d9,"Fixed #35870 -- Made blank choice label in forms more accessible.

Added new constant django.db.models.fields.BLANK_CHOICE_LABEL for
an accessible and translatable blank choice label in forms.
Deprecated django.db.models.fields.BLANK_CHOICE_DASH constant.
Added the immediately deprecated transitional setting
USE_BLANK_CHOICE_DASH.

Co-Authored-By: Marijke Luttekes <mail@marijkeluttekes.dev>",tests/forms_tests/widget_tests/test_radioselect.py,"@@ -1,12 +1,13 @@
 import datetime
 
+from django.db.models.utils import get_blank_choice_label
 from django.forms import ChoiceField, Form, MultiWidget, RadioSelect, TextInput
 from django.test import override_settings
 from django.utils.safestring import mark_safe
 
 from .test_choicewidget import ChoiceWidgetTest
 
-BLANK_CHOICE_DASH = (("""", ""------""),)
+BLANK_CHOICE = (("""", get_blank_choice_label()),)
 
 
 class RadioSelectTest(ChoiceWidgetTest):
@@ -16,7 +17,9 @@ def test_render(self):
         html = """"""
         <div>
           <div>
-            <label><input type=""radio"" name=""beatle"" value="""">------</label>
+            <label><input type=""radio"" name=""beatle"" value="""">
+              - Select an option -
+            </label>
           </div>
           <div>
             <label><input checked type=""radio"" name=""beatle"" value=""J"">John</label>
@@ -32,7 +35,7 @@ def test_render(self):
           </div>
         </div>
         """"""
-        beatles_with_blank = BLANK_CHOICE_DASH + self.beatles
+        beatles_with_blank = BLANK_CHOICE + self.beatles
         for choices in (beatles_with_blank, dict(beatles_with_blank)):
             with self.subTest(choices):
                 self.check_html(self.widget(choices=choices), ""beatle"", ""J"", html=html)
@@ -83,11 +86,13 @@ def test_render_none(self):
         """"""
         If value is None, none of the options are selected.
         """"""
-        choices = BLANK_CHOICE_DASH + self.beatles
+        choices = BLANK_CHOICE + self.beatles
         html = """"""
         <div>
           <div>
-            <label><input checked type=""radio"" name=""beatle"" value="""">------</label>
+            <label><input checked type=""radio"" name=""beatle"" value="""">
+              - Select an option -
+            </label>
           </div>
           <div>
             <label><input type=""radio"" name=""beatle"" value=""J"">John</label>
@@ -463,11 +468,11 @@ def test_doesnt_localize_input_value(self):
 
     def test_render_as_subwidget(self):
         """"""A RadioSelect as a subwidget of MultiWidget.""""""
-        choices = BLANK_CHOICE_DASH + self.beatles
+        choices = BLANK_CHOICE + self.beatles
         html = """"""
         <div>
           <div><label>
-            <input type=""radio"" name=""beatle_0"" value="""">------</label>
+            <input type=""radio"" name=""beatle_0"" value="""">- Select an option -</label>
           </div>
           <div><label>
             <input checked type=""radio"" name=""beatle_0"" value=""J"">John</label>",19,1,"@@ -1,12 +1,13 @@ import datetime from django.db.models.utils import get_blank_choice_label from django.forms import ChoiceField, Form, MultiWidget, RadioSelect, TextInput from django.test import override_settings from django.utils.safestring import mark_safe from .test_choicewidget import ChoiceWidgetTest BLANK_CHOICE_DASH = (("""", ""------""),) BLANK_CHOICE = (("""", get_blank_choice_label()),) class RadioSelectTest(ChoiceWidgetTest): @@ -16,7 +17,9 @@ def test_render(self): html = beatles_with_blank = BLANK_CHOICE_DASH + self.beatles beatles_with_blank = BLANK_CHOICE + self.beatles for choices in (beatles_with_blank, dict(beatles_with_blank)): with self.subTest(choices): self.check_html(self.widget(choices=choices), ""beatle"", ""J"", html=html) @@ -83,11 +86,13 @@ def test_render_none(self): choices = BLANK_CHOICE_DASH + self.beatles choices = BLANK_CHOICE + self.beatles html = A RadioSelect as a subwidget of MultiWidget. <div> <div><label> <input type=""radio"" name=""beatle_0"" value="""">------</label> <input type=""radio"" name=""beatle_0"" value="""">- Select an option -</label> </div> <div><label> <input checked type=""radio"" name=""beatle_0"" value=""J"">John</label>",1,2,1,0,0,1170
django/django,63c56cda133a85a158502891c40465bc0331d3d9,"Fixed #35870 -- Made blank choice label in forms more accessible.

Added new constant django.db.models.fields.BLANK_CHOICE_LABEL for
an accessible and translatable blank choice label in forms.
Deprecated django.db.models.fields.BLANK_CHOICE_DASH constant.
Added the immediately deprecated transitional setting
USE_BLANK_CHOICE_DASH.

Co-Authored-By: Marijke Luttekes <mail@marijkeluttekes.dev>",tests/model_fields/test_booleanfield.py,"@@ -1,6 +1,7 @@
 from django import forms
 from django.core.exceptions import ValidationError
 from django.db import IntegrityError, models, transaction
+from django.db.models.utils import get_blank_choice_label
 from django.test import SimpleTestCase, TestCase
 
 from .models import BooleanModel, FksToBooleans, NullBooleanModel
@@ -48,7 +49,9 @@ def test_booleanfield_choices_blank_desired(self):
         """"""
         choices = [(1, ""Si""), (2, ""No"")]
         f = models.BooleanField(choices=choices)
-        self.assertEqual(f.formfield().choices, [("""", ""---------"")] + choices)
+        self.assertEqual(
+            f.formfield().choices, [("""", get_blank_choice_label())] + choices
+        )
 
     def test_nullbooleanfield_formfield(self):
         f = models.BooleanField(null=True)",5,1,"@@ -1,6 +1,7 @@ from django import forms from django.core.exceptions import ValidationError from django.db import IntegrityError, models, transaction from django.db.models.utils import get_blank_choice_label from django.test import SimpleTestCase, TestCase from .models import BooleanModel, FksToBooleans, NullBooleanModel @@ -48,7 +49,9 @@ def test_booleanfield_choices_blank_desired(self): """""" choices = [(1, ""Si""), (2, ""No"")] f = models.BooleanField(choices=choices) self.assertEqual(f.formfield().choices, [("""", ""---------"")] + choices) self.assertEqual( f.formfield().choices, [("""", get_blank_choice_label())] + choices ) def test_nullbooleanfield_formfield(self): f = models.BooleanField(null=True)",1,2,0,0,0,704
django/django,63c56cda133a85a158502891c40465bc0331d3d9,"Fixed #35870 -- Made blank choice label in forms more accessible.

Added new constant django.db.models.fields.BLANK_CHOICE_LABEL for
an accessible and translatable blank choice label in forms.
Deprecated django.db.models.fields.BLANK_CHOICE_DASH constant.
Added the immediately deprecated transitional setting
USE_BLANK_CHOICE_DASH.

Co-Authored-By: Marijke Luttekes <mail@marijkeluttekes.dev>",tests/model_fields/tests.py,"@@ -391,7 +391,10 @@ def test_blank_in_grouped_choices(self):
     def test_lazy_strings_not_evaluated(self):
         lazy_func = lazy(lambda x: 0 / 0, int)  # raises ZeroDivisionError if evaluated.
         f = models.CharField(choices=[(lazy_func(""group""), [(""a"", ""A""), (""b"", ""B"")])])
-        self.assertEqual(f.get_choices(include_blank=True)[0], ("""", ""---------""))
+        self.assertEqual(
+            f.get_choices(include_blank=True)[0],
+            ("""", models.utils.get_blank_choice_label()),
+        )
 
 
 class GetChoicesOrderingTests(TestCase):",5,1,"@@ -391,7 +391,10 @@ def test_blank_in_grouped_choices(self): def test_lazy_strings_not_evaluated(self): lazy_func = lazy(lambda x: 0 / 0, int) f = models.CharField(choices=[(lazy_func(""group""), [(""a"", ""A""), (""b"", ""B"")])]) self.assertEqual(f.get_choices(include_blank=True)[0], ("""", ""---------"")) self.assertEqual( f.get_choices(include_blank=True)[0], ("""", models.utils.get_blank_choice_label()), ) class GetChoicesOrderingTests(TestCase):",1,2,0,0,0,440
django/django,63c56cda133a85a158502891c40465bc0331d3d9,"Fixed #35870 -- Made blank choice label in forms more accessible.

Added new constant django.db.models.fields.BLANK_CHOICE_LABEL for
an accessible and translatable blank choice label in forms.
Deprecated django.db.models.fields.BLANK_CHOICE_DASH constant.
Added the immediately deprecated transitional setting
USE_BLANK_CHOICE_DASH.

Co-Authored-By: Marijke Luttekes <mail@marijkeluttekes.dev>",tests/model_forms/test_modelchoicefield.py,"@@ -2,6 +2,7 @@
 
 from django import forms
 from django.core.exceptions import ValidationError
+from django.db.models.utils import get_blank_choice_label
 from django.forms.models import ModelChoiceIterator, ModelChoiceIteratorValue
 from django.forms.widgets import CheckboxSelectMultiple
 from django.template import Context, Template
@@ -24,7 +25,7 @@ def test_basics(self):
         self.assertEqual(
             list(f.choices),
             [
-                ("""", ""---------""),
+                ("""", get_blank_choice_label()),
                 (self.c1.pk, ""Entertainment""),
                 (self.c2.pk, ""A test""),
                 (self.c3.pk, ""Third""),
@@ -102,7 +103,7 @@ def test_choices(self):
         self.assertEqual(
             list(f.choices),
             [
-                ("""", ""---------""),
+                ("""", get_blank_choice_label()),
                 (self.c1.pk, ""Entertainment""),
                 (self.c2.pk, ""A test""),
             ],
@@ -118,7 +119,7 @@ def test_choices(self):
         self.assertEqual(
             list(gen_two),
             [
-                ("""", ""---------""),
+                ("""", get_blank_choice_label()),
                 (self.c1.pk, ""Entertainment""),
                 (self.c2.pk, ""A test""),
             ],
@@ -130,7 +131,7 @@ def test_choices(self):
         self.assertEqual(
             list(f.choices),
             [
-                ("""", ""---------""),
+                ("""", get_blank_choice_label()),
                 (self.c1.pk, ""category Entertainment""),
                 (self.c2.pk, ""category A test""),
                 (self.c3.pk, ""category Third""),
@@ -143,7 +144,7 @@ def test_choices_freshness(self):
         self.assertEqual(
             list(f.choices),
             [
-                ("""", ""---------""),
+                ("""", get_blank_choice_label()),
                 (self.c1.pk, ""Entertainment""),
                 (self.c2.pk, ""A test""),
                 (self.c3.pk, ""Third""),
@@ -154,7 +155,7 @@ def test_choices_freshness(self):
         self.assertEqual(
             list(f.choices),
             [
-                ("""", ""---------""),
+                ("""", get_blank_choice_label()),
                 (self.c1.pk, ""Entertainment""),
                 (self.c2.pk, ""A test""),
                 (self.c3.pk, ""Third""),
@@ -174,6 +175,7 @@ def test_choices_bool_empty_label(self):
         self.assertIs(bool(f.choices), True)
 
     def test_choices_radio_blank(self):
+        blank_choice = [("""", get_blank_choice_label())]
         choices = [
             (self.c1.pk, ""Entertainment""),
             (self.c2.pk, ""A test""),
@@ -190,7 +192,7 @@ def test_choices_radio_blank(self):
                     )
                     self.assertEqual(
                         list(f.choices),
-                        [("""", ""---------"")] + choices if blank else choices,
+                        (blank_choice + choices if blank else choices),
                     )
 
     def test_deepcopies_widget(self):
@@ -424,7 +426,7 @@ def test_queryset_manager(self):
         self.assertCountEqual(
             list(f.choices),
             [
-                ("""", ""---------""),
+                ("""", get_blank_choice_label()),
                 (self.c1.pk, ""Entertainment""),
                 (self.c2.pk, ""A test""),
                 (self.c3.pk, ""Third""),",18,1,"@@ -2,6 +2,7 @@ from django import forms from django.core.exceptions import ValidationError from django.db.models.utils import get_blank_choice_label from django.forms.models import ModelChoiceIterator, ModelChoiceIteratorValue from django.forms.widgets import CheckboxSelectMultiple from django.template import Context, Template @@ -24,7 +25,7 @@ def test_basics(self): self.assertEqual( list(f.choices), [ ("""", ""---------""), ("""", get_blank_choice_label()), (self.c1.pk, ""Entertainment""), (self.c2.pk, ""A test""), (self.c3.pk, ""Third""), @@ -102,7 +103,7 @@ def test_choices(self): self.assertEqual( list(f.choices), [ ("""", ""---------""), ("""", get_blank_choice_label()), (self.c1.pk, ""Entertainment""), (self.c2.pk, ""A test""), ], @@ -118,7 +119,7 @@ def test_choices(self): self.assertEqual( list(gen_two), [ ("""", ""---------""), ("""", get_blank_choice_label()), (self.c1.pk, ""Entertainment""), (self.c2.pk, ""A test""), ], @@ -130,7 +131,7 @@ def test_choices(self): self.assertEqual( list(f.choices), [ ("""", ""---------""), ("""", get_blank_choice_label()), (self.c1.pk, ""category Entertainment""), (self.c2.pk, ""category A test""), (self.c3.pk, ""category Third""), @@ -143,7 +144,7 @@ def test_choices_freshness(self): self.assertEqual( list(f.choices), [ ("""", ""---------""), ("""", get_blank_choice_label()), (self.c1.pk, ""Entertainment""), (self.c2.pk, ""A test""), (self.c3.pk, ""Third""), @@ -154,7 +155,7 @@ def test_choices_freshness(self): self.assertEqual( list(f.choices), [ ("""", ""---------""), ("""", get_blank_choice_label()), (self.c1.pk, ""Entertainment""), (self.c2.pk, ""A test""), (self.c3.pk, ""Third""), @@ -174,6 +175,7 @@ def test_choices_bool_empty_label(self): self.assertIs(bool(f.choices), True) def test_choices_radio_blank(self): blank_choice = [("""", get_blank_choice_label())] choices = [ (self.c1.pk, ""Entertainment""), (self.c2.pk, ""A test""), @@ -190,7 +192,7 @@ def test_choices_radio_blank(self): ) self.assertEqual( list(f.choices), [("""", ""---------"")] + choices if blank else choices, (blank_choice + choices if blank else choices), ) def test_deepcopies_widget(self): @@ -424,7 +426,7 @@ def test_queryset_manager(self): self.assertCountEqual( list(f.choices), [ ("""", ""---------""), ("""", get_blank_choice_label()), (self.c1.pk, ""Entertainment""), (self.c2.pk, ""A test""), (self.c3.pk, ""Third""),",1,11,0,2,0,2294
django/django,63c56cda133a85a158502891c40465bc0331d3d9,"Fixed #35870 -- Made blank choice label in forms more accessible.

Added new constant django.db.models.fields.BLANK_CHOICE_LABEL for
an accessible and translatable blank choice label in forms.
Deprecated django.db.models.fields.BLANK_CHOICE_DASH constant.
Added the immediately deprecated transitional setting
USE_BLANK_CHOICE_DASH.

Co-Authored-By: Marijke Luttekes <mail@marijkeluttekes.dev>",tests/model_forms/tests.py,"@@ -14,6 +14,7 @@
 from django.core.files.uploadedfile import SimpleUploadedFile
 from django.db import connection, models
 from django.db.models.query import EmptyQuerySet
+from django.db.models.utils import get_blank_choice_label
 from django.forms.models import (
     ModelFormMetaclass,
     construct_instance,
@@ -343,7 +344,7 @@ class Meta:
         self.assertEqual(
             list(form.fields[""author""].choices),
             [
-                ("""", ""---------""),
+                ("""", get_blank_choice_label()),
                 (writer.pk, ""Joe Doe""),
             ],
         )
@@ -1531,7 +1532,7 @@ def test_initial_values(self):
             <li>Slug: <input type=""text"" name=""slug"" maxlength=""50"" required></li>
             <li>Pub date: <input type=""text"" name=""pub_date"" required></li>
             <li>Writer: <select name=""writer"" required>
-            <option value="""" selected>---------</option>
+            <option value="""" selected>- Select an option -</option>
             <option value=""%s"">Bob Woodward</option>
             <option value=""%s"">Mike Royko</option>
             </select></li>
@@ -1543,7 +1544,7 @@ def test_initial_values(self):
             <option value=""%s"">Third test</option>
             </select></li>
             <li>Status: <select name=""status"">
-            <option value="""" selected>---------</option>
+            <option value="""" selected>- Select an option -</option>
             <option value=""1"">Draft</option>
             <option value=""2"">Pending</option>
             <option value=""3"">Live</option>
@@ -1585,7 +1586,7 @@ def test_initial_values(self):
             <li>Pub date:
             <input type=""text"" name=""pub_date"" value=""1988-01-04"" required></li>
             <li>Writer: <select name=""writer"" required>
-            <option value="""">---------</option>
+            <option value="""">- Select an option -</option>
             <option value=""%s"">Bob Woodward</option>
             <option value=""%s"" selected>Mike Royko</option>
             </select></li>
@@ -1597,7 +1598,7 @@ def test_initial_values(self):
             <option value=""%s"">Third test</option>
             </select></li>
             <li>Status: <select name=""status"">
-            <option value="""" selected>---------</option>
+            <option value="""" selected>- Select an option -</option>
             <option value=""1"">Draft</option>
             <option value=""2"">Pending</option>
             <option value=""3"">Live</option>
@@ -1731,7 +1732,7 @@ def test_multi_fields(self):
             </div>
             <div>Writer:
                 <select name=""writer"" required>
-                    <option value="""" selected>---------</option>
+                    <option value="""" selected>- Select an option -</option>
                     <option value=""%s"">Bob Woodward</option>
                     <option value=""%s"">Mike Royko</option>
                 </select>
@@ -1748,7 +1749,7 @@ def test_multi_fields(self):
             </div>
             <div>Status:
                 <select name=""status"">
-                    <option value="""" selected>---------</option>
+                    <option value="""" selected>- Select an option -</option>
                     <option value=""1"">Draft</option><option value=""2"">Pending</option>
                     <option value=""3"">Live</option>
                 </select>
@@ -1781,7 +1782,7 @@ def test_multi_fields(self):
             <li>Pub date:
             <input type=""text"" name=""pub_date"" value=""1988-01-04"" required></li>
             <li>Writer: <select name=""writer"" required>
-            <option value="""">---------</option>
+            <option value="""">- Select an option -</option>
             <option value=""%s"">Bob Woodward</option>
             <option value=""%s"" selected>Mike Royko</option>
             </select></li>
@@ -1793,7 +1794,7 @@ def test_multi_fields(self):
             <option value=""%s"">Third test</option>
             </select></li>
             <li>Status: <select name=""status"">
-            <option value="""" selected>---------</option>
+            <option value="""" selected>- Select an option -</option>
             <option value=""1"">Draft</option>
             <option value=""2"">Pending</option>
             <option value=""3"">Live</option>
@@ -1957,7 +1958,7 @@ def test_runtime_choicefield_populated(self):
             '<li>Slug: <input type=""text"" name=""slug"" maxlength=""50"" required></li>'
             '<li>Pub date: <input type=""text"" name=""pub_date"" required></li>'
             '<li>Writer: <select name=""writer"" required>'
-            '<option value="""" selected>---------</option>'
+            '<option value="""" selected>- Select an option -</option>'
             '<option value=""%s"">Bob Woodward</option>'
             '<option value=""%s"">Mike Royko</option>'
             ""</select></li>""
@@ -1969,7 +1970,7 @@ def test_runtime_choicefield_populated(self):
             '<option value=""%s"">Third test</option>'
             ""</select> </li>""
             '<li>Status: <select name=""status"">'
-            '<option value="""" selected>---------</option>'
+            '<option value="""" selected>- Select an option -</option>'
             '<option value=""1"">Draft</option>'
             '<option value=""2"">Pending</option>'
             '<option value=""3"">Live</option>'
@@ -1986,7 +1987,7 @@ def test_runtime_choicefield_populated(self):
             '<li>Slug: <input type=""text"" name=""slug"" maxlength=""50"" required></li>'
             '<li>Pub date: <input type=""text"" name=""pub_date"" required></li>'
             '<li>Writer: <select name=""writer"" required>'
-            '<option value="""" selected>---------</option>'
+            '<option value="""" selected>- Select an option -</option>'
             '<option value=""%s"">Bob Woodward</option>'
             '<option value=""%s"">Carl Bernstein</option>'
             '<option value=""%s"">Mike Royko</option>'
@@ -2000,7 +2001,7 @@ def test_runtime_choicefield_populated(self):
             '<option value=""%s"">Fourth</option>'
             ""</select></li>""
             '<li>Status: <select name=""status"">'
-            '<option value="""" selected>---------</option>'
+            '<option value="""" selected>- Select an option -</option>'
             '<option value=""1"">Draft</option>'
             '<option value=""2"">Pending</option>'
             '<option value=""3"">Live</option>'
@@ -2044,7 +2045,7 @@ class Meta:
         self.assertEqual(call_count, 0)
         self.assertEqual(
             form.fields[""animal""].choices,
-            models.BLANK_CHOICE_DASH + [(""LION"", ""Lion""), (""ZEBRA"", ""Zebra"")],
+            [("""", get_blank_choice_label())] + [(""LION"", ""Lion""), (""ZEBRA"", ""Zebra"")],
         )
         self.assertEqual(call_count, 1)
 
@@ -2410,7 +2411,7 @@ class Meta:
             """"""
             <p><label for=""id_writer"">Writer:</label>
             <select name=""writer"" id=""id_writer"" required>
-            <option value="""" selected>---------</option>
+            <option value="""" selected>- Select an option -</option>
             <option value=""%s"">Bob Woodward</option>
             <option value=""%s"">Mike Royko</option>
             </select></p>
@@ -2437,7 +2438,7 @@ class Meta:
             """"""
             <p><label for=""id_writer"">Writer:</label>
             <select name=""writer"" id=""id_writer"" required>
-            <option value="""">---------</option>
+            <option value="""">- Select an option -</option>
             <option value=""%s"" selected>Bob Woodward</option>
             <option value=""%s"">Mike Royko</option>
             </select></p>
@@ -2727,7 +2728,8 @@ class Meta:
 
         form = FPForm()
         self.assertEqual(
-            [name for _, name in form[""path""].field.choices], [""---------"", ""models.py""]
+            [name for _, name in form[""path""].field.choices],
+            [get_blank_choice_label(), ""models.py""],
         )
 
     @skipUnless(test_images, ""Pillow not installed"")
@@ -3027,7 +3029,7 @@ def label_from_instance(self, obj):
             self.assertEqual(
                 tuple(field.choices),
                 (
-                    ("""", ""---------""),
+                    ("""", get_blank_choice_label()),
                     (multicolor_item.pk, ""blue, red""),
                     (red_item.pk, ""red""),
                 ),
@@ -3041,14 +3043,19 @@ def test_foreignkeys_which_use_to_field(self):
         field = forms.ModelChoiceField(Inventory.objects.all(), to_field_name=""barcode"")
         self.assertEqual(
             tuple(field.choices),
-            (("""", ""---------""), (86, ""Apple""), (87, ""Core""), (22, ""Pear"")),
+            (
+                ("""", get_blank_choice_label()),
+                (86, ""Apple""),
+                (87, ""Core""),
+                (22, ""Pear""),
+            ),
         )
 
         form = InventoryForm(instance=core)
         self.assertHTMLEqual(
             str(form[""parent""]),
             """"""<select name=""parent"" id=""id_parent"">
-<option value="""">---------</option>
+<option value="""">- Select an option -</option>
 <option value=""86"" selected>Apple</option>
 <option value=""87"">Core</option>
 <option value=""22"">Pear</option>",47,1,"@@ -14,6 +14,7 @@ from django.core.files.uploadedfile import SimpleUploadedFile from django.db import connection, models from django.db.models.query import EmptyQuerySet from django.db.models.utils import get_blank_choice_label from django.forms.models import ( ModelFormMetaclass, construct_instance, @@ -343,7 +344,7 @@ class Meta: self.assertEqual( list(form.fields[""author""].choices), [ ("""", ""---------""), ("""", get_blank_choice_label()), (writer.pk, ""Joe Doe""), ], ) @@ -1531,7 +1532,7 @@ def test_initial_values(self): <li>Slug: <input type=""text"" name=""slug"" maxlength=""50"" required></li> <li>Pub date: <input type=""text"" name=""pub_date"" required></li> <li>Writer: <select name=""writer"" required> <option value="""" selected>---------</option> <option value="""" selected>- Select an option -</option> <option value=""%s"">Bob Woodward</option> <option value=""%s"">Mike Royko</option> </select></li> @@ -1543,7 +1544,7 @@ def test_initial_values(self): <option value=""%s"">Third test</option> </select></li> <li>Status: <select name=""status""> <option value="""" selected>---------</option> <option value="""" selected>- Select an option -</option> <option value=""1"">Draft</option> <option value=""2"">Pending</option> <option value=""3"">Live</option> @@ -1585,7 +1586,7 @@ def test_initial_values(self): <li>Pub date: <input type=""text"" name=""pub_date"" value=""1988-01-04"" required></li> <li>Writer: <select name=""writer"" required> <option value="""">---------</option> <option value="""">- Select an option -</option> <option value=""%s"">Bob Woodward</option> <option value=""%s"" selected>Mike Royko</option> </select></li> @@ -1597,7 +1598,7 @@ def test_initial_values(self): <option value=""%s"">Third test</option> </select></li> <li>Status: <select name=""status""> <option value="""" selected>---------</option> <option value="""" selected>- Select an option -</option> <option value=""1"">Draft</option> <option value=""2"">Pending</option> <option value=""3"">Live</option> @@ -1731,7 +1732,7 @@ def test_multi_fields(self): </div> <div>Writer: <select name=""writer"" required> <option value="""" selected>---------</option> <option value="""" selected>- Select an option -</option> <option value=""%s"">Bob Woodward</option> <option value=""%s"">Mike Royko</option> </select> @@ -1748,7 +1749,7 @@ def test_multi_fields(self): </div> <div>Status: <select name=""status""> <option value="""" selected>---------</option> <option value="""" selected>- Select an option -</option> <option value=""1"">Draft</option><option value=""2"">Pending</option> <option value=""3"">Live</option> </select> @@ -1781,7 +1782,7 @@ def test_multi_fields(self): <li>Pub date: <input type=""text"" name=""pub_date"" value=""1988-01-04"" required></li> <li>Writer: <select name=""writer"" required> <option value="""">---------</option> <option value="""">- Select an option -</option> <option value=""%s"">Bob Woodward</option> <option value=""%s"" selected>Mike Royko</option> </select></li> @@ -1793,7 +1794,7 @@ def test_multi_fields(self): <option value=""%s"">Third test</option> </select></li> <li>Status: <select name=""status""> <option value="""" selected>---------</option> <option value="""" selected>- Select an option -</option> <option value=""1"">Draft</option> <option value=""2"">Pending</option> <option value=""3"">Live</option> @@ -1957,7 +1958,7 @@ def test_runtime_choicefield_populated(self): '<li>Slug: <input type=""text"" name=""slug"" maxlength=""50"" required></li>' '<li>Pub date: <input type=""text"" name=""pub_date"" required></li>' '<li>Writer: <select name=""writer"" required>' '<option value="""" selected>---------</option>' '<option value="""" selected>- Select an option -</option>' '<option value=""%s"">Bob Woodward</option>' '<option value=""%s"">Mike Royko</option>' ""</select></li>"" @@ -1969,7 +1970,7 @@ def test_runtime_choicefield_populated(self): '<option value=""%s"">Third test</option>' ""</select> </li>"" '<li>Status: <select name=""status"">' '<option value="""" selected>---------</option>' '<option value="""" selected>- Select an option -</option>' '<option value=""1"">Draft</option>' '<option value=""2"">Pending</option>' '<option value=""3"">Live</option>' @@ -1986,7 +1987,7 @@ def test_runtime_choicefield_populated(self): '<li>Slug: <input type=""text"" name=""slug"" maxlength=""50"" required></li>' '<li>Pub date: <input type=""text"" name=""pub_date"" required></li>' '<li>Writer: <select name=""writer"" required>' '<option value="""" selected>---------</option>' '<option value="""" selected>- Select an option -</option>' '<option value=""%s"">Bob Woodward</option>' '<option value=""%s"">Carl Bernstein</option>' '<option value=""%s"">Mike Royko</option>' @@ -2000,7 +2001,7 @@ def test_runtime_choicefield_populated(self): '<option value=""%s"">Fourth</option>' ""</select></li>"" '<li>Status: <select name=""status"">' '<option value="""" selected>---------</option>' '<option value="""" selected>- Select an option -</option>' '<option value=""1"">Draft</option>' '<option value=""2"">Pending</option>' '<option value=""3"">Live</option>' @@ -2044,7 +2045,7 @@ class Meta: self.assertEqual(call_count, 0) self.assertEqual( form.fields[""animal""].choices, models.BLANK_CHOICE_DASH + [(""LION"", ""Lion""), (""ZEBRA"", ""Zebra"")], [("""", get_blank_choice_label())] + [(""LION"", ""Lion""), (""ZEBRA"", ""Zebra"")], ) self.assertEqual(call_count, 1) @@ -2410,7 +2411,7 @@ class Meta: <p><label for=""id_writer"">Writer:</label> <select name=""writer"" id=""id_writer"" required> <option value="""">---------</option> <option value="""">- Select an option -</option> <option value=""%s"" selected>Bob Woodward</option> <option value=""%s"">Mike Royko</option> </select></p> @@ -2727,7 +2728,8 @@ class Meta: form = FPForm() self.assertEqual( [name for _, name in form[""path""].field.choices], [""---------"", ""models.py""] [name for _, name in form[""path""].field.choices], [get_blank_choice_label(), ""models.py""], ) @skipUnless(test_images, ""Pillow not installed"") @@ -3027,7 +3029,7 @@ def label_from_instance(self, obj): self.assertEqual( tuple(field.choices), ( ("""", ""---------""), ("""", get_blank_choice_label()), (multicolor_item.pk, ""blue, red""), (red_item.pk, ""red""), ), @@ -3041,14 +3043,19 @@ def test_foreignkeys_which_use_to_field(self): field = forms.ModelChoiceField(Inventory.objects.all(), to_field_name=""barcode"") self.assertEqual( tuple(field.choices), (("""", ""---------""), (86, ""Apple""), (87, ""Core""), (22, ""Pear"")), ( ("""", get_blank_choice_label()), (86, ""Apple""), (87, ""Core""), (22, ""Pear""), ), ) form = InventoryForm(instance=core) self.assertHTMLEqual( str(form[""parent""]), """"""<select name=""parent"" id=""id_parent""> <option value="""">---------</option> <option value="""">- Select an option -</option> <option value=""86"" selected>Apple</option> <option value=""87"">Core</option> <option value=""22"">Pear</option>",1,14,3,0,0,6694
django/django,63c56cda133a85a158502891c40465bc0331d3d9,"Fixed #35870 -- Made blank choice label in forms more accessible.

Added new constant django.db.models.fields.BLANK_CHOICE_LABEL for
an accessible and translatable blank choice label in forms.
Deprecated django.db.models.fields.BLANK_CHOICE_DASH constant.
Added the immediately deprecated transitional setting
USE_BLANK_CHOICE_DASH.

Co-Authored-By: Marijke Luttekes <mail@marijkeluttekes.dev>",tests/model_formsets/tests.py,"@@ -1267,9 +1267,9 @@ def test_custom_pk(self):
             formset.forms[0].as_p(),
             '<p><label for=""id_form-0-owner"">Owner:</label>'
             '<select name=""form-0-owner"" id=""id_form-0-owner"">'
-            '<option value="""" selected>---------</option>'
-            '<option value=""%s"">Joe Perry at Giordanos</option>'
-            '<option value=""%s"">Jack Berry at Giordanos</option>'
+            '<option value="""" selected>- Select an option -</option>'
+            '<option value=""%d"">Joe Perry at Giordanos</option>'
+            '<option value=""%d"">Jack Berry at Giordanos</option>'
             ""</select></p>""
             '<p><label for=""id_form-0-age"">Age:</label>'
             '<input type=""number"" name=""form-0-age"" id=""id_form-0-age"" min=""0""></p>'",6,1,"@@ -1267,9 +1267,9 @@ def test_custom_pk(self): formset.forms[0].as_p(), '<p><label for=""id_form-0-owner"">Owner:</label>' '<select name=""form-0-owner"" id=""id_form-0-owner"">' '<option value="""" selected>---------</option>' '<option value=""%s"">Joe Perry at Giordanos</option>' '<option value=""%s"">Jack Berry at Giordanos</option>' '<option value="""" selected>- Select an option -</option>' '<option value=""%d"">Joe Perry at Giordanos</option>' '<option value=""%d"">Jack Berry at Giordanos</option>' ""</select></p>"" '<p><label for=""id_form-0-age"">Age:</label>' '<input type=""number"" name=""form-0-age"" id=""id_form-0-age"" min=""0""></p>'",1,1,2,0,0,626
django/django,63c56cda133a85a158502891c40465bc0331d3d9,"Fixed #35870 -- Made blank choice label in forms more accessible.

Added new constant django.db.models.fields.BLANK_CHOICE_LABEL for
an accessible and translatable blank choice label in forms.
Deprecated django.db.models.fields.BLANK_CHOICE_DASH constant.
Added the immediately deprecated transitional setting
USE_BLANK_CHOICE_DASH.

Co-Authored-By: Marijke Luttekes <mail@marijkeluttekes.dev>",tests/modeladmin/tests.py,"@@ -18,6 +18,7 @@
 )
 from django.contrib.auth.models import User
 from django.db import models
+from django.db.models.utils import get_blank_choice_label
 from django.forms.widgets import Select
 from django.test import RequestFactory, SimpleTestCase, TestCase
 from django.test.utils import isolate_apps
@@ -636,7 +637,7 @@ def test_queryset_override(self):
             '<div class=""related-widget-wrapper"" data-model-ref=""band"">'
             '<select data-context=""available-source"" '
             'name=""main_band"" id=""id_main_band"" required>'
-            '<option value="""" selected>---------</option>'
+            '<option value="""" selected>- Select an option -</option>'
             '<option value=""%s"">The Beatles</option>'
             '<option value=""%s"">The Doors</option>'
             ""</select></div>"" % (band2.id, self.band.id),
@@ -660,8 +661,8 @@ class ConcertAdminWithForm(ModelAdmin):
             '<div class=""related-widget-wrapper"" data-model-ref=""band"">'
             '<select data-context=""available-source"" '
             'name=""main_band"" id=""id_main_band"" required>'
-            '<option value="""" selected>---------</option>'
-            '<option value=""%s"">The Doors</option>'
+            '<option value="""" selected>- Select an option -</option>'
+            '<option value=""%d"">The Doors</option>'
             ""</select></div>"" % self.band.id,
         )
 
@@ -708,30 +709,31 @@ def test_default_foreign_key_widget(self):
         # ForeignKey widgets in the admin are wrapped with
         # RelatedFieldWidgetWrapper so they need to be handled properly when
         # type checking. For Select fields, all of the choices lists have a
-        # first entry of dashes.
+        # first entry of a translatable blank choice label.
+        blank_option = ("""", get_blank_choice_label())
         cma = ModelAdmin(Concert, self.site)
         cmafa = cma.get_form(request)
 
         self.assertEqual(type(cmafa.base_fields[""main_band""].widget.widget), Select)
         self.assertEqual(
             list(cmafa.base_fields[""main_band""].widget.choices),
-            [("""", ""---------""), (self.band.id, ""The Doors"")],
+            [blank_option, (self.band.id, ""The Doors"")],
         )
 
         self.assertEqual(type(cmafa.base_fields[""opening_band""].widget.widget), Select)
         self.assertEqual(
             list(cmafa.base_fields[""opening_band""].widget.choices),
-            [("""", ""---------""), (self.band.id, ""The Doors"")],
+            [blank_option, (self.band.id, ""The Doors"")],
         )
         self.assertEqual(type(cmafa.base_fields[""day""].widget), Select)
         self.assertEqual(
             list(cmafa.base_fields[""day""].widget.choices),
-            [("""", ""---------""), (1, ""Fri""), (2, ""Sat"")],
+            [blank_option, (1, ""Fri""), (2, ""Sat"")],
         )
         self.assertEqual(type(cmafa.base_fields[""transport""].widget), Select)
         self.assertEqual(
             list(cmafa.base_fields[""transport""].widget.choices),
-            [("""", ""---------""), (1, ""Plane""), (2, ""Train""), (3, ""Bus"")],
+            [blank_option, (1, ""Plane""), (2, ""Train""), (3, ""Bus"")],
         )
 
     def test_foreign_key_as_radio_field(self):
@@ -849,7 +851,7 @@ class ConcertAdmin(ModelAdmin):
             'class=""related-widget-wrapper"" data-model-ref=""band""><select '
             'name=""main_band"" data-context=""available-source"" required '
             'id=""id_main_band"" data-custom-widget=""true"" multiple>'
-            '<option value="""">---------</option>'
+            '<option value="""">- Select an option -</option>'
             f'<option value=""{self.band.pk}"">The Doors</option>'
             ""</select></div></div>""
         )",20,1,"@@ -18,6 +18,7 @@ ) from django.contrib.auth.models import User from django.db import models from django.db.models.utils import get_blank_choice_label from django.forms.widgets import Select from django.test import RequestFactory, SimpleTestCase, TestCase from django.test.utils import isolate_apps @@ -636,7 +637,7 @@ def test_queryset_override(self): '<div class=""related-widget-wrapper"" data-model-ref=""band"">' '<select data-context=""available-source"" ' 'name=""main_band"" id=""id_main_band"" required>' '<option value="""" selected>---------</option>' '<option value="""" selected>- Select an option -</option>' '<option value=""%s"">The Beatles</option>' '<option value=""%s"">The Doors</option>' ""</select></div>"" % (band2.id, self.band.id), @@ -660,8 +661,8 @@ class ConcertAdminWithForm(ModelAdmin): '<div class=""related-widget-wrapper"" data-model-ref=""band"">' '<select data-context=""available-source"" ' 'name=""main_band"" id=""id_main_band"" required>' '<option value="""" selected>---------</option>' '<option value=""%s"">The Doors</option>' '<option value="""" selected>- Select an option -</option>' '<option value=""%d"">The Doors</option>' ""</select></div>"" % self.band.id, ) @@ -708,30 +709,31 @@ def test_default_foreign_key_widget(self): blank_option = ("""", get_blank_choice_label()) cma = ModelAdmin(Concert, self.site) cmafa = cma.get_form(request) self.assertEqual(type(cmafa.base_fields[""main_band""].widget.widget), Select) self.assertEqual( list(cmafa.base_fields[""main_band""].widget.choices), [("""", ""---------""), (self.band.id, ""The Doors"")], [blank_option, (self.band.id, ""The Doors"")], ) self.assertEqual(type(cmafa.base_fields[""opening_band""].widget.widget), Select) self.assertEqual( list(cmafa.base_fields[""opening_band""].widget.choices), [("""", ""---------""), (self.band.id, ""The Doors"")], [blank_option, (self.band.id, ""The Doors"")], ) self.assertEqual(type(cmafa.base_fields[""day""].widget), Select) self.assertEqual( list(cmafa.base_fields[""day""].widget.choices), [("""", ""---------""), (1, ""Fri""), (2, ""Sat"")], [blank_option, (1, ""Fri""), (2, ""Sat"")], ) self.assertEqual(type(cmafa.base_fields[""transport""].widget), Select) self.assertEqual( list(cmafa.base_fields[""transport""].widget.choices), [("""", ""---------""), (1, ""Plane""), (2, ""Train""), (3, ""Bus"")], [blank_option, (1, ""Plane""), (2, ""Train""), (3, ""Bus"")], ) def test_foreign_key_as_radio_field(self): @@ -849,7 +851,7 @@ class ConcertAdmin(ModelAdmin): 'class=""related-widget-wrapper"" data-model-ref=""band""><select ' 'name=""main_band"" data-context=""available-source"" required ' 'id=""id_main_band"" data-custom-widget=""true"" multiple>' '<option value="""">---------</option>' '<option value="""">- Select an option -</option>' f'<option value=""{self.band.pk}"">The Doors</option>' ""</select></div></div>"" )",1,3,0,0,0,2760
django/django,dc467fdc3b5744cec71fab876c23a14013e2510b,Fixed #36991 -- Raised BadRequest for invalid encodings in Content-Type headers.,django/http/request.py,"@@ -155,9 +155,12 @@ def accepts(self, media_type):
 
     def _set_content_type_params(self, meta):
         """"""Set content_type, content_params, and encoding.""""""
-        self.content_type, self.content_params = parse_header_parameters(
-            meta.get(""CONTENT_TYPE"", """")
-        )
+        try:
+            self.content_type, self.content_params = parse_header_parameters(
+                meta.get(""CONTENT_TYPE"", """")
+            )
+        except ValueError as exc:
+            raise BadRequest(""Invalid Content-Type header."") from exc
         if ""charset"" in self.content_params:
             try:
                 codecs.lookup(self.content_params[""charset""])",9,1,"@@ -155,9 +155,12 @@ def accepts(self, media_type): def _set_content_type_params(self, meta): self.content_type, self.content_params = parse_header_parameters( meta.get(""CONTENT_TYPE"", """") ) try: self.content_type, self.content_params = parse_header_parameters( meta.get(""CONTENT_TYPE"", """") ) except ValueError as exc: raise BadRequest(""Invalid Content-Type header."") from exc if ""charset"" in self.content_params: try: codecs.lookup(self.content_params[""charset""])",1,2,0,1,3,464
django/django,dc467fdc3b5744cec71fab876c23a14013e2510b,Fixed #36991 -- Raised BadRequest for invalid encodings in Content-Type headers.,django/utils/http.py,"@@ -366,7 +366,11 @@ def parse_header_parameters(line, max_length=MAX_HEADER_LENGTH):
                 value = value.replace(""\\\\"", ""\\"").replace('\\""', '""')
             if has_encoding:
                 encoding, lang, value = value.split(""'"")
-                value = unquote(value, encoding=encoding)
+                try:
+                    value = unquote(value, encoding=encoding)
+                except (LookupError, UnicodeDecodeError):
+                    msg = f""Invalid encoding {encoding!r} for RFC 2231 param.""
+                    raise ValueError(msg)
             pdict[name] = value
     return key, pdict
 ",6,1,"@@ -366,7 +366,11 @@ def parse_header_parameters(line, max_length=MAX_HEADER_LENGTH): value = value.replace(""\\\\"", ""\\"").replace('\\""', '""') if has_encoding: encoding, lang, value = value.split(""'"") value = unquote(value, encoding=encoding) try: value = unquote(value, encoding=encoding) except (LookupError, UnicodeDecodeError): msg = f""Invalid encoding {encoding!r} for RFC 2231 param."" raise ValueError(msg) pdict[name] = value return key, pdict",1,1,1,1,2,449
django/django,dc467fdc3b5744cec71fab876c23a14013e2510b,Fixed #36991 -- Raised BadRequest for invalid encodings in Content-Type headers.,tests/requests_tests/tests.py,"@@ -456,6 +456,20 @@ def test_body_after_POST_multipart_form_data(self):
         with self.assertRaises(RawPostDataException):
             request.body
 
+    def test_malformed_header(self):
+        tests = [
+            # Invalid encoding name with percent-encoded value
+            ""text/plain; charset*=BOGUS''%20"",
+            # Another invalid encoding with different value
+            ""text/plain; filename*=INVALID''%s%s%s"",
+            # Invalid encoding with multi-line encoded content
+            ""text/plain; title*=NOTACODEC''%E2%80%A6"",
+        ]
+        msg = ""Invalid Content-Type header.""
+        for header in tests:
+            with self.subTest(header=header), self.assertRaisesMessage(BadRequest, msg):
+                WSGIRequest({""REQUEST_METHOD"": ""GET"", ""CONTENT_TYPE"": header})
+
     def test_malformed_multipart_header(self):
         tests = [
             ('Content-Disposition : form-data; name=""name""', {""name"": [""value""]}),",14,1,"@@ -456,6 +456,20 @@ def test_body_after_POST_multipart_form_data(self): with self.assertRaises(RawPostDataException): request.body def test_malformed_header(self): tests = [ ""text/plain; charset*=BOGUS''%20"", ""text/plain; filename*=INVALID''%s%s%s"", ""text/plain; title*=NOTACODEC''%E2%80%A6"", ] msg = ""Invalid Content-Type header."" for header in tests: with self.subTest(header=header), self.assertRaisesMessage(BadRequest, msg): WSGIRequest({""REQUEST_METHOD"": ""GET"", ""CONTENT_TYPE"": header}) def test_malformed_multipart_header(self): tests = [ ('Content-Disposition : form-data; name=""name""', {""name"": [""value""]}),",1,3,1,0,0,617
django/django,dc467fdc3b5744cec71fab876c23a14013e2510b,Fixed #36991 -- Raised BadRequest for invalid encodings in Content-Type headers.,tests/utils_tests/test_http.py,"@@ -521,6 +521,20 @@ def test_rfc2231_wrong_title(self):
             parsed = parse_header_parameters(raw_line)
             self.assertEqual(parsed[1][""title""], expected_title)
 
+    def test_rfc2231_invalid_encoding(self):
+        test_data = [
+            # Invalid encoding name with percent-encoded value
+            ""text/plain; charset*=BOGUS''%20"",
+            # Another invalid encoding with different value
+            ""text/plain; filename*=INVALID''%s%s%s"",
+            # Invalid encoding with multi-line encoded content
+            ""text/plain; title*=NOTACODEC''%E2%80%A6"",
+        ]
+        msg = ""Invalid encoding""
+        for header in test_data:
+            with self.subTest(raw_line=header), self.assertRaisesRegex(ValueError, msg):
+                parse_header_parameters(header)
+
     def test_header_max_length(self):
         base_header = ""Content-Type: application/x-stuff; title*=""
         base_header_len = len(base_header)",14,1,"@@ -521,6 +521,20 @@ def test_rfc2231_wrong_title(self): parsed = parse_header_parameters(raw_line) self.assertEqual(parsed[1][""title""], expected_title) def test_rfc2231_invalid_encoding(self): test_data = [ ""text/plain; charset*=BOGUS''%20"", ""text/plain; filename*=INVALID''%s%s%s"", ""text/plain; title*=NOTACODEC''%E2%80%A6"", ] msg = ""Invalid encoding"" for header in test_data: with self.subTest(raw_line=header), self.assertRaisesRegex(ValueError, msg): parse_header_parameters(header) def test_header_max_length(self): base_header = ""Content-Type: application/x-stuff; title*="" base_header_len = len(base_header)",1,3,1,0,0,615
django/django,e1bdebc84ee7cacd40b820e862fd504054619403,"Fixed #35943 -- Replaced unload event listener with pagehide.

Co-authored-by: Peter van der Does <peter@oneilinteractive.com>
Co-authored-by: Jacob Walls <jacobtylerwalls@gmail.com>",tests/admin_views/test_related_object_lookups.py,"@@ -1,3 +1,5 @@
+from selenium.common.exceptions import TimeoutException
+
 from django.contrib.admin.tests import AdminSeleniumTestCase
 from django.contrib.auth.models import User
 from django.test import override_settings
@@ -179,3 +181,26 @@ def test_related_object_add_js_actions(self):
             m2m_to.get_attribute(""innerHTML""),
             f""""""<option title=""{name}"" value=""{id_value}"">{name}</option>"""""",
         )
+
+    def test_child_popup_not_closed_when_parent_minimized(self):
+        from selenium.webdriver.common.by import By
+
+        album_add_url = reverse(""admin:admin_views_album_add"")
+        self.selenium.get(self.live_server_url + album_add_url)
+
+        # Open a popup window using the ""+"" icon next to the ""owner"" field.
+        self.selenium.find_element(By.ID, ""add_id_owner"").click()
+        self.wait_for_and_switch_to_popup()
+
+        # Minimize the main window.
+        self.selenium.switch_to.window(self.selenium.window_handles[0])
+        self.wait_page_ready()
+        self.selenium.minimize_window()
+
+        # The popup should not be closed by dismissChildPopups().
+        try:
+            self.wait_until(lambda d: len(d.window_handles) == 1, 1)
+        except TimeoutException:
+            pass  # expected
+        else:
+            self.fail(""The popup was unexpectedly closed."")",25,1,"@@ -1,3 +1,5 @@ from selenium.common.exceptions import TimeoutException from django.contrib.admin.tests import AdminSeleniumTestCase from django.contrib.auth.models import User from django.test import override_settings @@ -179,3 +181,26 @@ def test_related_object_add_js_actions(self): m2m_to.get_attribute(""innerHTML""), f, ) def test_child_popup_not_closed_when_parent_minimized(self): from selenium.webdriver.common.by import By album_add_url = reverse(""admin:admin_views_album_add"") self.selenium.get(self.live_server_url + album_add_url) self.selenium.find_element(By.ID, ""add_id_owner"").click() self.wait_for_and_switch_to_popup() self.selenium.switch_to.window(self.selenium.window_handles[0]) self.wait_page_ready() self.selenium.minimize_window() try: self.wait_until(lambda d: len(d.window_handles) == 1, 1) except TimeoutException: pass else: self.fail(""The popup was unexpectedly closed."")",1,2,0,0,2,900
django/django,84db026228413dda4cd195464554d51c0b208e32,"Fixed #15759 -- Excluded fields by per-object permissions for ModelAdmin.list_editable.

Instead of going over all objects in a queryset and filtering
by user permissions, added skipping while saving the formset
so there is no need to refetch objects again.",django/contrib/admin/options.py,"@@ -2022,10 +2022,27 @@ def _get_list_editable_queryset(self, request, prefix):
             return queryset
         return queryset.filter(pk__in=object_pks)
 
+    def _get_formset_with_permissions(self, request, queryset):
+        """"""
+        Construct a changelist formset, and remove list_editable fields
+        for objects the user cannot change.
+        """"""
+        FormSet = self.get_changelist_formset(request)
+        formset = FormSet(queryset=queryset)
+
+        for form in formset.forms:
+            if not self.has_change_permission(request, form.instance):
+                for field_name in self.list_editable:
+                    form.fields.pop(field_name, None)
+
+        return formset
+
     def _save_formset(self, request, formset):
         changecount = 0
         with transaction.atomic(using=router.db_for_write(self.model)):
             for form in formset.forms:
+                if not self.has_change_permission(request, form.instance):
+                    continue
                 if form.has_changed():
                     obj = self.save_form(request, form, change=True)
                     if obj._state.adding:
@@ -2145,8 +2162,7 @@ def changelist_view(self, request, extra_context=None):
 
         # Handle GET -- construct a formset for display.
         elif cl.list_editable and self.has_change_permission(request):
-            FormSet = self.get_changelist_formset(request)
-            cl.formset = FormSet(queryset=cl.result_list)
+            cl.formset = self._get_formset_with_permissions(request, cl.result_list)
 
         # Build the list of media to be used by the formset.
         if cl.formset:",20,1,"@@ -2022,10 +2022,27 @@ def _get_list_editable_queryset(self, request, prefix): return queryset return queryset.filter(pk__in=object_pks) def _get_formset_with_permissions(self, request, queryset): FormSet = self.get_changelist_formset(request) formset = FormSet(queryset=queryset) for form in formset.forms: if not self.has_change_permission(request, form.instance): for field_name in self.list_editable: form.fields.pop(field_name, None) return formset def _save_formset(self, request, formset): changecount = 0 with transaction.atomic(using=router.db_for_write(self.model)): for form in formset.forms: if not self.has_change_permission(request, form.instance): continue if form.has_changed(): obj = self.save_form(request, form, change=True) if obj._state.adding: @@ -2145,8 +2162,7 @@ def changelist_view(self, request, extra_context=None): elif cl.list_editable and self.has_change_permission(request): FormSet = self.get_changelist_formset(request) cl.formset = FormSet(queryset=cl.result_list) cl.formset = self._get_formset_with_permissions(request, cl.result_list) if cl.formset:",1,4,3,6,0,1088
django/django,84db026228413dda4cd195464554d51c0b208e32,"Fixed #15759 -- Excluded fields by per-object permissions for ModelAdmin.list_editable.

Instead of going over all objects in a queryset and filtering
by user permissions, added skipping while saving the formset
so there is no need to refetch objects again.",tests/admin_views/admin.py,"@@ -377,6 +377,17 @@ def has_add_permission(self, request):
         return False
 
 
+class PersonNoChangePermissionsAdmin9(admin.ModelAdmin):
+    list_display = (""name"", ""gender"", ""alive"")
+    list_editable = (""gender"", ""alive"")
+    ordering = (""id"",)
+
+    def has_change_permission(self, request, obj=None):
+        if obj is None:
+            return True
+        return obj.id % 2 == 0
+
+
 class FooAccountAdmin(admin.StackedInline):
     model = FooAccount
     extra = 1
@@ -1491,6 +1502,7 @@ def get_urls(self):
 site9 = admin.AdminSite(name=""admin9"")
 site9.register(Article, ArticleAdmin9)
 site9.register(Actor, ActorAdmin9)
+site9.register(Person, PersonNoChangePermissionsAdmin9)
 
 site10 = admin.AdminSite(name=""admin10"")
 site10.final_catch_all_view = False",12,1,"@@ -377,6 +377,17 @@ def has_add_permission(self, request): return False class PersonNoChangePermissionsAdmin9(admin.ModelAdmin): list_display = (""name"", ""gender"", ""alive"") list_editable = (""gender"", ""alive"") ordering = (""id"",) def has_change_permission(self, request, obj=None): if obj is None: return True return obj.id % 2 == 0 class FooAccountAdmin(admin.StackedInline): model = FooAccount extra = 1 @@ -1491,6 +1502,7 @@ def get_urls(self): site9 = admin.AdminSite(name=""admin9"") site9.register(Article, ArticleAdmin9) site9.register(Actor, ActorAdmin9) site9.register(Person, PersonNoChangePermissionsAdmin9) site10 = admin.AdminSite(name=""admin10"") site10.final_catch_all_view = False",1,3,0,1,0,691
django/django,84db026228413dda4cd195464554d51c0b208e32,"Fixed #15759 -- Excluded fields by per-object permissions for ModelAdmin.list_editable.

Instead of going over all objects in a queryset and filtering
by user permissions, added skipping while saving the formset
so there is no need to refetch objects again.",tests/admin_views/tests.py,"@@ -5045,6 +5045,55 @@ def test_pk_hidden_fields_with_list_display_links(self):
             1,
         )
 
+    def test_list_editable_per_object_permissions(self):
+        """"""
+        List_editable fields are stripped for objects where the user
+        lacks change permissions, and retained for objects where the user has
+        permissions.
+        """"""
+        self.client.logout()
+        self.client.force_login(self.superuser)
+
+        response = self.client.get(reverse(""admin9:admin_views_person_changelist""))
+        # Editable fields present
+        self.assertContains(response, 'name=""form-1-gender""')
+        self.assertContains(response, 'name=""form-1-alive""')
+        # Non-editable fields should NOT have inputs
+        self.assertNotContains(response, 'name=""form-0-gender""')
+        self.assertNotContains(response, 'name=""form-0-alive""')
+        self.assertNotContains(response, 'name=""form-2-gender""')
+        self.assertNotContains(response, 'name=""form-2-alive""')
+
+    def test_list_editable_per_object_permissions_submission(self):
+        """"""
+        Form submission updates only objects where the user has
+        change permissions, ignoring changes to unauthorized objects.
+        """"""
+        self.client.logout()
+        self.client.force_login(self.superuser)
+
+        data = {
+            ""form-TOTAL_FORMS"": ""3"",
+            ""form-INITIAL_FORMS"": ""3"",
+            ""form-MAX_NUM_FORMS"": ""0"",
+            ""form-0-gender"": ""2"",  # Change per1 (not allowed)
+            ""form-0-id"": str(self.per1.pk),
+            ""form-1-gender"": ""2"",  # Change per2 (allowed)
+            ""form-1-id"": str(self.per2.pk),
+            ""form-2-gender"": ""2"",  # Change per3 (not allowed)
+            ""form-2-id"": str(self.per3.pk),
+            ""_save"": ""Save"",
+        }
+        response = self.client.post(
+            reverse(""admin9:admin_views_person_changelist""), data, follow=True
+        )
+        # per2 and per3 were updated, but per1 was not
+        self.assertEqual(Person.objects.get(pk=self.per1.pk).gender, 1)  # Unchanged
+        self.assertEqual(Person.objects.get(pk=self.per2.pk).gender, 2)
+        self.assertEqual(Person.objects.get(pk=self.per3.pk).gender, 1)  # Unchanged
+        # Check for success message
+        self.assertEqual(len(response.context[""messages""]), 1)
+
 
 @override_settings(ROOT_URLCONF=""admin_views.urls"")
 class AdminSearchTest(TestCase):",49,1,"@@ -5045,6 +5045,55 @@ def test_pk_hidden_fields_with_list_display_links(self): 1, ) def test_list_editable_per_object_permissions(self): self.client.logout() self.client.force_login(self.superuser) response = self.client.get(reverse(""admin9:admin_views_person_changelist"")) self.assertContains(response, 'name=""form-1-gender""') self.assertContains(response, 'name=""form-1-alive""') self.assertNotContains(response, 'name=""form-0-gender""') self.assertNotContains(response, 'name=""form-0-alive""') self.assertNotContains(response, 'name=""form-2-gender""') self.assertNotContains(response, 'name=""form-2-alive""') def test_list_editable_per_object_permissions_submission(self): self.client.logout() self.client.force_login(self.superuser) data = { ""form-TOTAL_FORMS"": ""3"", ""form-INITIAL_FORMS"": ""3"", ""form-MAX_NUM_FORMS"": ""0"", ""form-0-gender"": ""2"", ""form-0-id"": str(self.per1.pk), ""form-1-gender"": ""2"", ""form-1-id"": str(self.per2.pk), ""form-2-gender"": ""2"", ""form-2-id"": str(self.per3.pk), ""_save"": ""Save"", } response = self.client.post( reverse(""admin9:admin_views_person_changelist""), data, follow=True ) self.assertEqual(Person.objects.get(pk=self.per1.pk).gender, 1) self.assertEqual(Person.objects.get(pk=self.per2.pk).gender, 2) self.assertEqual(Person.objects.get(pk=self.per3.pk).gender, 1) self.assertEqual(len(response.context[""messages""]), 1) @override_settings(ROOT_URLCONF=""admin_views.urls"") class AdminSearchTest(TestCase):",1,3,0,0,0,1431
django/django,512e348bb271878a1e4f1ab6ae187a22dd16222b,Refs #15759 -- Factored out _save_formset() in ModelAdmin.,django/contrib/admin/options.py,"@@ -2022,6 +2022,30 @@ def _get_list_editable_queryset(self, request, prefix):
             return queryset
         return queryset.filter(pk__in=object_pks)
 
+    def _save_formset(self, request, formset):
+        changecount = 0
+        with transaction.atomic(using=router.db_for_write(self.model)):
+            for form in formset.forms:
+                if form.has_changed():
+                    obj = self.save_form(request, form, change=True)
+                    if obj._state.adding:
+                        raise BadRequest(""list_editable does not allow adding."")
+                    self.save_model(request, obj, form, change=True)
+                    self.save_related(request, form, formsets=[], change=True)
+                    change_msg = self.construct_change_message(request, form, None)
+                    self.log_change(request, obj, change_msg)
+                    changecount += 1
+        if changecount:
+            msg = ngettext(
+                ""%(count)s %(name)s was changed successfully."",
+                ""%(count)s %(name)s were changed successfully."",
+                changecount,
+            ) % {
+                ""count"": changecount,
+                ""name"": model_ngettext(self.opts, changecount),
+            }
+            self.message_user(request, msg, messages.SUCCESS)
+
     @csrf_protect_m
     def changelist_view(self, request, extra_context=None):
         """"""
@@ -2115,30 +2139,7 @@ def changelist_view(self, request, extra_context=None):
             )
             cl.formset = FormSet(request.POST, request.FILES, queryset=modified_objects)
             if cl.formset.is_valid():
-                changecount = 0
-                with transaction.atomic(using=router.db_for_write(self.model)):
-                    for form in cl.formset.forms:
-                        if form.has_changed():
-                            obj = self.save_form(request, form, change=True)
-                            if obj._state.adding:
-                                raise BadRequest(""list_editable does not allow adding."")
-                            self.save_model(request, obj, form, change=True)
-                            self.save_related(request, form, formsets=[], change=True)
-                            change_msg = self.construct_change_message(
-                                request, form, None
-                            )
-                            self.log_change(request, obj, change_msg)
-                            changecount += 1
-                if changecount:
-                    msg = ngettext(
-                        ""%(count)s %(name)s was changed successfully."",
-                        ""%(count)s %(name)s were changed successfully."",
-                        changecount,
-                    ) % {
-                        ""count"": changecount,
-                        ""name"": model_ngettext(self.opts, changecount),
-                    }
-                    self.message_user(request, msg, messages.SUCCESS)
+                self._save_formset(request, cl.formset)
 
                 return HttpResponseRedirect(request.get_full_path())
 ",49,0,"@@ -2022,6 +2022,30 @@ def _get_list_editable_queryset(self, request, prefix): return queryset return queryset.filter(pk__in=object_pks) def _save_formset(self, request, formset): changecount = 0 with transaction.atomic(using=router.db_for_write(self.model)): for form in formset.forms: if form.has_changed(): obj = self.save_form(request, form, change=True) if obj._state.adding: raise BadRequest(""list_editable does not allow adding."") self.save_model(request, obj, form, change=True) self.save_related(request, form, formsets=[], change=True) change_msg = self.construct_change_message(request, form, None) self.log_change(request, obj, change_msg) changecount += 1 if changecount: msg = ngettext( ""%(count)s %(name)s was changed successfully."", ""%(count)s %(name)s were changed successfully."", changecount, ) % { ""count"": changecount, ""name"": model_ngettext(self.opts, changecount), } self.message_user(request, msg, messages.SUCCESS) @csrf_protect_m def changelist_view(self, request, extra_context=None): """""" @@ -2115,30 +2139,7 @@ def changelist_view(self, request, extra_context=None): ) cl.formset = FormSet(request.POST, request.FILES, queryset=modified_objects) if cl.formset.is_valid(): changecount = 0 with transaction.atomic(using=router.db_for_write(self.model)): for form in cl.formset.forms: if form.has_changed(): obj = self.save_form(request, form, change=True) if obj._state.adding: raise BadRequest(""list_editable does not allow adding."") self.save_model(request, obj, form, change=True) self.save_related(request, form, formsets=[], change=True) change_msg = self.construct_change_message( request, form, None ) self.log_change(request, obj, change_msg) changecount += 1 if changecount: msg = ngettext( ""%(count)s %(name)s was changed successfully."", ""%(count)s %(name)s were changed successfully."", changecount, ) % { ""count"": changecount, ""name"": model_ngettext(self.opts, changecount), } self.message_user(request, msg, messages.SUCCESS) self._save_formset(request, cl.formset) return HttpResponseRedirect(request.get_full_path())",1,4,2,7,0,2055
django/django,a77be30a4346d111beaf366dcee4934734458a48,Refs #36005 -- Made OperationCategory subclass StrEnum.,django/db/migrations/operations/base.py,"@@ -1,10 +1,10 @@
-import enum
+from enum import StrEnum
 
 from django.db import router
 from django.utils.inspect import get_func_args
 
 
-class OperationCategory(str, enum.Enum):
+class OperationCategory(StrEnum):
     ADDITION = ""+""
     REMOVAL = ""-""
     ALTERATION = ""~""
@@ -113,8 +113,8 @@ def formatted_description(self):
         """"""Output a description prefixed by a category symbol.""""""
         description = self.describe()
         if self.category is None:
-            return f""{OperationCategory.MIXED.value} {description}""
-        return f""{self.category.value} {description}""
+            return f""{OperationCategory.MIXED} {description}""
+        return f""{self.category} {description}""
 
     @property
     def migration_name_fragment(self):",8,0,"@@ -1,10 +1,10 @@ import enum from enum import StrEnum from django.db import router from django.utils.inspect import get_func_args class OperationCategory(str, enum.Enum): class OperationCategory(StrEnum): ADDITION = ""+"" REMOVAL = ""-"" ALTERATION = ""~"" @@ -113,8 +113,8 @@ def formatted_description(self): description = self.describe() if self.category is None: return f""{OperationCategory.MIXED.value} {description}"" return f""{self.category.value} {description}"" return f""{OperationCategory.MIXED} {description}"" return f""{self.category} {description}"" @property def migration_name_fragment(self):",1,2,0,1,0,597
django/django,5cf9c7fde7cf18c1ab4d529d187f45fb0225bb58,"Refs #28586 -- Added DEFAULT_FETCH_MODE module constant.

This is a more attractive target for alteration than all of QuerySet.__init__().",django/db/models/query.py,"@@ -46,6 +46,8 @@
 # The maximum number of items to display in a QuerySet.__repr__
 REPR_OUTPUT_SIZE = 20
 
+DEFAULT_FETCH_MODE = FETCH_ONE
+
 
 class BaseIterable:
     def __init__(
@@ -335,7 +337,7 @@ def __init__(self, model=None, query=None, using=None, hints=None):
         self._prefetch_done = False
         self._known_related_objects = {}  # {rel_field: {pk: rel_obj}}
         self._iterable_class = ModelIterable
-        self._fetch_mode = FETCH_ONE
+        self._fetch_mode = DEFAULT_FETCH_MODE
         self._fields = None
         self._defer_next_filter = False
         self._deferred_filter = None
@@ -2356,7 +2358,7 @@ def __init__(
         translations=None,
         using=None,
         hints=None,
-        fetch_mode=FETCH_ONE,
+        fetch_mode=DEFAULT_FETCH_MODE,
     ):
         self.raw_query = raw_query
         self.model = model",6,0,"@@ -46,6 +46,8 @@ REPR_OUTPUT_SIZE = 20 DEFAULT_FETCH_MODE = FETCH_ONE class BaseIterable: def __init__( @@ -335,7 +337,7 @@ def __init__(self, model=None, query=None, using=None, hints=None): self._prefetch_done = False self._known_related_objects = {} self._iterable_class = ModelIterable self._fetch_mode = FETCH_ONE self._fetch_mode = DEFAULT_FETCH_MODE self._fields = None self._defer_next_filter = False self._deferred_filter = None @@ -2356,7 +2358,7 @@ def __init__( translations=None, using=None, hints=None, fetch_mode=FETCH_ONE, fetch_mode=DEFAULT_FETCH_MODE, ): self.raw_query = raw_query self.model = model",1,3,0,0,0,619
django/django,673fa46d8063577c92cfab3a73a28e9406372e33,Fixed #37046 -- Allowed Ready for checkin Trac status in PR checks.,scripts/pr_quality/check_pr.py,"@@ -57,6 +57,8 @@
 PR_TEMPLATE_DATE = date(2024, 3, 4)  # 3fcef50 -- PR template introduced
 AI_DISCLOSURE_DATE = date(2026, 1, 8)  # 4f580c4 -- AI disclosure added
 
+ALLOWED_STAGES = (""Accepted"", ""Ready for checkin"")
+
 logger = logging.getLogger(__name__)
 
 
@@ -215,7 +217,8 @@ def check_trac_ticket(pr_body, total_changes, threshold=LARGE_PR_THRESHOLD):
 
 
 def check_trac_status(ticket_id, ticket_data):
-    """"""The referenced Trac ticket must be Accepted, unresolved, and assigned.
+    """"""The referenced Trac ticket must be Accepted or Ready for checkin,
+    unresolved, and assigned.
 
     ticket_data is the dict returned by fetch_trac_ticket(). Passing None
     skips the check (non-fatal fetch error). Passing TICKET_NOT_FOUND fails
@@ -232,10 +235,10 @@ def check_trac_status(ticket_id, ticket_data):
     stage = ticket_data.get(""custom"", {}).get(""stage"", """").strip()
     resolution = (ticket_data.get(""resolution"") or """").strip()
     status = ticket_data.get(""status"", """").strip()
-    if stage == ""Accepted"" and not resolution and status == ""assigned"":
+    if stage in ALLOWED_STAGES and not resolution and status == ""assigned"":
         return None
     current_state = [
-        f""{stage=}"" if stage != ""Accepted"" else """",
+        f""{stage=}"" if stage not in ALLOWED_STAGES else """",
         f""{resolution=}"" if resolution else """",
         f""{status=}"" if status != ""assigned"" else """",
     ]
@@ -480,7 +483,7 @@ def main(
 
     results = [
         (""Trac ticket referenced"", ticket_result, LEVEL_ERROR),
-        (""Trac ticket status is Accepted"", ticket_status_result, LEVEL_ERROR),
+        (""Trac ticket is ready for work"", ticket_status_result, LEVEL_ERROR),
         (""Trac ticket has_patch flag set"", ticket_has_patch_result, LEVEL_WARNING),
         (""PR title includes ticket number"", pr_title_result, LEVEL_WARNING),
         (""Branch description provided"", check_branch_description(pr_body), LEVEL_ERROR),",11,1,"@@ -57,6 +57,8 @@ PR_TEMPLATE_DATE = date(2024, 3, 4) AI_DISCLOSURE_DATE = date(2026, 1, 8) ALLOWED_STAGES = (""Accepted"", ""Ready for checkin"") logger = logging.getLogger(__name__) @@ -215,7 +217,8 @@ def check_trac_ticket(pr_body, total_changes, threshold=LARGE_PR_THRESHOLD): def check_trac_status(ticket_id, ticket_data): The referenced Trac ticket must be Accepted or Ready for checkin, unresolved, and assigned. ticket_data is the dict returned by fetch_trac_ticket(). Passing None skips the check (non-fatal fetch error). Passing TICKET_NOT_FOUND fails @@ -232,10 +235,10 @@ def check_trac_status(ticket_id, ticket_data): stage = ticket_data.get(""custom"", {}).get(""stage"", """").strip() resolution = (ticket_data.get(""resolution"") or """").strip() status = ticket_data.get(""status"", """").strip() if stage == ""Accepted"" and not resolution and status == ""assigned"": if stage in ALLOWED_STAGES and not resolution and status == ""assigned"": return None current_state = [ f""{stage=}"" if stage != ""Accepted"" else """", f""{stage=}"" if stage not in ALLOWED_STAGES else """", f""{resolution=}"" if resolution else """", f""{status=}"" if status != ""assigned"" else """", ] @@ -480,7 +483,7 @@ def main( results = [ (""Trac ticket referenced"", ticket_result, LEVEL_ERROR), (""Trac ticket status is Accepted"", ticket_status_result, LEVEL_ERROR), (""Trac ticket is ready for work"", ticket_status_result, LEVEL_ERROR), (""Trac ticket has_patch flag set"", ticket_has_patch_result, LEVEL_WARNING), (""PR title includes ticket number"", pr_title_result, LEVEL_WARNING), (""Branch description provided"", check_branch_description(pr_body), LEVEL_ERROR),",1,4,3,6,0,1614
django/django,673fa46d8063577c92cfab3a73a28e9406372e33,Fixed #37046 -- Allowed Ready for checkin Trac status in PR checks.,scripts/pr_quality/errors.py,"@@ -56,18 +56,17 @@ def as_details(self, level=LEVEL_ERROR):
 INVALID_TRAC_STATUS = (
     ""Trac Ticket Not Ready for a Pull Request"",
     ""The referenced ticket **ticket-{ticket_id}** is not ready for a pull request. ""
-    ""A ticket must be in the *Accepted* stage, *assigned* status, and have no ""
-    ""resolution.\n\n""
+    ""A ticket must be in the *Accepted* or *Ready for checkin* stage, ""
+    ""*assigned* status, and have no resolution.\n\n""
     ""**Current state:** {current_state}\n\n""
     ""**What to do:**\n\n""
     f""1. Check the ticket at {TRAC_URL}/ticket/{{ticket_id}}.\n""
     ""2. If *Unreviewed*, wait for a community member to accept it. ""
     ""A ticket cannot be accepted by its reporter.\n""
-    ""3. If *Ready for Checkin*, there is already a solution for it.\n""
-    ""4. If *Someday/Maybe*, discuss on the ""
+    ""3. If *Someday/Maybe*, discuss on the ""
     f""[Django Forum]({FORUM_URL}/c/internals/5) before proceeding.\n""
-    ""5. If resolved or closed, it is not eligible for a PR.\n""
-    ""6. If not *assigned*, claim it by setting yourself as the owner.\n\n""
+    ""4. If resolved or closed, it is not eligible for a PR.\n""
+    ""5. If not *assigned*, claim it by setting yourself as the owner.\n\n""
     f""For more information on the Django triage process see {TRIAGING_URL}."",
 )
 ",11,1,"@@ -56,18 +56,17 @@ def as_details(self, level=LEVEL_ERROR): INVALID_TRAC_STATUS = ( ""Trac Ticket Not Ready for a Pull Request"", ""The referenced ticket **ticket-{ticket_id}** is not ready for a pull request. "" ""A ticket must be in the *Accepted* stage, *assigned* status, and have no "" ""resolution.\n\n"" ""A ticket must be in the *Accepted* or *Ready for checkin* stage, "" ""*assigned* status, and have no resolution.\n\n"" ""**Current state:** {current_state}\n\n"" ""**What to do:**\n\n"" f""1. Check the ticket at {TRAC_URL}/ticket/{{ticket_id}}.\n"" ""2. If *Unreviewed*, wait for a community member to accept it. "" ""A ticket cannot be accepted by its reporter.\n"" ""3. If *Ready for Checkin*, there is already a solution for it.\n"" ""4. If *Someday/Maybe*, discuss on the "" ""3. If *Someday/Maybe*, discuss on the "" f""[Django Forum]({FORUM_URL}/c/internals/5) before proceeding.\n"" ""5. If resolved or closed, it is not eligible for a PR.\n"" ""6. If not *assigned*, claim it by setting yourself as the owner.\n\n"" ""4. If resolved or closed, it is not eligible for a PR.\n"" ""5. If not *assigned*, claim it by setting yourself as the owner.\n\n"" f""For more information on the Django triage process see {TRIAGING_URL}."", )",1,1,8,0,0,1209
django/django,673fa46d8063577c92cfab3a73a28e9406372e33,Fixed #37046 -- Allowed Ready for checkin Trac status in PR checks.,scripts/pr_quality/tests/test_check_pr.py,"@@ -318,27 +318,34 @@ def test_accepted_assigned_unresolved_passes(self):
         data = make_trac_json(stage=""Accepted"", status=""assigned"", resolution=None)
         self.assertIsNone(check_pr.check_trac_status(""36991"", data))
 
+    def test_ready_for_checkin_assigned_unresolved_passes(self):
+        data = make_trac_json(
+            stage=""Ready for checkin"", status=""assigned"", resolution=None
+        )
+        self.assertIsNone(check_pr.check_trac_status(""36991"", data))
+
     def test_non_accepted_stage_fails(self):
-        for stage in [""Unreviewed"", ""Ready for Checkin"", ""Someday/Maybe""]:
+        for stage in [""Unreviewed"", ""Someday/Maybe""]:
             with self.subTest(stage=stage):
                 data = make_trac_json(stage=stage)
                 self.assertIsNotNone(check_pr.check_trac_status(""36991"", data))
 
     def test_resolved_ticket_fails(self):
-        for resolution in [
-            ""fixed"",
-            ""wontfix"",
-            ""duplicate"",
-            ""invalid"",
-            ""worksforme"",
-            ""needsinfo"",
-            ""needsnewfeatureprocess"",
-        ]:
-            with self.subTest(resolution=resolution):
-                data = make_trac_json(
-                    stage=""Accepted"", status=""assigned"", resolution=resolution
-                )
-                self.assertIsNotNone(check_pr.check_trac_status(""36991"", data))
+        for stage in (""Accepted"", ""Ready for checkin""):
+            for resolution in [
+                ""fixed"",
+                ""wontfix"",
+                ""duplicate"",
+                ""invalid"",
+                ""worksforme"",
+                ""needsinfo"",
+                ""needsnewfeatureprocess"",
+            ]:
+                with self.subTest(stage=stage, resolution=resolution):
+                    data = make_trac_json(
+                        stage=stage, status=""assigned"", resolution=resolution
+                    )
+                    self.assertIsNotNone(check_pr.check_trac_status(""36991"", data))
 
     def test_unassigned_ticket_fails(self):
         for status in [""new"", ""closed"", """"]:
@@ -743,7 +750,7 @@ def test_no_ticket_results_include_skipped_sentinels(self):
         _, mock_summary, _ = self.call_main(pr_body=body)
         _, results, _ = mock_summary.call_args.args
         result_map = {name: result for name, result, _ in results}
-        self.assertIs(result_map[""Trac ticket status is Accepted""], check_pr.SKIPPED)
+        self.assertIs(result_map[""Trac ticket is ready for work""], check_pr.SKIPPED)
         self.assertIs(result_map[""Trac ticket has_patch flag set""], check_pr.SKIPPED)
         self.assertIs(result_map[""PR title includes ticket number""], check_pr.SKIPPED)
 
@@ -754,7 +761,7 @@ def test_non_accepted_ticket_skips_has_patch(self):
         )
         _, results, _ = mock_summary.call_args.args
         result_map = {name: result for name, result, _ in results}
-        self.assertIsNotNone(result_map[""Trac ticket status is Accepted""])
+        self.assertIsNotNone(result_map[""Trac ticket is ready for work""])
         self.assertIs(result_map[""Trac ticket has_patch flag set""], check_pr.SKIPPED)
 
     def test_established_author_skips_all_checks(self):",41,1,"@@ -318,27 +318,34 @@ def test_accepted_assigned_unresolved_passes(self): data = make_trac_json(stage=""Accepted"", status=""assigned"", resolution=None) self.assertIsNone(check_pr.check_trac_status(""36991"", data)) def test_ready_for_checkin_assigned_unresolved_passes(self): data = make_trac_json( stage=""Ready for checkin"", status=""assigned"", resolution=None ) self.assertIsNone(check_pr.check_trac_status(""36991"", data)) def test_non_accepted_stage_fails(self): for stage in [""Unreviewed"", ""Ready for Checkin"", ""Someday/Maybe""]: for stage in [""Unreviewed"", ""Someday/Maybe""]: with self.subTest(stage=stage): data = make_trac_json(stage=stage) self.assertIsNotNone(check_pr.check_trac_status(""36991"", data)) def test_resolved_ticket_fails(self): for resolution in [ ""fixed"", ""wontfix"", ""duplicate"", ""invalid"", ""worksforme"", ""needsinfo"", ""needsnewfeatureprocess"", ]: with self.subTest(resolution=resolution): data = make_trac_json( stage=""Accepted"", status=""assigned"", resolution=resolution ) self.assertIsNotNone(check_pr.check_trac_status(""36991"", data)) for stage in (""Accepted"", ""Ready for checkin""): for resolution in [ ""fixed"", ""wontfix"", ""duplicate"", ""invalid"", ""worksforme"", ""needsinfo"", ""needsnewfeatureprocess"", ]: with self.subTest(stage=stage, resolution=resolution): data = make_trac_json( stage=stage, status=""assigned"", resolution=resolution ) self.assertIsNotNone(check_pr.check_trac_status(""36991"", data)) def test_unassigned_ticket_fails(self): for status in [""new"", ""closed"", """"]: @@ -743,7 +750,7 @@ def test_no_ticket_results_include_skipped_sentinels(self): _, mock_summary, _ = self.call_main(pr_body=body) _, results, _ = mock_summary.call_args.args result_map = {name: result for name, result, _ in results} self.assertIs(result_map[""Trac ticket status is Accepted""], check_pr.SKIPPED) self.assertIs(result_map[""Trac ticket is ready for work""], check_pr.SKIPPED) self.assertIs(result_map[""Trac ticket has_patch flag set""], check_pr.SKIPPED) self.assertIs(result_map[""PR title includes ticket number""], check_pr.SKIPPED) @@ -754,7 +761,7 @@ def test_non_accepted_ticket_skips_has_patch(self): ) _, results, _ = mock_summary.call_args.args result_map = {name: result for name, result, _ in results} self.assertIsNotNone(result_map[""Trac ticket status is Accepted""]) self.assertIsNotNone(result_map[""Trac ticket is ready for work""]) self.assertIs(result_map[""Trac ticket has_patch flag set""], check_pr.SKIPPED) def test_established_author_skips_all_checks(self):",1,8,13,0,0,2480
django/django,3af5cb17b83eaaea6d4def494269694c009d89c5,"Added support for nested fields to XML deserializer.

Needed by Django MongoDB Backend's EmbeddedModelField.",django/core/serializers/xml_serializer.py,"@@ -292,7 +292,7 @@ def _handle_object(self, node):
 
         field_names = {f.name for f in Model._meta.get_fields()}
         # Deserialize each field.
-        for field_node in node.getElementsByTagName(""field""):
+        for field_node in getChildrenByTagName(node, ""field""):
             # If the field is missing the name attribute, bail (are you
             # sensing a pattern here?)
             field_name = field_node.getAttribute(""name"")
@@ -319,12 +319,12 @@ def _handle_object(self, node):
                         [
                             (
                                 None
-                                if nat_node.getElementsByTagName(""None"")
+                                if getChildrenByTagName(nat_node, ""None"")
                                 else getInnerText(nat_node).strip()
                             )
-                            for nat_node in obj_node.getElementsByTagName(""natural"")
+                            for nat_node in getChildrenByTagName(obj_node, ""natural"")
                         ]
-                        for obj_node in field_node.getElementsByTagName(""object"")
+                        for obj_node in getChildrenByTagName(field_node, ""object"")
                     ]
                 else:
                     m2m_data[field.name] = value
@@ -336,15 +336,15 @@ def _handle_object(self, node):
                     deferred_fields[field] = [
                         (
                             None
-                            if k.getElementsByTagName(""None"")
+                            if getChildrenByTagName(k, ""None"")
                             else getInnerText(k).strip()
                         )
-                        for k in field_node.getElementsByTagName(""natural"")
+                        for k in getChildrenByTagName(field_node, ""natural"")
                     ]
                 else:
                     data[field.attname] = value
             else:
-                if field_node.getElementsByTagName(""None""):
+                if getChildrenByTagName(field_node, ""None""):
                     value = None
                 else:
                     value = field.to_python(getInnerText(field_node).strip())
@@ -363,8 +363,8 @@ def _handle_fk_field_node(self, node, field):
         Handle a <field> node for a ForeignKey
         """"""
         # Check if there is a child node named 'None', returning None if so.
-        natural_keys = node.getElementsByTagName(""natural"")
-        if node.getElementsByTagName(""None"") and not natural_keys:
+        natural_keys = getChildrenByTagName(node, ""natural"")
+        if getChildrenByTagName(node, ""None"") and not natural_keys:
             return None
         else:
             model = field.remote_field.model
@@ -374,7 +374,7 @@ def _handle_fk_field_node(self, node, field):
                     # key
                     field_value = []
                     for k in natural_keys:
-                        if k.getElementsByTagName(""None""):
+                        if getChildrenByTagName(k, ""None""):
                             field_value.append(None)
                         else:
                             field_value.append(getInnerText(k).strip())
@@ -414,13 +414,13 @@ def _handle_m2m_field_node(self, node, field):
         if hasattr(default_manager, ""get_by_natural_key""):
 
             def m2m_convert(n):
-                keys = n.getElementsByTagName(""natural"")
+                keys = getChildrenByTagName(n, ""natural"")
                 if keys:
                     # If there are 'natural' subelements, it must be a natural
                     # key
                     field_value = []
                     for k in keys:
-                        if k.getElementsByTagName(""None""):
+                        if getChildrenByTagName(k, ""None""):
                             field_value.append(None)
                         else:
                             field_value.append(getInnerText(k).strip())
@@ -441,7 +441,7 @@ def m2m_convert(n):
 
         values = []
         try:
-            for c in node.getElementsByTagName(""object""):
+            for c in getChildrenByTagName(node, ""object""):
                 values.append(m2m_convert(c))
         except SuspiciousOperation:
             raise
@@ -479,6 +479,25 @@ def check_element_type(element):
     return element.nodeType in (element.TEXT_NODE, element.CDATA_SECTION_NODE)
 
 
+def getChildrenByTagName(node, tag_name):
+    """"""
+    Like Element.getElementsByTagName() but return only direct children.
+
+    Element.getElementsByTagName() searches all descendants (direct children,
+    children's children, etc.). This prevents correct deserialization of
+    third-party nested fields. For example:
+
+      <field name=""author"" type=""EmbeddedModelField"">
+        <object model=""app.Model"">
+          <field name=""id"" type=""...""><None></None></field>
+    """"""
+    return [
+        n
+        for n in node.childNodes
+        if n.nodeType == node.ELEMENT_NODE and n.tagName == tag_name
+    ]
+
+
 def getInnerText(node):
     return """".join(
         [child.data for child in node.childNodes if check_element_type(child)]",45,0,"@@ -292,7 +292,7 @@ def _handle_object(self, node): field_names = {f.name for f in Model._meta.get_fields()} for field_node in node.getElementsByTagName(""field""): for field_node in getChildrenByTagName(node, ""field""): field_name = field_node.getAttribute(""name"") @@ -319,12 +319,12 @@ def _handle_object(self, node): [ ( None if nat_node.getElementsByTagName(""None"") if getChildrenByTagName(nat_node, ""None"") else getInnerText(nat_node).strip() ) for nat_node in obj_node.getElementsByTagName(""natural"") for nat_node in getChildrenByTagName(obj_node, ""natural"") ] for obj_node in field_node.getElementsByTagName(""object"") for obj_node in getChildrenByTagName(field_node, ""object"") ] else: m2m_data[field.name] = value @@ -336,15 +336,15 @@ def _handle_object(self, node): deferred_fields[field] = [ ( None if k.getElementsByTagName(""None"") if getChildrenByTagName(k, ""None"") else getInnerText(k).strip() ) for k in field_node.getElementsByTagName(""natural"") for k in getChildrenByTagName(field_node, ""natural"") ] else: data[field.attname] = value else: if field_node.getElementsByTagName(""None""): if getChildrenByTagName(field_node, ""None""): value = None else: value = field.to_python(getInnerText(field_node).strip()) @@ -363,8 +363,8 @@ def _handle_fk_field_node(self, node, field): Handle a <field> node for a ForeignKey Like Element.getElementsByTagName() but return only direct children. Element.getElementsByTagName() searches all descendants (direct children, children's children, etc.). This prevents correct deserialization of third-party nested fields. For example: <field name=""author"" type=""EmbeddedModelField""> <object model=""app.Model""> <field name=""id"" type=""...""><None></None></field> """""" return [ n for n in node.childNodes if n.nodeType == node.ELEMENT_NODE and n.tagName == tag_name ] def getInnerText(node): return """".join( [child.data for child in node.childNodes if check_element_type(child)]",1,5,12,8,0,1914
django/django,a284a49153f005f2a7af087025e5112ba06cbd5f,"Fixed #37047 -- Fixed crash in Query.orderby_issubset_groupby for descending and random order_by strings.

Run this example:

```python
User.objects.values(""is_staff"").annotate(latest=Max(""date_joined"")).order_by(""-latest"").count()
```

You should see the following exception:

```
django.core.exceptions.FieldError: Cannot resolve keyword '-latest' into field.
```

Regression in 2ce5cb0f7a4618dfdc5f5c10e53e2e9b9543d298.",django/db/models/sql/query.py,"@@ -2376,14 +2376,15 @@ def orderby_issubset_groupby(self):
             return True
         # Don't pollute the original query (might disrupt joins).
         q = self.clone()
-        order_by_set = {
-            (
-                order_by.resolve_expression(q)
-                if hasattr(order_by, ""resolve_expression"")
-                else F(order_by).resolve_expression(q)
-            )
-            for order_by in q.order_by
-        }
+        order_by_set = set()
+        for order_by in q.order_by:
+            if hasattr(order_by, ""resolve_expression""):
+                order_by_set.add(order_by.resolve_expression(q))
+            elif order_by == ""?"":
+                # Random ordering can't be compared against group by.
+                return False
+            else:
+                order_by_set.add(F(order_by.removeprefix(""-"")).resolve_expression(q))
         return order_by_set.issubset(self.group_by)
 
     def clear_ordering(self, force=False, clear_default=True):",17,1,"@@ -2376,14 +2376,15 @@ def orderby_issubset_groupby(self): return True q = self.clone() order_by_set = { ( order_by.resolve_expression(q) if hasattr(order_by, ""resolve_expression"") else F(order_by).resolve_expression(q) ) for order_by in q.order_by } order_by_set = set() for order_by in q.order_by: if hasattr(order_by, ""resolve_expression""): order_by_set.add(order_by.resolve_expression(q)) elif order_by == ""?"": return False else: order_by_set.add(F(order_by.removeprefix(""-"")).resolve_expression(q)) return order_by_set.issubset(self.group_by) def clear_ordering(self, force=False, clear_default=True):",1,2,2,3,0,607
django/django,a284a49153f005f2a7af087025e5112ba06cbd5f,"Fixed #37047 -- Fixed crash in Query.orderby_issubset_groupby for descending and random order_by strings.

Run this example:

```python
User.objects.values(""is_staff"").annotate(latest=Max(""date_joined"")).order_by(""-latest"").count()
```

You should see the following exception:

```
django.core.exceptions.FieldError: Cannot resolve keyword '-latest' into field.
```

Regression in 2ce5cb0f7a4618dfdc5f5c10e53e2e9b9543d298.",tests/aggregation_regress/tests.py,"@@ -188,6 +188,14 @@ def test_count_preserve_group_by(self):
         )
         self.assertEqual(qs.order_by(""id"").count(), len(qs.order_by(""id"")))
         self.assertEqual(qs.extra(order_by=[""id""]).count(), len(qs.order_by(""id"")))
+        self.assertEqual(qs.order_by(""-id"").count(), len(qs.order_by(""-id"")))
+        self.assertEqual(
+            qs.order_by(""-publications"").count(), len(qs.order_by(""-publications""))
+        )
+        self.assertEqual(
+            qs.order_by(""-contact__name"").count(), len(qs.order_by(""-contact__name""))
+        )
+        self.assertEqual(qs.order_by(""?"").count(), len(qs.order_by(""?"")))
 
     def test_annotation_with_value(self):
         values = (",8,1,"@@ -188,6 +188,14 @@ def test_count_preserve_group_by(self): ) self.assertEqual(qs.order_by(""id"").count(), len(qs.order_by(""id""))) self.assertEqual(qs.extra(order_by=[""id""]).count(), len(qs.order_by(""id""))) self.assertEqual(qs.order_by(""-id"").count(), len(qs.order_by(""-id""))) self.assertEqual( qs.order_by(""-publications"").count(), len(qs.order_by(""-publications"")) ) self.assertEqual( qs.order_by(""-contact__name"").count(), len(qs.order_by(""-contact__name"")) ) self.assertEqual(qs.order_by(""?"").count(), len(qs.order_by(""?""))) def test_annotation_with_value(self): values = (",1,2,0,0,0,577
django/django,d33364c7ba330a349e38449c98494323a4ed7c8d,"Removed OrderedDict representer from PyYAML serializer.

Added in 5bc3123479bd97dc9d8a36fa9a3421a71063d1da (refs #24558),
it was obsoleted when OrderedDict usage was removed in
24b82cd201e21060fbc02117dc16d1702877a1f3 (refs #30159).",django/core/serializers/pyyaml.py,"@@ -4,7 +4,6 @@
 Requires PyYaml (https://pyyaml.org/), but that's checked for in __init__.
 """"""
 
-import collections
 import datetime
 import decimal
 
@@ -28,9 +27,6 @@ class DjangoSafeDumper(SafeDumper):
     def represent_decimal(self, data):
         return self.represent_scalar(""tag:yaml.org,2002:str"", str(data))
 
-    def represent_ordered_dict(self, data):
-        return self.represent_mapping(""tag:yaml.org,2002:map"", data.items())
-
     def represent_time(self, data):
         # Base YAML doesn't support serialization of time types (as opposed to
         # dates or datetimes, which it does support). Converting them to
@@ -40,9 +36,6 @@ def represent_time(self, data):
 
 
 DjangoSafeDumper.add_representer(decimal.Decimal, DjangoSafeDumper.represent_decimal)
-DjangoSafeDumper.add_representer(
-    collections.OrderedDict, DjangoSafeDumper.represent_ordered_dict
-)
 DjangoSafeDumper.add_representer(datetime.time, DjangoSafeDumper.represent_time)
 
 ",7,0,"@@ -4,7 +4,6 @@ Requires PyYaml (https://pyyaml.org/), but that's checked for in __init__. """""" import collections import datetime import decimal @@ -28,9 +27,6 @@ class DjangoSafeDumper(SafeDumper): def represent_decimal(self, data): return self.represent_scalar(""tag:yaml.org,2002:str"", str(data)) def represent_ordered_dict(self, data): return self.represent_mapping(""tag:yaml.org,2002:map"", data.items()) def represent_time(self, data): @@ -40,9 +36,6 @@ def represent_time(self, data): DjangoSafeDumper.add_representer(decimal.Decimal, DjangoSafeDumper.represent_decimal) DjangoSafeDumper.add_representer( collections.OrderedDict, DjangoSafeDumper.represent_ordered_dict ) DjangoSafeDumper.add_representer(datetime.time, DjangoSafeDumper.represent_time)",1,4,1,0,0,757
django/django,179aa21b6dfeb9a0560a8c2bbfcf056301fc619f,Fixed #37024 -- Made SITE_ID system check validation use Site._meta.pk.,django/contrib/sites/checks.py,"@@ -1,14 +1,30 @@
-from types import NoneType
-
 from django.conf import settings
 from django.core.checks import Error
+from django.core.exceptions import ValidationError
 
 
 def check_site_id(app_configs, **kwargs):
-    if hasattr(settings, ""SITE_ID"") and not isinstance(
-        settings.SITE_ID, (NoneType, int)
-    ):
-        return [
-            Error(""The SITE_ID setting must be an integer"", id=""sites.E101""),
-        ]
+    # Inner import avoids AppRegistryNotReady
+    from django.contrib.sites.models import Site
+
+    if hasattr(settings, ""SITE_ID""):
+        try:
+            site_id = Site._meta.pk.to_python(settings.SITE_ID)
+        except ValidationError as exc:
+            return [
+                Error(
+                    f""The SITE_ID setting failed to validate: {exc}."", id=""sites.E101""
+                ),
+            ]
+        else:
+            # to_python() might coerce a SITE_ID of the wrong type to the valid
+            # type, e.g. ""1"" to 1 for AutoField.
+            if site_id != settings.SITE_ID:
+                expected_type = type(site_id).__name__
+                return [
+                    Error(
+                        f""The SITE_ID setting must be of type {expected_type}."",
+                        id=""sites.E101"",
+                    ),
+                ]
     return []",32,1,"@@ -1,14 +1,30 @@ from types import NoneType from django.conf import settings from django.core.checks import Error from django.core.exceptions import ValidationError def check_site_id(app_configs, **kwargs): if hasattr(settings, ""SITE_ID"") and not isinstance( settings.SITE_ID, (NoneType, int) ): return [ Error(""The SITE_ID setting must be an integer"", id=""sites.E101""), ] from django.contrib.sites.models import Site if hasattr(settings, ""SITE_ID""): try: site_id = Site._meta.pk.to_python(settings.SITE_ID) except ValidationError as exc: return [ Error( f""The SITE_ID setting failed to validate: {exc}."", id=""sites.E101"" ), ] else: if site_id != settings.SITE_ID: expected_type = type(site_id).__name__ return [ Error( f""The SITE_ID setting must be of type {expected_type}."", id=""sites.E101"", ), ] return []",1,1,0,3,2,809
django/django,179aa21b6dfeb9a0560a8c2bbfcf056301fc619f,Fixed #37024 -- Made SITE_ID system check validation use Site._meta.pk.,tests/sites_tests/tests.py,"@@ -204,12 +204,25 @@ def test_site_natural_key(self):
         self.assertEqual(self.site.natural_key(), (self.site.domain,))
 
     @override_settings(SITE_ID=""1"")
-    def test_check_site_id(self):
+    def test_check_site_id_incorrect_type(self):
         self.assertEqual(
             check_site_id(None),
             [
                 checks.Error(
-                    msg=""The SITE_ID setting must be an integer"",
+                    msg=""The SITE_ID setting must be of type int."",
+                    id=""sites.E101"",
+                ),
+            ],
+        )
+
+    @override_settings(SITE_ID=""x"")
+    def test_check_site_id_failed_to_validate(self):
+        self.assertEqual(
+            check_site_id(None),
+            [
+                checks.Error(
+                    msg=""The SITE_ID setting failed to validate: ['“x” value ""
+                    ""must be an integer.']."",
                     id=""sites.E101"",
                 ),
             ],",17,1,"@@ -204,12 +204,25 @@ def test_site_natural_key(self): self.assertEqual(self.site.natural_key(), (self.site.domain,)) @override_settings(SITE_ID=""1"") def test_check_site_id(self): def test_check_site_id_incorrect_type(self): self.assertEqual( check_site_id(None), [ checks.Error( msg=""The SITE_ID setting must be an integer"", msg=""The SITE_ID setting must be of type int."", id=""sites.E101"", ), ], ) @override_settings(SITE_ID=""x"") def test_check_site_id_failed_to_validate(self): self.assertEqual( check_site_id(None), [ checks.Error( msg=""The SITE_ID setting failed to validate: ['“x” value "" ""must be an integer.']."", id=""sites.E101"", ), ],",1,4,0,0,0,642
django/django,aad47fe1bfc789f4b0ad0dc6373c945663e91f93,Refs #36986 -- Replaced yaml's Serializer._value_from_field() time handling with a representer.,django/core/serializers/pyyaml.py,"@@ -23,37 +23,34 @@
 
 
 class DjangoSafeDumper(SafeDumper):
+    # The ""safe"" serializer is used for better interoperability.
+
     def represent_decimal(self, data):
         return self.represent_scalar(""tag:yaml.org,2002:str"", str(data))
 
     def represent_ordered_dict(self, data):
         return self.represent_mapping(""tag:yaml.org,2002:map"", data.items())
 
+    def represent_time(self, data):
+        # Base YAML doesn't support serialization of time types (as opposed to
+        # dates or datetimes, which it does support). Converting them to
+        # strings isn't perfect, but it's better than a ""!!python/time"" type
+        # which would prevent deserialization under any other language.
+        return self.represent_scalar(""tag:yaml.org,2002:str"", str(data))
+
 
 DjangoSafeDumper.add_representer(decimal.Decimal, DjangoSafeDumper.represent_decimal)
 DjangoSafeDumper.add_representer(
     collections.OrderedDict, DjangoSafeDumper.represent_ordered_dict
 )
+DjangoSafeDumper.add_representer(datetime.time, DjangoSafeDumper.represent_time)
 
 
 class Serializer(PythonSerializer):
     """"""Convert a queryset to YAML.""""""
 
     internal_use_only = False
 
-    def _value_from_field(self, obj, field):
-        # A nasty special case: base YAML doesn't support serialization of time
-        # types (as opposed to dates or datetimes, which it does support).
-        # Since we want to use the ""safe"" serializer for better
-        # interoperability, we need to do something with those pesky times.
-        # Converting 'em to strings isn't perfect, but it's better than a
-        # ""!!python/time"" type which would halt deserialization under any other
-        # language.
-        value = super()._value_from_field(obj, field)
-        if isinstance(value, datetime.time):
-            value = str(value)
-        return value
-
     def end_serialization(self):
         self.options.setdefault(""allow_unicode"", True)
         yaml.dump(",23,0,"@@ -23,37 +23,34 @@ class DjangoSafeDumper(SafeDumper): def represent_decimal(self, data): return self.represent_scalar(""tag:yaml.org,2002:str"", str(data)) def represent_ordered_dict(self, data): return self.represent_mapping(""tag:yaml.org,2002:map"", data.items()) def represent_time(self, data): return self.represent_scalar(""tag:yaml.org,2002:str"", str(data)) DjangoSafeDumper.add_representer(decimal.Decimal, DjangoSafeDumper.represent_decimal) DjangoSafeDumper.add_representer( collections.OrderedDict, DjangoSafeDumper.represent_ordered_dict ) DjangoSafeDumper.add_representer(datetime.time, DjangoSafeDumper.represent_time) class Serializer(PythonSerializer): internal_use_only = False def _value_from_field(self, obj, field): value = super()._value_from_field(obj, field) if isinstance(value, datetime.time): value = str(value) return value def end_serialization(self): self.options.setdefault(""allow_unicode"", True) yaml.dump(",1,5,0,1,0,934
django/django,7142667340f78403cbbcaa8f33703c494282b7b7,"Replaced yaml serializer workaround to preserve dict order with PyYAML's sort_keys=False.

The sort_keys parameter was added in PyYAML 5.1 (released March 2019).
The workaround was added in 24b82cd201e21060fbc02117dc16d1702877a1f3
(refs #30159).",django/core/serializers/pyyaml.py,"@@ -34,9 +34,6 @@ def represent_ordered_dict(self, data):
 DjangoSafeDumper.add_representer(
     collections.OrderedDict, DjangoSafeDumper.represent_ordered_dict
 )
-# Workaround to represent dictionaries in insertion order.
-# See https://github.com/yaml/pyyaml/pull/143.
-DjangoSafeDumper.add_representer(dict, DjangoSafeDumper.represent_ordered_dict)
 
 
 class Serializer(PythonSerializer):
@@ -59,7 +56,13 @@ def _value_from_field(self, obj, field):
 
     def end_serialization(self):
         self.options.setdefault(""allow_unicode"", True)
-        yaml.dump(self.objects, self.stream, Dumper=DjangoSafeDumper, **self.options)
+        yaml.dump(
+            self.objects,
+            self.stream,
+            Dumper=DjangoSafeDumper,
+            sort_keys=False,
+            **self.options,
+        )
 
     def getvalue(self):
         # Grandparent super",11,0,"@@ -34,9 +34,6 @@ def represent_ordered_dict(self, data): DjangoSafeDumper.add_representer( collections.OrderedDict, DjangoSafeDumper.represent_ordered_dict ) DjangoSafeDumper.add_representer(dict, DjangoSafeDumper.represent_ordered_dict) class Serializer(PythonSerializer): @@ -59,7 +56,13 @@ def _value_from_field(self, obj, field): def end_serialization(self): self.options.setdefault(""allow_unicode"", True) yaml.dump(self.objects, self.stream, Dumper=DjangoSafeDumper, **self.options) yaml.dump( self.objects, self.stream, Dumper=DjangoSafeDumper, sort_keys=False, **self.options, ) def getvalue(self):",1,4,0,0,0,606
numpy/numpy,41439af3ab401f5f533452e333f15d1e4650c115,"Merge pull request #31317 from mhvk/view-refactor-follow-up

MAINT: simplify view implementations in MaskedArray and recarray.",numpy/ma/core.py,"@@ -3256,28 +3256,12 @@ def view(self, dtype=None, type=None, fill_value=None):
         results.
         """"""
 
-        if dtype is None:
-            if type is None:
-                output = ndarray.view(self)
-            else:
-                output = ndarray.view(self, type)
-        elif type is None:
-            try:
-                if issubclass(dtype, ndarray):
-                    output = ndarray.view(self, dtype)
-                    dtype = None
-                else:
-                    output = ndarray.view(self, dtype)
-            except TypeError:
-                output = ndarray.view(self, dtype)
-        else:
-            output = ndarray.view(self, dtype, type)
+        if type is None and (isinstance(dtype, builtins.type)
+                             and issubclass(dtype, ndarray)):
+            type = dtype
+            dtype = None
 
-        # also make the mask be a view (so attr changes to the view's
-        # mask do no affect original object's mask)
-        # (especially important to avoid affecting np.masked singleton)
-        if getmask(output) is not nomask:
-            output._mask = output._mask.view()
+        output = super().view(*[a for a in (dtype, type) if a is not None])
 
         # Make sure to reset the _fill_value if needed
         if getattr(output, '_fill_value', None) is not None:",26,0,"@@ -3256,28 +3256,12 @@ def view(self, dtype=None, type=None, fill_value=None): results. """""" if dtype is None: if type is None: output = ndarray.view(self) else: output = ndarray.view(self, type) elif type is None: try: if issubclass(dtype, ndarray): output = ndarray.view(self, dtype) dtype = None else: output = ndarray.view(self, dtype) except TypeError: output = ndarray.view(self, dtype) else: output = ndarray.view(self, dtype, type) if type is None and (isinstance(dtype, builtins.type) and issubclass(dtype, ndarray)): type = dtype dtype = None if getmask(output) is not nomask: output._mask = output._mask.view() output = super().view(*[a for a in (dtype, type) if a is not None]) if getattr(output, '_fill_value', None) is not None:",1,1,1,8,2,742
numpy/numpy,41439af3ab401f5f533452e333f15d1e4650c115,"Merge pull request #31317 from mhvk/view-refactor-follow-up

MAINT: simplify view implementations in MaskedArray and recarray.",numpy/ma/mrecords.py,"@@ -12,7 +12,7 @@
 #  or whatever restricted keywords.  An idea would be to no bother in the
 #  first place, and then rename the invalid fields with a trailing
 #  underscore. Maybe we could just overload the parser function ?
-
+import builtins
 import warnings
 
 import numpy as np
@@ -353,40 +353,17 @@ def view(self, dtype=None, type=None):
         Returns a view of the mrecarray.
 
         """"""
-        # OK, basic copy-paste from MaskedArray.view.
-        if dtype is None:
-            if type is None:
-                output = np.ndarray.view(self)
-            else:
-                output = np.ndarray.view(self, type)
-        # Here again.
-        elif type is None:
-            try:
-                if issubclass(dtype, np.ndarray):
-                    output = np.ndarray.view(self, dtype)
-                else:
-                    output = np.ndarray.view(self, dtype)
-            # OK, there's the change
-            except TypeError:
-                dtype = np.dtype(dtype)
-                # we need to revert to MaskedArray, but keeping the possibility
-                # of subclasses (eg, TimeSeriesRecords), so we'll force a type
-                # set to the first parent
-                if dtype.fields is None:
-                    basetype = self.__class__.__bases__[0]
-                    output = self.__array__().view(dtype, basetype)
-                    output._update_from(self)
-                else:
-                    output = np.ndarray.view(self, dtype)
-                output._fill_value = None
-        else:
-            output = np.ndarray.view(self, dtype, type)
-        # Update the mask, just like in MaskedArray.view
-        if (getattr(output, '_mask', ma.nomask) is not ma.nomask):
-            mdtype = ma.make_mask_descr(output.dtype)
-            output._mask = self._mask.view(mdtype, np.ndarray)
-            output._mask = output._mask.reshape(output.shape)
-        return output
+        # If the new dtype has no fields, we need to revert to MaskedArray,
+        # but keep the possibility of subclasses (eg, TimeSeriesRecords).
+        # So we'll force a type set to the first parent.
+        if (type is None
+                and dtype is not None
+                and not (isinstance(dtype, builtins.type)
+                         and issubclass(dtype, np.ndarray))
+                and (dtype := np.dtype(dtype)).fields is None):
+            type = self.__class__.__bases__[0]
+
+        return super().view(*[a for a in (dtype, type) if a is not None])
 
     def harden_mask(self):
         """"""",47,0,"@@ -12,7 +12,7 @@ import builtins import warnings import numpy as np @@ -353,40 +353,17 @@ def view(self, dtype=None, type=None): Returns a view of the mrecarray.",1,1,0,0,0,162
numpy/numpy,fa6d67432de1e7d5868c285b4076495d3614d227,BUG: Fix segfault in nditer.multi_index when __getitem__ raises (#31314),numpy/_core/tests/test_nditer.py,"@@ -3660,3 +3660,19 @@ def test_signature_methods(method):
 
     assert ""self"" in sig.parameters
     assert sig.parameters[""self""].kind is inspect.Parameter.POSITIONAL_ONLY
+
+
+def test_nditer_multi_index_no_segfault():
+    class BadSequence:
+        def __len__(self):
+            return 2
+
+        def __getitem__(self, i):
+            if i == 1:
+                raise RuntimeError(""intentional error"")
+            return 0
+
+    arr = np.zeros((3, 4))
+    it = np.nditer(arr, flags=[""multi_index""])
+    with pytest.raises(RuntimeError, match=""intentional error""):
+        it.multi_index = BadSequence()",16,1,"@@ -3660,3 +3660,19 @@ def test_signature_methods(method): assert ""self"" in sig.parameters assert sig.parameters[""self""].kind is inspect.Parameter.POSITIONAL_ONLY def test_nditer_multi_index_no_segfault(): class BadSequence: def __len__(self): return 2 def __getitem__(self, i): if i == 1: raise RuntimeError(""intentional error"") return 0 arr = np.zeros((3, 4)) it = np.nditer(arr, flags=[""multi_index""]) with pytest.raises(RuntimeError, match=""intentional error""): it.multi_index = BadSequence()",1,4,0,1,0,496
numpy/numpy,ca4aa145deac9886f1f2f77e275d18d52419c323,DOC: use base min and max rather than aliases amin and amax in see-also (#31315),numpy/_core/fromnumeric.py,"@@ -3058,7 +3058,7 @@ def max(a, axis=None, out=None, keepdims=np._NoValue, initial=np._NoValue,
 
     See Also
     --------
-    amin :
+    min :
         The minimum value of an array along a given axis, propagating any NaNs.
     nanmax :
         The maximum value of an array along a given axis, ignoring any NaNs.
@@ -3196,7 +3196,7 @@ def min(a, axis=None, out=None, keepdims=np._NoValue, initial=np._NoValue,
 
     See Also
     --------
-    amax :
+    max :
         The maximum value of an array along a given axis, propagating any NaNs.
     nanmin :
         The minimum value of an array along a given axis, ignoring any NaNs.",4,0,"@@ -3058,7 +3058,7 @@ def max(a, axis=None, out=None, keepdims=np._NoValue, initial=np._NoValue, See Also -------- amin : min : The minimum value of an array along a given axis, propagating any NaNs. nanmax : The maximum value of an array along a given axis, ignoring any NaNs. @@ -3196,7 +3196,7 @@ def min(a, axis=None, out=None, keepdims=np._NoValue, initial=np._NoValue, See Also -------- amax : max : The maximum value of an array along a given axis, propagating any NaNs. nanmin : The minimum value of an array along a given axis, ignoring any NaNs.",1,2,0,0,0,555
numpy/numpy,137c0797a132c3a48820de695cbc479bd62eda0b,"MAINT: simplify view implementations in MaskedArray and MaskedRecords.

Possible after the changes in ndarray.view().",numpy/ma/core.py,"@@ -3256,28 +3256,12 @@ def view(self, dtype=None, type=None, fill_value=None):
         results.
         """"""
 
-        if dtype is None:
-            if type is None:
-                output = ndarray.view(self)
-            else:
-                output = ndarray.view(self, type)
-        elif type is None:
-            try:
-                if issubclass(dtype, ndarray):
-                    output = ndarray.view(self, dtype)
-                    dtype = None
-                else:
-                    output = ndarray.view(self, dtype)
-            except TypeError:
-                output = ndarray.view(self, dtype)
-        else:
-            output = ndarray.view(self, dtype, type)
+        if type is None and (isinstance(dtype, builtins.type)
+                             and issubclass(dtype, ndarray)):
+            type = dtype
+            dtype = None
 
-        # also make the mask be a view (so attr changes to the view's
-        # mask do no affect original object's mask)
-        # (especially important to avoid affecting np.masked singleton)
-        if getmask(output) is not nomask:
-            output._mask = output._mask.view()
+        output = super().view(*[a for a in (dtype, type) if a is not None])
 
         # Make sure to reset the _fill_value if needed
         if getattr(output, '_fill_value', None) is not None:",26,0,"@@ -3256,28 +3256,12 @@ def view(self, dtype=None, type=None, fill_value=None): results. """""" if dtype is None: if type is None: output = ndarray.view(self) else: output = ndarray.view(self, type) elif type is None: try: if issubclass(dtype, ndarray): output = ndarray.view(self, dtype) dtype = None else: output = ndarray.view(self, dtype) except TypeError: output = ndarray.view(self, dtype) else: output = ndarray.view(self, dtype, type) if type is None and (isinstance(dtype, builtins.type) and issubclass(dtype, ndarray)): type = dtype dtype = None if getmask(output) is not nomask: output._mask = output._mask.view() output = super().view(*[a for a in (dtype, type) if a is not None]) if getattr(output, '_fill_value', None) is not None:",1,1,1,8,2,742
numpy/numpy,137c0797a132c3a48820de695cbc479bd62eda0b,"MAINT: simplify view implementations in MaskedArray and MaskedRecords.

Possible after the changes in ndarray.view().",numpy/ma/mrecords.py,"@@ -12,7 +12,7 @@
 #  or whatever restricted keywords.  An idea would be to no bother in the
 #  first place, and then rename the invalid fields with a trailing
 #  underscore. Maybe we could just overload the parser function ?
-
+import builtins
 import warnings
 
 import numpy as np
@@ -353,40 +353,17 @@ def view(self, dtype=None, type=None):
         Returns a view of the mrecarray.
 
         """"""
-        # OK, basic copy-paste from MaskedArray.view.
-        if dtype is None:
-            if type is None:
-                output = np.ndarray.view(self)
-            else:
-                output = np.ndarray.view(self, type)
-        # Here again.
-        elif type is None:
-            try:
-                if issubclass(dtype, np.ndarray):
-                    output = np.ndarray.view(self, dtype)
-                else:
-                    output = np.ndarray.view(self, dtype)
-            # OK, there's the change
-            except TypeError:
-                dtype = np.dtype(dtype)
-                # we need to revert to MaskedArray, but keeping the possibility
-                # of subclasses (eg, TimeSeriesRecords), so we'll force a type
-                # set to the first parent
-                if dtype.fields is None:
-                    basetype = self.__class__.__bases__[0]
-                    output = self.__array__().view(dtype, basetype)
-                    output._update_from(self)
-                else:
-                    output = np.ndarray.view(self, dtype)
-                output._fill_value = None
-        else:
-            output = np.ndarray.view(self, dtype, type)
-        # Update the mask, just like in MaskedArray.view
-        if (getattr(output, '_mask', ma.nomask) is not ma.nomask):
-            mdtype = ma.make_mask_descr(output.dtype)
-            output._mask = self._mask.view(mdtype, np.ndarray)
-            output._mask = output._mask.reshape(output.shape)
-        return output
+        # If the new dtype has no fields, we need to revert to MaskedArray,
+        # but keep the possibility of subclasses (eg, TimeSeriesRecords).
+        # So we'll force a type set to the first parent.
+        if (type is None
+                and dtype is not None
+                and not (isinstance(dtype, builtins.type)
+                         and issubclass(dtype, np.ndarray))
+                and (dtype := np.dtype(dtype)).fields is None):
+            type = self.__class__.__bases__[0]
+
+        return super().view(*[a for a in (dtype, type) if a is not None])
 
     def harden_mask(self):
         """"""",47,0,"@@ -12,7 +12,7 @@ import builtins import warnings import numpy as np @@ -353,40 +353,17 @@ def view(self, dtype=None, type=None): Returns a view of the mrecarray.",1,1,0,0,0,162
numpy/numpy,a253537e7a06e8e41a96d17b3f0ece62d93071ad,"BUG: Prevent deadlock due to downstream importing NumPy in dlopen (#31303)

Downstream should probably never import numpy (i.e. activate the C-API) during dlopen (rather than the Python module init function).

But if it does so, this check introduced a deadlock regression because dlopen has a recursive lock, but this breaks if the matmul is called and causes threads to spawn that also need to dlopen.

So, as a hot-fix, just only run the check on MacOS, since we are not currently aware of reports on other system (possible or not), although this did happen with certain OpenBLAS versions (and not just accelerate).

(I cannot fully rule out that there won't be regressions on some linux setups, but they were not yet reported. -- The ""limit to 1 thread"" solution is an alternative as well.)",numpy/__init__.py,"@@ -848,7 +848,14 @@ def _mac_os_check():
     del _mac_os_check
 
     def blas_fpe_check():
-        # Check if BLAS adds spurious FPEs, mostly seen on M4 arms with Accelerate.
+        if sys.platform != ""darwin"":
+            # We currently assume this is limited to MacOS as downstream NumPy
+            # import during dlopen caused a deadlock regression: gh-31284
+            return
+
+        # Check if BLAS adds spurious FPEs, seen on M4 arms with Accelerate.
+        # In this case we disable FPE reporting since the use of SME poisons
+        # it and Accelerate doesn't sanitize them.
         with errstate(all='raise'):
             x = ones((20, 20))
             try:",9,1,"@@ -848,7 +848,14 @@ def _mac_os_check(): del _mac_os_check def blas_fpe_check(): if sys.platform != ""darwin"": return with errstate(all='raise'): x = ones((20, 20)) try:",1,2,0,1,1,169
numpy/numpy,065874ccab620c3d467fe99854dad707f2000faa,DOC/TYP: Move ``ndarray`` typing docs to a more appropriate section (#31313),numpy/typing/__init__.py,"@@ -61,28 +61,6 @@
     >>> np.array(array_like)
     array(<generator object <genexpr> at ...>, dtype=object)
 
-ndarray
-~~~~~~~
-
-The `numpy.ndarray` class is a `generic type`_ that accepts two type arguments:
-
-1. The type of `numpy.ndarray.shape`, which must be a `tuple` of `int`, e.g.
-   ``tuple[int, int]`` (2-D shape) or ``tuple[()]`` (0-D shape).
-   The default shape is ``tuple[Any, ...]``, which represents an unknown shape with
-   *any* number of dimensions.
-   Currently, ``Literal`` ints or other more specific types are not supported.
-2. The type of `numpy.ndarray.dtype`, which must be a subtype of `numpy.dtype` such as
-   ``numpy.dtype[numpy.float64]``. If omitted, it will default to ``numpy.dtype[Any]``.
-
-.. code-block:: python
-
-    >>> import numpy as np
-
-    >>> type ImageRGB = np.ndarray[tuple[int, int, int], np.dtype[np.uint8]]
-    >>> type Vector[S: np.generic] = np.ndarray[tuple[int], np.dtype[S]]
-
-.. _generic type: https://typing.python.org/en/latest/spec/generics.html
-
 DTypeLike
 ~~~~~~~~~
 
@@ -176,6 +154,27 @@ def phase(x: np.complexfloating) -> np.floating:
 API
 ---
 
+.. rubric:: ndarray
+
+The `numpy.ndarray` class is a `generic type`_ that accepts two type arguments:
+
+1. The type of `numpy.ndarray.shape`, which must be a `tuple` of `int`, e.g.
+   ``tuple[int, int]`` (2-D shape) or ``tuple[()]`` (0-D shape).
+   The default shape is ``tuple[Any, ...]``, which represents an unknown shape with
+   *any* number of dimensions.
+   Currently, ``Literal`` ints or other more specific types are not supported.
+2. The type of `numpy.ndarray.dtype`, which must be a subtype of `numpy.dtype` such as
+   ``numpy.dtype[numpy.float64]``. If omitted, it will default to ``numpy.dtype[Any]``.
+
+.. code-block:: python
+
+    >>> import numpy as np
+
+    >>> type ImageRGB = np.ndarray[tuple[int, int, int], np.dtype[np.uint8]]
+    >>> type Vector[S: np.generic] = np.ndarray[tuple[int], np.dtype[S]]
+
+.. _generic type: https://typing.python.org/en/latest/spec/generics.html
+
 """"""
 # NOTE: The API section will be appended with additional entries
 # further down in this file",43,0,"@@ -61,28 +61,6 @@ >>> np.array(array_like) array(<generator object <genexpr> at ...>, dtype=object) ndarray ~~~~~~~ The `numpy.ndarray` class is a `generic type`_ that accepts two type arguments: 1. The type of `numpy.ndarray.shape`, which must be a `tuple` of `int`, e.g. ``tuple[int, int]`` (2-D shape) or ``tuple[()]`` (0-D shape). The default shape is ``tuple[Any, ...]``, which represents an unknown shape with *any* number of dimensions. Currently, ``Literal`` ints or other more specific types are not supported. 2. The type of `numpy.ndarray.dtype`, which must be a subtype of `numpy.dtype` such as ``numpy.dtype[numpy.float64]``. If omitted, it will default to ``numpy.dtype[Any]``. .. code-block:: python >>> import numpy as np >>> type ImageRGB = np.ndarray[tuple[int, int, int], np.dtype[np.uint8]] >>> type Vector[S: np.generic] = np.ndarray[tuple[int], np.dtype[S]] .. _generic type: https://typing.python.org/en/latest/spec/generics.html DTypeLike ~~~~~~~~~ @@ -176,6 +154,27 @@ def phase(x: np.complexfloating) -> np.floating: API --- .. rubric:: ndarray The `numpy.ndarray` class is a `generic type`_ that accepts two type arguments: 1. The type of `numpy.ndarray.shape`, which must be a `tuple` of `int`, e.g. ``tuple[int, int]`` (2-D shape) or ``tuple[()]`` (0-D shape). The default shape is ``tuple[Any, ...]``, which represents an unknown shape with *any* number of dimensions. Currently, ``Literal`` ints or other more specific types are not supported. 2. The type of `numpy.ndarray.dtype`, which must be a subtype of `numpy.dtype` such as ``numpy.dtype[numpy.float64]``. If omitted, it will default to ``numpy.dtype[Any]``. .. code-block:: python >>> import numpy as np >>> type ImageRGB = np.ndarray[tuple[int, int, int], np.dtype[np.uint8]] >>> type Vector[S: np.generic] = np.ndarray[tuple[int], np.dtype[S]] .. _generic type: https://typing.python.org/en/latest/spec/generics.html """"""",1,1,0,0,0,1912
numpy/numpy,e02facfc8fd2f70d7ea77e6a3405268a8fbd7d9d,DOC: Extra open parens in :math: polyvander (#31310),numpy/polynomial/polynomial.py,"@@ -1229,7 +1229,7 @@ def polyvander2d(x, y, deg):
     -------
     vander2d : ndarray
         The shape of the returned matrix is ``x.shape + (order,)``, where
-        :math:`order = (deg[0]+1)*(deg([1]+1)`.  The dtype will be the same
+        :math:`order = (deg[0]+1)*(deg[1]+1)`.  The dtype will be the same
         as the converted `x` and `y`.
 
     See Also
@@ -1309,7 +1309,7 @@ def polyvander3d(x, y, z, deg):
     -------
     vander3d : ndarray
         The shape of the returned matrix is ``x.shape + (order,)``, where
-        :math:`order = (deg[0]+1)*(deg([1]+1)*(deg[2]+1)`.  The dtype will
+        :math:`order = (deg[0]+1)*(deg[1]+1)*(deg[2]+1)`.  The dtype will
         be the same as the converted `x`, `y`, and `z`.
 
     See Also",4,0,"@@ -1229,7 +1229,7 @@ def polyvander2d(x, y, deg): ------- vander2d : ndarray The shape of the returned matrix is ``x.shape + (order,)``, where :math:`order = (deg[0]+1)*(deg([1]+1)`. The dtype will be the same :math:`order = (deg[0]+1)*(deg[1]+1)`. The dtype will be the same as the converted `x` and `y`. See Also @@ -1309,7 +1309,7 @@ def polyvander3d(x, y, z, deg): ------- vander3d : ndarray The shape of the returned matrix is ``x.shape + (order,)``, where :math:`order = (deg[0]+1)*(deg([1]+1)*(deg[2]+1)`. The dtype will :math:`order = (deg[0]+1)*(deg[1]+1)*(deg[2]+1)`. The dtype will be the same as the converted `x`, `y`, and `z`. See Also",1,2,0,0,0,650
numpy/numpy,95dfe3da93d0a74d93fca067011d1864a391ffcc,DOC: wrong underline length and closing backtick (#31300),numpy/f2py/crackfortran.py,"@@ -97,8 +97,11 @@
      character(len=C['len'],kind=C['kind'], f2py_len=C['f2py_len'])
      (see also fortran type declaration statement formats below)
 
-Fortran 90 type declaration statement format (F77 is subset of F90)
-====================================================================
+Fortran 90 type declaration statement format
+============================================
+
+F77 is subset of F90
+
 (Main source: IBM XL Fortran 5.1 Language Reference Manual)
 type declaration = <typespec> [[<attrspec>]::] <entitydecl>
 <typespec> = byte                          |",7,0,"@@ -97,8 +97,11 @@ character(len=C['len'],kind=C['kind'], f2py_len=C['f2py_len']) (see also fortran type declaration statement formats below) Fortran 90 type declaration statement format (F77 is subset of F90) ==================================================================== Fortran 90 type declaration statement format ============================================ F77 is subset of F90 (Main source: IBM XL Fortran 5.1 Language Reference Manual) type declaration = <typespec> [[<attrspec>]::] <entitydecl> <typespec> = byte |",1,0,0,0,0,529
numpy/numpy,388bd75829842d8230147f57eba5f86bb3ad6c3c,"DEP: Correct dtype in `__array_finalize__` if _set_dtype=None (#31293)

This avoids using the correct dtype in array_finalize unless _set_dtype = None is set on the class.
We also use this new path to make record arrays follow the main class deprecation correctly.

This means that recarray does live in the future.",numpy/_core/records.py,"@@ -402,11 +402,15 @@ def __new__(cls, shape, dtype=None, buf=None, offset=0, strides=None,
             )
         return self
 
+    _set_dtype = None  # __array_finalize__ can deal with dtype changes
+
     def __array_finalize__(self, obj):
-        if self.dtype.type is not record and self.dtype.names is not None:
+        if (self.dtype.type is not record and
+                issubclass(self.dtype.type, nt.void) and
+                self.dtype.names is not None):
             # if self.dtype is not np.record, invoke __setattr__ which will
             # convert it to a record if it is a void dtype.
-            self.dtype = self.dtype
+            ndarray._set_dtype(self, sb.dtype((record, self.dtype)))
 
     def __getattribute__(self, attr):
         # See if ndarray has this attr, and return it if so. (note that this
@@ -455,11 +459,7 @@ def __setattr__(self, attr, val):
 
         newattr = attr not in self.__dict__
         try:
-            if attr == 'dtype':
-                # gh-29244
-                ret = self._set_dtype(val)
-            else:
-                ret = object.__setattr__(self, attr, val)
+            ret = object.__setattr__(self, attr, val)
         except Exception:
             fielddict = ndarray.__getattribute__(self, 'dtype').fields or {}
             if attr not in fielddict:",14,0,"@@ -402,11 +402,15 @@ def __new__(cls, shape, dtype=None, buf=None, offset=0, strides=None, ) return self _set_dtype = None def __array_finalize__(self, obj): if self.dtype.type is not record and self.dtype.names is not None: if (self.dtype.type is not record and issubclass(self.dtype.type, nt.void) and self.dtype.names is not None): self.dtype = self.dtype ndarray._set_dtype(self, sb.dtype((record, self.dtype))) def __getattribute__(self, attr): @@ -455,11 +459,7 @@ def __setattr__(self, attr, val): newattr = attr not in self.__dict__ try: if attr == 'dtype': ret = self._set_dtype(val) else: ret = object.__setattr__(self, attr, val) ret = object.__setattr__(self, attr, val) except Exception: fielddict = ndarray.__getattribute__(self, 'dtype').fields or {} if attr not in fielddict:",1,4,0,4,2,792
numpy/numpy,388bd75829842d8230147f57eba5f86bb3ad6c3c,"DEP: Correct dtype in `__array_finalize__` if _set_dtype=None (#31293)

This avoids using the correct dtype in array_finalize unless _set_dtype = None is set on the class.
We also use this new path to make record arrays follow the main class deprecation correctly.

This means that recarray does live in the future.",numpy/_core/tests/test_deprecations.py,"@@ -255,6 +255,10 @@ def test_deprecated_dtype_set(self):
         x = np.eye(2)
         self.assert_deprecated(setattr, args=(x, ""dtype"", int))
 
+    def test_deprecated_dtype_set_record(self):
+        x = np.zeros(2, dtype=""i4,i4"").view(np.recarray)
+        self.assert_deprecated(setattr, args=(x, ""dtype"", np.dtype(""f4,f4"")))
+
     def test_deprecated_shape_set(self):
         x = np.eye(2)
         self.assert_deprecated(setattr, args=(x, ""shape"", (4, 1)))",4,0,"@@ -255,6 +255,10 @@ def test_deprecated_dtype_set(self): x = np.eye(2) self.assert_deprecated(setattr, args=(x, ""dtype"", int)) def test_deprecated_dtype_set_record(self): x = np.zeros(2, dtype=""i4,i4"").view(np.recarray) self.assert_deprecated(setattr, args=(x, ""dtype"", np.dtype(""f4,f4""))) def test_deprecated_shape_set(self): x = np.eye(2) self.assert_deprecated(setattr, args=(x, ""shape"", (4, 1)))",1,3,0,0,0,400
numpy/numpy,388bd75829842d8230147f57eba5f86bb3ad6c3c,"DEP: Correct dtype in `__array_finalize__` if _set_dtype=None (#31293)

This avoids using the correct dtype in array_finalize unless _set_dtype = None is set on the class.
We also use this new path to make record arrays follow the main class deprecation correctly.

This means that recarray does live in the future.",numpy/_core/tests/test_multiarray.py,"@@ -6610,6 +6610,8 @@ def test_view_dtype_change_subclass_finalize(self):
         # __array_finalize__ and return the correct subclass type.
 
         class MyArray(np.ndarray):
+            _set_dtype = None
+
             def __array_finalize__(self, obj):
                 self.finalized_from = obj
                 self._dtype_at_finalize = self.dtype",2,0,"@@ -6610,6 +6610,8 @@ def test_view_dtype_change_subclass_finalize(self): class MyArray(np.ndarray): _set_dtype = None def __array_finalize__(self, obj): self.finalized_from = obj self._dtype_at_finalize = self.dtype",1,2,0,0,0,216
numpy/numpy,388bd75829842d8230147f57eba5f86bb3ad6c3c,"DEP: Correct dtype in `__array_finalize__` if _set_dtype=None (#31293)

This avoids using the correct dtype in array_finalize unless _set_dtype = None is set on the class.
We also use this new path to make record arrays follow the main class deprecation correctly.

This means that recarray does live in the future.",numpy/_core/tests/test_records.py,"@@ -497,7 +497,8 @@ def test_assign_dtype_attribute(self, nfields):
         assert dt.type != np.record
 
         # ensure that the dtype remains a record even when assigned
-        data.dtype = dt
+        with pytest.warns(DeprecationWarning, match=""Setting the dtype""):
+            data.dtype = dt
         assert data.dtype.type == np.record
 
     @pytest.mark.parametrize('nfields', [0, 1, 2])",3,0,"@@ -497,7 +497,8 @@ def test_assign_dtype_attribute(self, nfields): assert dt.type != np.record data.dtype = dt with pytest.warns(DeprecationWarning, match=""Setting the dtype""): data.dtype = dt assert data.dtype.type == np.record @pytest.mark.parametrize('nfields', [0, 1, 2])",1,1,0,0,0,276
numpy/numpy,de10b50273e0f5e98834422b48ac897942464758,DOC/TYP: remove outdated subsection on 0D arrays (#31288),numpy/typing/__init__.py,"@@ -157,20 +157,6 @@ def phase(x: np.complexfloating) -> np.floating:
 `~numpy.signedinteger`, the former only inheriting from `~numpy.generic`
 while static type checking.
 
-0D arrays
-~~~~~~~~~
-
-During runtime numpy aggressively casts any passed 0D arrays into their
-corresponding `~numpy.generic` instance. Until the introduction of shape
-typing (see :pep:`646`) it is unfortunately not possible to make the
-necessary distinction between 0D and >0D arrays. While thus not strictly
-correct, all operations that can potentially perform a 0D-array -> scalar
-cast are currently annotated as exclusively returning an `~numpy.ndarray`.
-
-If it is known in advance that an operation *will* perform a
-0D-array -> scalar cast, then one can consider manually remedying the
-situation with either `typing.cast` or a ``# type: ignore`` comment.
-
 Record array dtypes
 ~~~~~~~~~~~~~~~~~~~
 ",14,0,"@@ -157,20 +157,6 @@ def phase(x: np.complexfloating) -> np.floating: `~numpy.signedinteger`, the former only inheriting from `~numpy.generic` while static type checking. 0D arrays ~~~~~~~~~ During runtime numpy aggressively casts any passed 0D arrays into their corresponding `~numpy.generic` instance. Until the introduction of shape typing (see :pep:`646`) it is unfortunately not possible to make the necessary distinction between 0D and >0D arrays. While thus not strictly correct, all operations that can potentially perform a 0D-array -> scalar cast are currently annotated as exclusively returning an `~numpy.ndarray`. If it is known in advance that an operation *will* perform a 0D-array -> scalar cast, then one can consider manually remedying the situation with either `typing.cast` or a `` Record array dtypes ~~~~~~~~~~~~~~~~~~~",1,1,1,0,0,841
numpy/numpy,c7c1d23b13282f77403686a83902cefe2c26333a,DOC/TYP: Improved typing docs for ``ndarray`` (#31277),numpy/typing/__init__.py,"@@ -64,10 +64,24 @@
 ndarray
 ~~~~~~~
 
-It's possible (but deprecated) to mutate the dtype of an array at runtime.
-This sort of mutation is not allowed by the types. Users who want to
-write statically typed code should instead use the `numpy.ndarray.view`
-method to create a view of the array with a different dtype.
+The `numpy.ndarray` class is a `generic type`_ that accepts two type arguments:
+
+1. The type of `numpy.ndarray.shape`, which must be a `tuple` of `int`, e.g.
+   ``tuple[int, int]`` (2-D shape) or ``tuple[()]`` (0-D shape).
+   The default shape is ``tuple[Any, ...]``, which represents an unknown shape with
+   *any* number of dimensions.
+   Currently, ``Literal`` ints or other more specific types are not supported.
+2. The type of `numpy.ndarray.dtype`, which must be a subtype of `numpy.dtype` such as
+   ``numpy.dtype[numpy.float64]``. If omitted, it will default to ``numpy.dtype[Any]``.
+
+.. code-block:: python
+
+    >>> import numpy as np
+
+    >>> type ImageRGB = np.ndarray[tuple[int, int, int], np.dtype[np.uint8]]
+    >>> type Vector[S: np.generic] = np.ndarray[tuple[int], np.dtype[S]]
+
+.. _generic type: https://typing.python.org/en/latest/spec/generics.html
 
 DTypeLike
 ~~~~~~~~~",22,0,"@@ -64,10 +64,24 @@ ndarray ~~~~~~~ It's possible (but deprecated) to mutate the dtype of an array at runtime. This sort of mutation is not allowed by the types. Users who want to write statically typed code should instead use the `numpy.ndarray.view` method to create a view of the array with a different dtype. The `numpy.ndarray` class is a `generic type`_ that accepts two type arguments: 1. The type of `numpy.ndarray.shape`, which must be a `tuple` of `int`, e.g. ``tuple[int, int]`` (2-D shape) or ``tuple[()]`` (0-D shape). The default shape is ``tuple[Any, ...]``, which represents an unknown shape with *any* number of dimensions. Currently, ``Literal`` ints or other more specific types are not supported. 2. The type of `numpy.ndarray.dtype`, which must be a subtype of `numpy.dtype` such as ``numpy.dtype[numpy.float64]``. If omitted, it will default to ``numpy.dtype[Any]``. .. code-block:: python >>> import numpy as np >>> type ImageRGB = np.ndarray[tuple[int, int, int], np.dtype[np.uint8]] >>> type Vector[S: np.generic] = np.ndarray[tuple[int], np.dtype[S]] .. _generic type: https://typing.python.org/en/latest/spec/generics.html DTypeLike ~~~~~~~~~",1,0,0,0,0,1169
pandas-dev/pandas,501e319b0bbc24c4d3fac644d9de1324277dad53,BUG: Fix `read_html` parsing a nested inner table incorrectly with html5lib/bs4 (#64571),pandas/io/html.py,"@@ -636,16 +636,16 @@ def _parse_td(self, row):
         return row.find_all((""td"", ""th""), recursive=False)
 
     def _parse_thead_tr(self, table):
-        return table.select(""thead tr"")
+        return table.select("":scope thead tr"")
 
     def _parse_tbody_tr(self, table):
-        from_tbody = table.select(""tbody tr"")
+        from_tbody = table.select("":scope tbody tr"")
         from_root = table.find_all(""tr"", recursive=False)
         # HTML spec: at most one of these lists has content
         return from_tbody + from_root
 
     def _parse_tfoot_tr(self, table):
-        return table.select(""tfoot tr"")
+        return table.select("":scope tfoot tr"")
 
     def _setup_build_doc(self):
         raw_text = _read(self.io, self.encoding, self.storage_options)",6,1,"@@ -636,16 +636,16 @@ def _parse_td(self, row): return row.find_all((""td"", ""th""), recursive=False) def _parse_thead_tr(self, table): return table.select(""thead tr"") return table.select("":scope thead tr"") def _parse_tbody_tr(self, table): from_tbody = table.select(""tbody tr"") from_tbody = table.select("":scope tbody tr"") from_root = table.find_all(""tr"", recursive=False) return from_tbody + from_root def _parse_tfoot_tr(self, table): return table.select(""tfoot tr"") return table.select("":scope tfoot tr"") def _setup_build_doc(self): raw_text = _read(self.io, self.encoding, self.storage_options)",1,5,0,0,0,596
pandas-dev/pandas,501e319b0bbc24c4d3fac644d9de1324277dad53,BUG: Fix `read_html` parsing a nested inner table incorrectly with html5lib/bs4 (#64571),pandas/tests/io/test_html.py,"@@ -617,6 +617,47 @@ def test_multiple_tbody(self, flavor_read_html):
 
         tm.assert_frame_equal(result, expected)
 
+    def test_nested_table(self, flavor_read_html):
+        # GH-64524
+        tables = flavor_read_html(
+            StringIO(""""""
+                <table>
+                    <thead>
+                        <tr>
+                            <th></th>
+                        </tr>
+                    </thead>
+                    <tbody>
+                        <tr>
+                            <td>
+                                <table id=""descendant"">
+                                    <thead>
+                                        <tr>
+                                            <th>A</th>
+                                            <th>B</th>
+                                        </tr>
+                                    </thead>
+                                    <tbody>
+                                        <tr>
+                                            <td>1</td>
+                                            <td>2</td>
+                                        </tr>
+                                    </tbody>
+                                </table>
+                            </td>
+                        </tr>
+                    </tbody>
+                </table>
+            """"""),
+            attrs={""id"": ""descendant""},
+        )
+        assert len(tables) == 1
+        result = tables[0]
+
+        expected = DataFrame(data=[[1, 2]], columns=[""A"", ""B""])
+
+        tm.assert_frame_equal(result, expected)
+
     def test_header_and_one_column(self, flavor_read_html):
         """"""
         Don't fail with bs4 when there is a header and only one column",41,1,"@@ -617,6 +617,47 @@ def test_multiple_tbody(self, flavor_read_html): tm.assert_frame_equal(result, expected) def test_nested_table(self, flavor_read_html): tables = flavor_read_html( StringIO(), attrs={""id"": ""descendant""}, ) assert len(tables) == 1 result = tables[0] expected = DataFrame(data=[[1, 2]], columns=[""A"", ""B""]) tm.assert_frame_equal(result, expected) def test_header_and_one_column(self, flavor_read_html): """""" Don't fail with bs4 when there is a header and only one column",1,3,0,0,0,487
pandas-dev/pandas,be0642f7cb8900282a43b53cd50cf00a05161ed6,"PERF: Use openpyxl write_only mode in DataFrame.to_excel (#64760)

Co-authored-by: Claude Opus 4.6 (1M context) <noreply@anthropic.com>",pandas/io/excel/_openpyxl.py,"@@ -76,7 +76,9 @@ def __init__(  # pyright: ignore[reportInconsistentConstructor]
                 raise
             self._handles.handle.seek(0)
         else:
-            # Create workbook object with default optimized_write=True.
+            # Create workbook object. Users can opt into write_only mode
+            # for better memory efficiency with
+            # engine_kwargs={""write_only"": True} (GH#41681).
             try:
                 self._book = Workbook(**engine_kwargs)
             except TypeError:
@@ -478,6 +480,120 @@ def _write_cells(
             wks = self.book.create_sheet()
             wks.title = sheet_name
 
+        if self.book.write_only:
+            self._write_cells_write_only(
+                cells,
+                wks,
+                startrow,
+                startcol,
+                freeze_panes,
+                autofilter_range,
+                _style_cache,
+            )
+        else:
+            self._write_cells_normal(
+                cells,
+                wks,
+                startrow,
+                startcol,
+                freeze_panes,
+                autofilter_range,
+                _style_cache,
+            )
+
+    def _write_cells_write_only(
+        self,
+        cells,
+        wks,
+        startrow: int,
+        startcol: int,
+        freeze_panes: tuple[int, int] | None,
+        autofilter_range: str | None,
+        _style_cache: dict[str, dict[str, Serialisable]],
+    ) -> None:
+        # Write-only mode: buffer cells by row then append for memory
+        # efficiency (GH#41681). Cells may arrive column-by-column rather
+        # than row-by-row, so we must buffer all cells before writing.
+        from openpyxl.cell.cell import Cell
+        from openpyxl.utils import get_column_letter
+
+        if validate_freeze_panes(freeze_panes):
+            freeze_panes = cast(""tuple[int, int]"", freeze_panes)
+            col_letter = get_column_letter(freeze_panes[1] + 1)
+            wks.freeze_panes = f""{col_letter}{freeze_panes[0] + 1}""
+
+        # Buffer all cells indexed by (row, col)
+        rows: dict[int, dict[int, Cell]] = {}
+        merge_ranges: list[str] = []
+        max_col = -1
+
+        for cell in cells:
+            row_idx = startrow + cell.row
+            col_idx = startcol + cell.col
+            if col_idx > max_col:
+                max_col = col_idx
+
+            xcell = Cell(wks, row=1, column=1)
+            xcell.value, fmt = self._value_with_fmt(cell.val)
+            if fmt:
+                xcell.number_format = fmt
+
+            style_kwargs: dict[str, Serialisable] | None = {}
+            if cell.style:
+                key = str(cell.style)
+                style_kwargs = _style_cache.get(key)
+                if style_kwargs is None:
+                    style_kwargs = self._convert_to_style_kwargs(cell.style)
+                    _style_cache[key] = style_kwargs
+
+            if style_kwargs:
+                for attr, value in style_kwargs.items():
+                    setattr(xcell, attr, value)
+
+            rows.setdefault(row_idx, {})[col_idx] = xcell
+
+            if cell.mergestart is not None and cell.mergeend is not None:
+                # Build cell range string like ""A1:B2"" for merged_cells.add()
+                # since WriteOnlyWorksheet does not have merge_cells()
+                start_col_letter = get_column_letter(startcol + cell.col + 1)
+                end_col_letter = get_column_letter(startcol + cell.mergeend + 1)
+                merge_range = (
+                    f""{start_col_letter}{startrow + cell.row + 1}:""
+                    f""{end_col_letter}{startrow + cell.mergestart + 1}""
+                )
+                merge_ranges.append(merge_range)
+
+        # Write rows in order, filling gaps with empty rows
+        if rows:
+            max_row = max(rows)
+            for row_idx in range(max_row + 1):
+                if row_idx not in rows:
+                    wks.append([])
+                    continue
+                row_data = rows[row_idx]
+                row_cells: list[Cell | None] = [None] * (max_col + 1)
+                for col_idx, xcell in row_data.items():
+                    row_cells[col_idx] = xcell
+                wks.append(row_cells)
+
+        # Apply merge ranges via merged_cells.add() (WriteOnlyWorksheet
+        # does not support the merge_cells() method)
+        for merge_range in merge_ranges:
+            wks.merged_cells.add(merge_range)
+
+        if autofilter_range:
+            wks.auto_filter.ref = autofilter_range
+
+    def _write_cells_normal(
+        self,
+        cells,
+        wks,
+        startrow: int,
+        startcol: int,
+        freeze_panes: tuple[int, int] | None,
+        autofilter_range: str | None,
+        _style_cache: dict[str, dict[str, Serialisable]],
+    ) -> None:
         if validate_freeze_panes(freeze_panes):
             freeze_panes = cast(""tuple[int, int]"", freeze_panes)
             wks.freeze_panes = wks.cell(
@@ -501,8 +617,8 @@ def _write_cells(
                     _style_cache[key] = style_kwargs
 
             if style_kwargs:
-                for k, v in style_kwargs.items():
-                    setattr(xcell, k, v)
+                for attr, value in style_kwargs.items():
+                    setattr(xcell, attr, value)
 
             if cell.mergestart is not None and cell.mergeend is not None:
                 wks.merge_cells(
@@ -527,8 +643,8 @@ def _write_cells(
                                 # Ignore first cell. It is already handled.
                                 continue
                             xcell = wks.cell(column=col, row=row)
-                            for k, v in style_kwargs.items():
-                                setattr(xcell, k, v)
+                            for attr, value in style_kwargs.items():
+                                setattr(xcell, attr, value)
 
         if autofilter_range:
             wks.auto_filter.ref = autofilter_range",126,0,"@@ -76,7 +76,9 @@ def __init__( raise self._handles.handle.seek(0) else: try: self._book = Workbook(**engine_kwargs) except TypeError: @@ -478,6 +480,120 @@ def _write_cells( wks = self.book.create_sheet() wks.title = sheet_name if self.book.write_only: self._write_cells_write_only( cells, wks, startrow, startcol, freeze_panes, autofilter_range, _style_cache, ) else: self._write_cells_normal( cells, wks, startrow, startcol, freeze_panes, autofilter_range, _style_cache, ) def _write_cells_write_only( self, cells, wks, startrow: int, startcol: int, freeze_panes: tuple[int, int] | None, autofilter_range: str | None, _style_cache: dict[str, dict[str, Serialisable]], ) -> None: from openpyxl.cell.cell import Cell from openpyxl.utils import get_column_letter if validate_freeze_panes(freeze_panes): freeze_panes = cast(""tuple[int, int]"", freeze_panes) col_letter = get_column_letter(freeze_panes[1] + 1) wks.freeze_panes = f""{col_letter}{freeze_panes[0] + 1}"" rows: dict[int, dict[int, Cell]] = {} merge_ranges: list[str] = [] max_col = -1 for cell in cells: row_idx = startrow + cell.row col_idx = startcol + cell.col if col_idx > max_col: max_col = col_idx xcell = Cell(wks, row=1, column=1) xcell.value, fmt = self._value_with_fmt(cell.val) if fmt: xcell.number_format = fmt style_kwargs: dict[str, Serialisable] | None = {} if cell.style: key = str(cell.style) style_kwargs = _style_cache.get(key) if style_kwargs is None: style_kwargs = self._convert_to_style_kwargs(cell.style) _style_cache[key] = style_kwargs if style_kwargs: for attr, value in style_kwargs.items(): setattr(xcell, attr, value) rows.setdefault(row_idx, {})[col_idx] = xcell if cell.mergestart is not None and cell.mergeend is not None: start_col_letter = get_column_letter(startcol + cell.col + 1) end_col_letter = get_column_letter(startcol + cell.mergeend + 1) merge_range = ( f""{start_col_letter}{startrow + cell.row + 1}:"" f""{end_col_letter}{startrow + cell.mergestart + 1}"" ) merge_ranges.append(merge_range) if rows: max_row = max(rows) for row_idx in range(max_row + 1): if row_idx not in rows: wks.append([]) continue row_data = rows[row_idx] row_cells: list[Cell | None] = [None] * (max_col + 1) for col_idx, xcell in row_data.items(): row_cells[col_idx] = xcell wks.append(row_cells) for merge_range in merge_ranges: wks.merged_cells.add(merge_range) if autofilter_range: wks.auto_filter.ref = autofilter_range def _write_cells_normal( self, cells, wks, startrow: int, startcol: int, freeze_panes: tuple[int, int] | None, autofilter_range: str | None, _style_cache: dict[str, dict[str, Serialisable]], ) -> None: if validate_freeze_panes(freeze_panes): freeze_panes = cast(""tuple[int, int]"", freeze_panes) wks.freeze_panes = wks.cell( @@ -501,8 +617,8 @@ def _write_cells( _style_cache[key] = style_kwargs if style_kwargs: for k, v in style_kwargs.items(): setattr(xcell, k, v) for attr, value in style_kwargs.items(): setattr(xcell, attr, value) if cell.mergestart is not None and cell.mergeend is not None: wks.merge_cells( @@ -527,8 +643,8 @@ def _write_cells( continue xcell = wks.cell(column=col, row=row) for k, v in style_kwargs.items(): setattr(xcell, k, v) for attr, value in style_kwargs.items(): setattr(xcell, attr, value) if autofilter_range: wks.auto_filter.ref = autofilter_range",1,6,9,15,2,3283
pandas-dev/pandas,be0642f7cb8900282a43b53cd50cf00a05161ed6,"PERF: Use openpyxl write_only mode in DataFrame.to_excel (#64760)

Co-authored-by: Claude Opus 4.6 (1M context) <noreply@anthropic.com>",pandas/tests/io/excel/test_openpyxl.py,"@@ -440,3 +440,116 @@ def test_read_multiindex_header_no_index_names(datapath, ext):
         index=pd.MultiIndex.from_tuples([(""A"", ""AA"", ""AAA""), (""A"", ""BB"", ""BBB"")]),
     )
     tm.assert_frame_equal(result, expected)
+
+
+class TestWriteOnly:
+    """"""Tests for write_only mode (GH#41681).""""""
+
+    def test_write_only_not_default(self, tmp_excel):
+        with ExcelWriter(tmp_excel, engine=""openpyxl"") as writer:
+            assert writer.book.write_only is False
+            DataFrame().to_excel(writer)
+
+    def test_write_only_opt_in(self, tmp_excel):
+        with ExcelWriter(
+            tmp_excel, engine=""openpyxl"", engine_kwargs={""write_only"": True}
+        ) as writer:
+            assert writer.book.write_only is True
+            DataFrame().to_excel(writer)
+
+    def test_write_only_not_set_in_append_mode(self, tmp_excel):
+        DataFrame().to_excel(tmp_excel, engine=""openpyxl"")
+        with ExcelWriter(tmp_excel, engine=""openpyxl"", mode=""a"") as writer:
+            assert writer.book.write_only is False
+            DataFrame().to_excel(writer, sheet_name=""Sheet2"")
+
+    def test_write_only_roundtrip(self, tmp_excel):
+        # Verify basic data integrity through write-only path
+        df = DataFrame({""col1"": [1, 2, 3], ""col2"": [""a"", ""b"", ""c""]})
+        df.to_excel(
+            tmp_excel,
+            engine=""openpyxl"",
+            engine_kwargs={""write_only"": True},
+            index=False,
+        )
+        result = pd.read_excel(tmp_excel, engine=""openpyxl"")
+        tm.assert_frame_equal(result, df)
+
+    def test_write_only_multiple_sheets(self, tmp_excel):
+        df1 = DataFrame({""a"": [1, 2]})
+        df2 = DataFrame({""b"": [3, 4]})
+        with ExcelWriter(
+            tmp_excel, engine=""openpyxl"", engine_kwargs={""write_only"": True}
+        ) as writer:
+            df1.to_excel(writer, sheet_name=""one"", index=False)
+            df2.to_excel(writer, sheet_name=""two"", index=False)
+        result1 = pd.read_excel(tmp_excel, sheet_name=""one"", engine=""openpyxl"")
+        result2 = pd.read_excel(tmp_excel, sheet_name=""two"", engine=""openpyxl"")
+        tm.assert_frame_equal(result1, df1)
+        tm.assert_frame_equal(result2, df2)
+
+    def test_write_only_freeze_panes(self, tmp_excel):
+        df = DataFrame({""a"": [1, 2], ""b"": [3, 4]})
+        df.to_excel(
+            tmp_excel,
+            engine=""openpyxl"",
+            engine_kwargs={""write_only"": True},
+            freeze_panes=(1, 1),
+        )
+        wb = openpyxl.load_workbook(tmp_excel)
+        ws = wb.active
+        assert ws.freeze_panes == ""B2""
+
+    def test_write_only_merge_cells(self, tmp_excel):
+        # MultiIndex columns produce merged header cells
+        df = DataFrame(
+            [[1, 2]],
+            columns=pd.MultiIndex.from_tuples([(""a"", ""x""), (""a"", ""y"")]),
+        )
+        df.to_excel(
+            tmp_excel,
+            engine=""openpyxl"",
+            engine_kwargs={""write_only"": True},
+        )
+        wb = openpyxl.load_workbook(tmp_excel)
+        ws = wb.active
+        assert len(ws.merged_cells.ranges) > 0
+
+    def test_write_only_styling(self, tmp_excel):
+        from pandas.io.formats.excel import ExcelCell
+
+        styled_cells = [
+            ExcelCell(
+                row=0,
+                col=0,
+                val=""styled"",
+                style={""font"": {""bold"": True, ""color"": ""00FF0000""}},
+            ),
+        ]
+        with _OpenpyxlWriter(tmp_excel, engine_kwargs={""write_only"": True}) as writer:
+            writer._write_cells(styled_cells, sheet_name=""Sheet1"")
+
+        wb = openpyxl.load_workbook(tmp_excel)
+        ws = wb[""Sheet1""]
+        cell = ws[""A1""]
+        assert cell.value == ""styled""
+        assert cell.font.bold is True
+        assert cell.font.color.rgb == ""00FF0000""
+
+    def test_write_only_startrow_startcol(self, tmp_excel):
+        df = DataFrame({""a"": [1]})
+        df.to_excel(
+            tmp_excel,
+            engine=""openpyxl"",
+            engine_kwargs={""write_only"": True},
+            startrow=3,
+            startcol=2,
+            index=False,
+        )
+        wb = openpyxl.load_workbook(tmp_excel)
+        ws = wb.active
+        # Header at row 4 (startrow=3, 1-indexed), col C (startcol=2, 1-indexed)
+        assert ws.cell(row=4, column=3).value == ""a""
+        assert ws.cell(row=5, column=3).value == 1
+        # Cells before start should be empty
+        assert ws.cell(row=1, column=1).value is None",113,0,"@@ -440,3 +440,116 @@ def test_read_multiindex_header_no_index_names(datapath, ext): index=pd.MultiIndex.from_tuples([(""A"", ""AA"", ""AAA""), (""A"", ""BB"", ""BBB"")]), ) tm.assert_frame_equal(result, expected) class TestWriteOnly: """"""Tests for write_only mode (GH def test_write_only_not_default(self, tmp_excel): with ExcelWriter(tmp_excel, engine=""openpyxl"") as writer: assert writer.book.write_only is False DataFrame().to_excel(writer) def test_write_only_opt_in(self, tmp_excel): with ExcelWriter( tmp_excel, engine=""openpyxl"", engine_kwargs={""write_only"": True} ) as writer: assert writer.book.write_only is True DataFrame().to_excel(writer) def test_write_only_not_set_in_append_mode(self, tmp_excel): DataFrame().to_excel(tmp_excel, engine=""openpyxl"") with ExcelWriter(tmp_excel, engine=""openpyxl"", mode=""a"") as writer: assert writer.book.write_only is False DataFrame().to_excel(writer, sheet_name=""Sheet2"") def test_write_only_roundtrip(self, tmp_excel): df = DataFrame({""col1"": [1, 2, 3], ""col2"": [""a"", ""b"", ""c""]}) df.to_excel( tmp_excel, engine=""openpyxl"", engine_kwargs={""write_only"": True}, index=False, ) result = pd.read_excel(tmp_excel, engine=""openpyxl"") tm.assert_frame_equal(result, df) def test_write_only_multiple_sheets(self, tmp_excel): df1 = DataFrame({""a"": [1, 2]}) df2 = DataFrame({""b"": [3, 4]}) with ExcelWriter( tmp_excel, engine=""openpyxl"", engine_kwargs={""write_only"": True} ) as writer: df1.to_excel(writer, sheet_name=""one"", index=False) df2.to_excel(writer, sheet_name=""two"", index=False) result1 = pd.read_excel(tmp_excel, sheet_name=""one"", engine=""openpyxl"") result2 = pd.read_excel(tmp_excel, sheet_name=""two"", engine=""openpyxl"") tm.assert_frame_equal(result1, df1) tm.assert_frame_equal(result2, df2) def test_write_only_freeze_panes(self, tmp_excel): df = DataFrame({""a"": [1, 2], ""b"": [3, 4]}) df.to_excel( tmp_excel, engine=""openpyxl"", engine_kwargs={""write_only"": True}, freeze_panes=(1, 1), ) wb = openpyxl.load_workbook(tmp_excel) ws = wb.active assert ws.freeze_panes == ""B2"" def test_write_only_merge_cells(self, tmp_excel): df = DataFrame( [[1, 2]], columns=pd.MultiIndex.from_tuples([(""a"", ""x""), (""a"", ""y"")]), ) df.to_excel( tmp_excel, engine=""openpyxl"", engine_kwargs={""write_only"": True}, ) wb = openpyxl.load_workbook(tmp_excel) ws = wb.active assert len(ws.merged_cells.ranges) > 0 def test_write_only_styling(self, tmp_excel): from pandas.io.formats.excel import ExcelCell styled_cells = [ ExcelCell( row=0, col=0, val=""styled"", style={""font"": {""bold"": True, ""color"": ""00FF0000""}}, ), ] with _OpenpyxlWriter(tmp_excel, engine_kwargs={""write_only"": True}) as writer: writer._write_cells(styled_cells, sheet_name=""Sheet1"") wb = openpyxl.load_workbook(tmp_excel) ws = wb[""Sheet1""] cell = ws[""A1""] assert cell.value == ""styled"" assert cell.font.bold is True assert cell.font.color.rgb == ""00FF0000"" def test_write_only_startrow_startcol(self, tmp_excel): df = DataFrame({""a"": [1]}) df.to_excel( tmp_excel, engine=""openpyxl"", engine_kwargs={""write_only"": True}, startrow=3, startcol=2, index=False, ) wb = openpyxl.load_workbook(tmp_excel) ws = wb.active assert ws.cell(row=4, column=3).value == ""a"" assert ws.cell(row=5, column=3).value == 1 assert ws.cell(row=1, column=1).value is None",1,10,1,0,0,3227
pandas-dev/pandas,0fca9048632f5318b0e833ceef37603d6fdc8695,"BUG: reject unhashable elements in Index constructor (#64798)

Co-authored-by: Claude Opus 4.6 (1M context) <noreply@anthropic.com>",pandas/core/arrays/datetimelike.py,"@@ -760,15 +760,17 @@ def fillna(self, value, limit: int | None = None, copy: bool = True) -> Self:
 
     @ravel_compat
     def map(self, mapper, na_action: Literal[""ignore""] | None = None):
-        from pandas import Index
+        from pandas import (
+            Index,
+            MultiIndex,
+        )
 
         result = map_array(self, mapper, na_action=na_action)
-        result = Index(result)
-
-        if isinstance(result, ABCMultiIndex):
+        if isinstance(result, MultiIndex):
             return result.to_numpy()
-        else:
-            return result.array
+        if isinstance(result, Index):
+            result = result._data
+        return self._cast_pointwise_result(result)
 
     def isin(self, values: ArrayLike) -> npt.NDArray[np.bool_]:
         """"""",14,1,"@@ -760,15 +760,17 @@ def fillna(self, value, limit: int | None = None, copy: bool = True) -> Self: @ravel_compat def map(self, mapper, na_action: Literal[""ignore""] | None = None): from pandas import Index from pandas import ( Index, MultiIndex, ) result = map_array(self, mapper, na_action=na_action) result = Index(result) if isinstance(result, ABCMultiIndex): if isinstance(result, MultiIndex): return result.to_numpy() else: return result.array if isinstance(result, Index): result = result._data return self._cast_pointwise_result(result) def isin(self, values: ArrayLike) -> npt.NDArray[np.bool_]: """"""",1,3,0,3,0,607
pandas-dev/pandas,0fca9048632f5318b0e833ceef37603d6fdc8695,"BUG: reject unhashable elements in Index constructor (#64798)

Co-authored-by: Claude Opus 4.6 (1M context) <noreply@anthropic.com>",pandas/core/indexes/base.py,"@@ -576,6 +576,11 @@ def __new__(
             if ""Data must be 1-dimensional"" in str(err):
                 raise ValueError(""Index data must be 1-dimensional"") from err
             raise
+
+        if isinstance(arr, np.ndarray) and arr.dtype == np.object_:
+            # GH#20285 reject unhashable elements (e.g. list, dict, set)
+            lib.check_all_hashable(arr)
+
         arr = ensure_wrapped_if_datetimelike(arr)  # type: ignore[no-untyped-call]
 
         klass = cls._dtype_to_subclass(arr.dtype)",5,1,"@@ -576,6 +576,11 @@ def __new__( if ""Data must be 1-dimensional"" in str(err): raise ValueError(""Index data must be 1-dimensional"") from err raise if isinstance(arr, np.ndarray) and arr.dtype == np.object_: lib.check_all_hashable(arr) arr = ensure_wrapped_if_datetimelike(arr) klass = cls._dtype_to_subclass(arr.dtype)",1,1,0,2,0,318
pandas-dev/pandas,0fca9048632f5318b0e833ceef37603d6fdc8695,"BUG: reject unhashable elements in Index constructor (#64798)

Co-authored-by: Claude Opus 4.6 (1M context) <noreply@anthropic.com>",pandas/core/reshape/melt.py,"@@ -562,7 +562,9 @@ def wide_to_long(
     ...     set(
     ...         [
     ...             match[0]
-    ...             for match in df.columns.str.findall(r""[A-B]\(.*\)"").values
+    ...             for match in df.columns.to_series()
+    ...             .str.findall(r""[A-B]\(.*\)"")
+    ...             .values
     ...             if match != []
     ...         ]
     ...     )",4,1,"@@ -562,7 +562,9 @@ def wide_to_long( ... set( ... [ ... match[0] ... for match in df.columns.str.findall(r""[A-B]\(.*\)"").values ... for match in df.columns.to_series() ... .str.findall(r""[A-B]\(.*\)"") ... .values ... if match != [] ... ] ... )",1,1,2,1,0,244
pandas-dev/pandas,0fca9048632f5318b0e833ceef37603d6fdc8695,"BUG: reject unhashable elements in Index constructor (#64798)

Co-authored-by: Claude Opus 4.6 (1M context) <noreply@anthropic.com>",pandas/tests/extension/json/test_json.py,"@@ -199,11 +199,14 @@ def test_ffill_limit_area(
                 data_missing, limit_area, input_ilocs, expected_ilocs
             )
 
-    def test_value_counts(self, all_data, dropna, request):
-        if len(all_data) == 10 or dropna:
-            request.applymarker(unhashable)
+    @unhashable
+    def test_value_counts(self, all_data, dropna):
         super().test_value_counts(all_data, dropna)
 
+    @unhashable
+    def test_value_counts_with_normalize(self, data):
+        super().test_value_counts_with_normalize(data)
+
     @unhashable
     def test_sort_values_frame(self):
         # TODO (EA.factorize): see if _values_for_factorize allows this.",9,1,"@@ -199,11 +199,14 @@ def test_ffill_limit_area( data_missing, limit_area, input_ilocs, expected_ilocs ) def test_value_counts(self, all_data, dropna, request): if len(all_data) == 10 or dropna: request.applymarker(unhashable) @unhashable def test_value_counts(self, all_data, dropna): super().test_value_counts(all_data, dropna) @unhashable def test_value_counts_with_normalize(self, data): super().test_value_counts_with_normalize(data) @unhashable def test_sort_values_frame(self):",1,5,0,1,0,484
pandas-dev/pandas,0fca9048632f5318b0e833ceef37603d6fdc8695,"BUG: reject unhashable elements in Index constructor (#64798)

Co-authored-by: Claude Opus 4.6 (1M context) <noreply@anthropic.com>",pandas/tests/frame/methods/test_describe.py,"@@ -352,14 +352,12 @@ def test_describe_percentiles_integer_idx(self):
         )
         tm.assert_frame_equal(result, expected)
 
-    def test_describe_does_not_raise_error_for_dictlike_elements(self):
+    def test_describe_raises_for_dictlike_elements(self):
         # GH#32409
+        # GH#20285 - unhashable elements in Index are rejected
         df = DataFrame([{""test"": {""a"": ""1""}}, {""test"": {""a"": ""2""}}])
-        expected = DataFrame(
-            {""test"": [2, 2, {""a"": ""1""}, 1]}, index=[""count"", ""unique"", ""top"", ""freq""]
-        )
-        result = df.describe()
-        tm.assert_frame_equal(result, expected)
+        with pytest.raises(TypeError, match=""unhashable type""):
+            df.describe()
 
     @pytest.mark.parametrize(""exclude"", [""x"", ""y"", [""x"", ""y""], [""x"", ""z""]])
     def test_describe_when_include_all_exclude_not_allowed(self, exclude):",10,1,"@@ -352,14 +352,12 @@ def test_describe_percentiles_integer_idx(self): ) tm.assert_frame_equal(result, expected) def test_describe_does_not_raise_error_for_dictlike_elements(self): def test_describe_raises_for_dictlike_elements(self): df = DataFrame([{""test"": {""a"": ""1""}}, {""test"": {""a"": ""2""}}]) expected = DataFrame( {""test"": [2, 2, {""a"": ""1""}, 1]}, index=[""count"", ""unique"", ""top"", ""freq""] ) result = df.describe() tm.assert_frame_equal(result, expected) with pytest.raises(TypeError, match=""unhashable type""): df.describe() @pytest.mark.parametrize(""exclude"", [""x"", ""y"", [""x"", ""y""], [""x"", ""z""]]) def test_describe_when_include_all_exclude_not_allowed(self, exclude):",1,4,0,0,0,669
pandas-dev/pandas,0fca9048632f5318b0e833ceef37603d6fdc8695,"BUG: reject unhashable elements in Index constructor (#64798)

Co-authored-by: Claude Opus 4.6 (1M context) <noreply@anthropic.com>",pandas/tests/frame/methods/test_set_index.py,"@@ -716,17 +716,12 @@ def __str__(self) -> str:
 
         thing1 = Thing(""One"", ""red"")
         thing2 = Thing(""Two"", ""blue"")
-        df = DataFrame([[0, 2], [1, 3]], columns=[thing1, thing2])
-
-        msg = 'The parameter ""keys"" may be a column key, .*'
-
-        with pytest.raises(TypeError, match=msg):
-            # use custom label directly
-            df.set_index(thing2)
 
+        # GH#20285 unhashable elements are now rejected at Index construction,
+        # so the DataFrame cannot even be created with unhashable columns.
+        msg = ""unhashable type: 'Thing'""
         with pytest.raises(TypeError, match=msg):
-            # custom label wrapped in list
-            df.set_index([thing2])
+            DataFrame([[0, 2], [1, 3]], columns=[thing1, thing2])
 
     def test_set_index_periodindex(self):
         # GH#6631",13,1,"@@ -716,17 +716,12 @@ def __str__(self) -> str: thing1 = Thing(""One"", ""red"") thing2 = Thing(""Two"", ""blue"") df = DataFrame([[0, 2], [1, 3]], columns=[thing1, thing2]) msg = 'The parameter ""keys"" may be a column key, .*' with pytest.raises(TypeError, match=msg): df.set_index(thing2) msg = ""unhashable type: 'Thing'"" with pytest.raises(TypeError, match=msg): df.set_index([thing2]) DataFrame([[0, 2], [1, 3]], columns=[thing1, thing2]) def test_set_index_periodindex(self):",1,2,0,0,0,471
pandas-dev/pandas,0fca9048632f5318b0e833ceef37603d6fdc8695,"BUG: reject unhashable elements in Index constructor (#64798)

Co-authored-by: Claude Opus 4.6 (1M context) <noreply@anthropic.com>",pandas/tests/frame/test_repr.py,"@@ -67,10 +67,10 @@ def test_assign_index_sequences(self):
         df.index = index
         repr(df)
 
-        # this travels an improper code path
+        # GH#20285 unhashable elements (list) are now rejected
         index[0] = [""faz"", ""boo""]
-        df.index = index
-        repr(df)
+        with pytest.raises(TypeError, match=""unhashable type""):
+            df.index = index
 
     def test_repr_with_mi_nat(self):
         df = DataFrame({""X"": [1, 2]}, index=[[NaT, Timestamp(""20130101"")], [""a"", ""b""]])",6,1,"@@ -67,10 +67,10 @@ def test_assign_index_sequences(self): df.index = index repr(df) index[0] = [""faz"", ""boo""] df.index = index repr(df) with pytest.raises(TypeError, match=""unhashable type""): df.index = index def test_repr_with_mi_nat(self): df = DataFrame({""X"": [1, 2]}, index=[[NaT, Timestamp(""20130101"")], [""a"", ""b""]])",1,2,0,0,0,322
pandas-dev/pandas,0fca9048632f5318b0e833ceef37603d6fdc8695,"BUG: reject unhashable elements in Index constructor (#64798)

Co-authored-by: Claude Opus 4.6 (1M context) <noreply@anthropic.com>",pandas/tests/indexes/test_base.py,"@@ -1071,8 +1071,22 @@ def test_str_attribute_raises(self, index):
     @pytest.mark.parametrize(
         ""expand,expected"",
         [
-            (None, Index([[""a"", ""b"", ""c""], [""d"", ""e""], [""f""]])),
-            (False, Index([[""a"", ""b"", ""c""], [""d"", ""e""], [""f""]])),
+            pytest.param(
+                None,
+                None,
+                marks=pytest.mark.xfail(
+                    reason=""GH#20285 str.split on Index returns unhashable ""
+                    ""list elements""
+                ),
+            ),
+            pytest.param(
+                False,
+                None,
+                marks=pytest.mark.xfail(
+                    reason=""GH#20285 str.split on Index returns unhashable ""
+                    ""list elements""
+                ),
+            ),
             (
                 True,
                 MultiIndex.from_tuples(
@@ -1723,6 +1737,16 @@ def test_validate_1d_input(dtype):
     with pytest.raises(ValueError, match=msg):
         Index(df, dtype=dtype)
 
+    # GH#20285 unhashable elements should be rejected
+    with pytest.raises(TypeError, match=""unhashable type""):
+        Index([[1, 2], [3, 4]])
+
+    with pytest.raises(TypeError, match=""unhashable type""):
+        Index([1, [2, 3]])
+
+    with pytest.raises(TypeError, match=""unhashable type""):
+        Index([{""a"": 1}])
+
     # GH#13601 trying to assign a multi-dimensional array to an index is not allowed
     ser = Series(0, range(4))
     with pytest.raises(ValueError, match=msg):",28,1,"@@ -1071,8 +1071,22 @@ def test_str_attribute_raises(self, index): @pytest.mark.parametrize( ""expand,expected"", [ (None, Index([[""a"", ""b"", ""c""], [""d"", ""e""], [""f""]])), (False, Index([[""a"", ""b"", ""c""], [""d"", ""e""], [""f""]])), pytest.param( None, None, marks=pytest.mark.xfail( reason=""GH ""list elements"" ), ), pytest.param( False, None, marks=pytest.mark.xfail( reason=""GH ""list elements"" ), ), ( True, MultiIndex.from_tuples( @@ -1723,6 +1737,16 @@ def test_validate_1d_input(dtype): with pytest.raises(ValueError, match=msg): Index(df, dtype=dtype) with pytest.raises(TypeError, match=""unhashable type""): Index([[1, 2], [3, 4]]) with pytest.raises(TypeError, match=""unhashable type""): Index([1, [2, 3]]) with pytest.raises(TypeError, match=""unhashable type""): Index([{""a"": 1}]) ser = Series(0, range(4)) with pytest.raises(ValueError, match=msg):",1,2,0,0,0,843
pandas-dev/pandas,0fca9048632f5318b0e833ceef37603d6fdc8695,"BUG: reject unhashable elements in Index constructor (#64798)

Co-authored-by: Claude Opus 4.6 (1M context) <noreply@anthropic.com>",pandas/tests/strings/test_api.py,"@@ -159,6 +159,20 @@ def test_api_per_method(
         mark = pytest.mark.xfail(raises=raises, reason=reason)
         request.applymarker(mark)
 
+    if (
+        box is Index
+        and method_name in (""findall"", ""split"", ""rsplit"")
+        and not kwargs.get(""expand"", False)
+        and values.size > 0
+        and inferred_dtype not in (""bytes"", ""empty"")
+    ):
+        mark = pytest.mark.xfail(
+            raises=TypeError,
+            reason=""GH#20285 returns unhashable list elements in Index"",
+            strict=False,
+        )
+        request.applymarker(mark)
+
     t = box(values, dtype=dtype)  # explicit dtype to avoid casting
     method = getattr(t.str, method_name)
 ",14,1,"@@ -159,6 +159,20 @@ def test_api_per_method( mark = pytest.mark.xfail(raises=raises, reason=reason) request.applymarker(mark) if ( box is Index and method_name in (""findall"", ""split"", ""rsplit"") and not kwargs.get(""expand"", False) and values.size > 0 and inferred_dtype not in (""bytes"", ""empty"") ): mark = pytest.mark.xfail( raises=TypeError, reason=""GH strict=False, ) request.applymarker(mark) t = box(values, dtype=dtype) method = getattr(t.str, method_name)",1,1,0,1,0,461
pandas-dev/pandas,0fca9048632f5318b0e833ceef37603d6fdc8695,"BUG: reject unhashable elements in Index constructor (#64798)

Co-authored-by: Claude Opus 4.6 (1M context) <noreply@anthropic.com>",pandas/tests/strings/test_split_partition.py,"@@ -452,13 +452,16 @@ def test_split_with_name_series(any_string_dtype):
     tm.assert_frame_equal(res, exp)
 
 
+@pytest.mark.xfail(
+    reason=""GH#20285 str.split on Index returns unhashable list elements""
+)
 def test_split_with_name_index():
     # GH 12617
     idx = Index([""a,b"", ""c,d""], name=""xxx"")
     res = idx.str.split("","")
-    exp = Index([[""a"", ""b""], [""c"", ""d""]], name=""xxx"")
     assert res.nlevels == 1
-    tm.assert_index_equal(res, exp)
+    assert list(res) == [[""a"", ""b""], [""c"", ""d""]]
+    assert res.name == ""xxx""
 
     res = idx.str.split("","", expand=True)
     exp = MultiIndex.from_tuples([(""a"", ""b""), (""c"", ""d"")])",7,1,"@@ -452,13 +452,16 @@ def test_split_with_name_series(any_string_dtype): tm.assert_frame_equal(res, exp) @pytest.mark.xfail( reason=""GH ) def test_split_with_name_index(): idx = Index([""a,b"", ""c,d""], name=""xxx"") res = idx.str.split("","") exp = Index([[""a"", ""b""], [""c"", ""d""]], name=""xxx"") assert res.nlevels == 1 tm.assert_index_equal(res, exp) assert list(res) == [[""a"", ""b""], [""c"", ""d""]] assert res.name == ""xxx"" res = idx.str.split("","", expand=True) exp = MultiIndex.from_tuples([(""a"", ""b""), (""c"", ""d"")])",1,2,0,0,0,505
pandas-dev/pandas,20bd243b5df8d5a499fb0c01d04b9c8326b6fc30,CI: test with last few released versions for numpy and pyarrow (#64165),pandas/tests/extension/test_arrow.py,"@@ -3991,3 +3991,11 @@ def test_timestamp_reduction_consistency(unit, method):
         f""{method} for {unit} returned {type(result)}""
     )
     assert result.unit == unit
+
+
+def test_fillna_zero():
+    # https://github.com/pandas-dev/pandas/issues/62878 - specific pyarrow bug
+    ser = pd.Series([1, 2, 3, 4, pd.NA, 6], dtype=""int64[pyarrow]"")
+    result = ser.fillna(0)
+    expected = pd.Series([1, 2, 3, 4, 0, 6], dtype=""int64[pyarrow]"")
+    tm.assert_series_equal(result, expected)",8,0,"@@ -3991,3 +3991,11 @@ def test_timestamp_reduction_consistency(unit, method): f""{method} for {unit} returned {type(result)}"" ) assert result.unit == unit def test_fillna_zero(): ser = pd.Series([1, 2, 3, 4, pd.NA, 6], dtype=""int64[pyarrow]"") result = ser.fillna(0) expected = pd.Series([1, 2, 3, 4, 0, 6], dtype=""int64[pyarrow]"") tm.assert_series_equal(result, expected)",1,2,1,0,0,371
pandas-dev/pandas,20bd243b5df8d5a499fb0c01d04b9c8326b6fc30,CI: test with last few released versions for numpy and pyarrow (#64165),pandas/tests/frame/methods/test_drop_duplicates.py,"@@ -514,3 +514,14 @@ def test_drop_duplicates_set():
     result = df.drop_duplicates({""AAA"", ""B""}, keep=False)
     expected = df.loc[[0]]
     tm.assert_frame_equal(result, expected)
+
+
+def test_drop_duplicates_with_empty_missing():
+    # https://github.com/pandas-dev/pandas/issues/62611 - specific bug with pyarrow
+    df = DataFrame(data={""A"": [""a"", ""b"", """", ""a"", None, ""b""]})
+    df[""B""] = ""b""
+    result = df.drop_duplicates()
+    expected = DataFrame(
+        data={""A"": [""a"", ""b"", """", None], ""B"": [""b"", ""b"", ""b"", ""b""]}, index=[0, 1, 2, 4]
+    )
+    tm.assert_frame_equal(result, expected)",11,0,"@@ -514,3 +514,14 @@ def test_drop_duplicates_set(): result = df.drop_duplicates({""AAA"", ""B""}, keep=False) expected = df.loc[[0]] tm.assert_frame_equal(result, expected) def test_drop_duplicates_with_empty_missing(): df = DataFrame(data={""A"": [""a"", ""b"", """", ""a"", None, ""b""]}) df[""B""] = ""b"" result = df.drop_duplicates() expected = DataFrame( data={""A"": [""a"", ""b"", """", None], ""B"": [""b"", ""b"", ""b"", ""b""]}, index=[0, 1, 2, 4] ) tm.assert_frame_equal(result, expected)",1,2,0,0,0,463
pandas-dev/pandas,01630127fd5bf6e3663b013acbe794b75b7dd3f0,"DOC: clarify that read_hdf only reads pandas-written HDF5 files (#65338)

Co-authored-by: Claude Opus 4.7 (1M context) <noreply@anthropic.com>",pandas/core/generic.py,"@@ -2683,6 +2683,13 @@ def to_hdf(
         In order to add another DataFrame or Series to an existing HDF file
         please use append mode and a different a key.
 
+        .. note::
+
+           Files produced by this method use a pandas-specific layout on top
+           of PyTables and are intended to be read back with :func:`read_hdf`
+           or :class:`HDFStore`. They are valid HDF5 files but are not a
+           general-purpose interchange format for arbitrary HDF5 consumers.
+
         .. warning::
 
            One can store a subclass of ``DataFrame`` or ``Series`` to HDF5,",7,0,"@@ -2683,6 +2683,13 @@ def to_hdf( In order to add another DataFrame or Series to an existing HDF file please use append mode and a different a key. .. note:: Files produced by this method use a pandas-specific layout on top of PyTables and are intended to be read back with :func:`read_hdf` or :class:`HDFStore`. They are valid HDF5 files but are not a general-purpose interchange format for arbitrary HDF5 consumers. .. warning:: One can store a subclass of ``DataFrame`` or ``Series`` to HDF5,",1,1,1,0,0,496
pandas-dev/pandas,01630127fd5bf6e3663b013acbe794b75b7dd3f0,"DOC: clarify that read_hdf only reads pandas-written HDF5 files (#65338)

Co-authored-by: Claude Opus 4.7 (1M context) <noreply@anthropic.com>",pandas/io/pytables.py,"@@ -355,6 +355,14 @@ def read_hdf(
     criteria. This function requires the
     `PyTables <https://www.pytables.org/>`_ library.
 
+    .. note::
+
+       This function only reads HDF5 files written by pandas (via
+       :meth:`DataFrame.to_hdf`, :meth:`Series.to_hdf`, or :class:`HDFStore`),
+       which use a pandas-specific layout built on PyTables. Arbitrary HDF5
+       files produced by other tools such as ``h5py`` or plain PyTables are
+       not supported; use those libraries directly to read such files.
+
     .. warning::
 
        Pandas uses PyTables for reading and writing HDF5 files, which allows
@@ -519,6 +527,13 @@ class HDFStore:
 
     Either Fixed or Table format.
 
+    .. note::
+
+       ``HDFStore`` uses a pandas-specific layout on top of PyTables and is
+       intended for round-tripping pandas objects. It cannot read arbitrary
+       HDF5 files produced by other tools such as ``h5py`` or plain PyTables;
+       use those libraries directly for general HDF5 interoperability.
+
     .. warning::
 
        Pandas uses PyTables for reading and writing HDF5 files, which allows",15,0,"@@ -355,6 +355,14 @@ def read_hdf( criteria. This function requires the `PyTables <https://www.pytables.org/>`_ library. .. note:: This function only reads HDF5 files written by pandas (via :meth:`DataFrame.to_hdf`, :meth:`Series.to_hdf`, or :class:`HDFStore`), which use a pandas-specific layout built on PyTables. Arbitrary HDF5 files produced by other tools such as ``h5py`` or plain PyTables are not supported; use those libraries directly to read such files. .. warning:: Pandas uses PyTables for reading and writing HDF5 files, which allows @@ -519,6 +527,13 @@ class HDFStore: Either Fixed or Table format. .. note:: ``HDFStore`` uses a pandas-specific layout on top of PyTables and is intended for round-tripping pandas objects. It cannot read arbitrary HDF5 files produced by other tools such as ``h5py`` or plain PyTables; use those libraries directly for general HDF5 interoperability. .. warning:: Pandas uses PyTables for reading and writing HDF5 files, which allows",1,1,4,0,0,979
pandas-dev/pandas,8985f92c1a17ec831b4815715b69de8ea0a8f624,"CI: fix numpy nightly DeprecationWarning for generic-unit datetime64/timedelta64 (#65340)

Co-authored-by: Claude Opus 4.7 (1M context) <noreply@anthropic.com>",pandas/core/internals/concat.py,"@@ -409,7 +409,7 @@ def _dtype_to_na_value(dtype: DtypeObj, has_none_blocks: bool):
     if isinstance(dtype, ExtensionDtype):
         return dtype.na_value
     elif dtype.kind in ""mM"":
-        return dtype.type(""NaT"")
+        return dtype.type(""NaT"", np.datetime_data(dtype)[0])
     elif dtype.kind in ""fc"":
         return dtype.type(""NaN"")
     elif dtype.kind == ""b"":",2,1,"@@ -409,7 +409,7 @@ def _dtype_to_na_value(dtype: DtypeObj, has_none_blocks: bool): if isinstance(dtype, ExtensionDtype): return dtype.na_value elif dtype.kind in ""mM"": return dtype.type(""NaT"") return dtype.type(""NaT"", np.datetime_data(dtype)[0]) elif dtype.kind in ""fc"": return dtype.type(""NaN"") elif dtype.kind == ""b"":",1,1,0,4,0,320
pandas-dev/pandas,8985f92c1a17ec831b4815715b69de8ea0a8f624,"CI: fix numpy nightly DeprecationWarning for generic-unit datetime64/timedelta64 (#65340)

Co-authored-by: Claude Opus 4.7 (1M context) <noreply@anthropic.com>",pandas/tests/arithmetic/test_datetime64.py,"@@ -502,8 +502,8 @@ def test_dti_cmp_nat_behaves_like_float_cmp_nan(self):
             [
                 np.datetime64(""2014-02-01 00:00""),
                 np.datetime64(""2014-03-01 00:00""),
-                np.datetime64(""nat""),
-                np.datetime64(""nat""),
+                np.datetime64(""nat"", ""ns""),
+                np.datetime64(""nat"", ""ns""),
                 np.datetime64(""2014-06-01 00:00""),
                 np.datetime64(""2014-07-01 00:00""),
             ]",4,1,"@@ -502,8 +502,8 @@ def test_dti_cmp_nat_behaves_like_float_cmp_nan(self): [ np.datetime64(""2014-02-01 00:00""), np.datetime64(""2014-03-01 00:00""), np.datetime64(""nat""), np.datetime64(""nat""), np.datetime64(""nat"", ""ns""), np.datetime64(""nat"", ""ns""), np.datetime64(""2014-06-01 00:00""), np.datetime64(""2014-07-01 00:00""), ]",1,1,0,0,0,318
pandas-dev/pandas,8985f92c1a17ec831b4815715b69de8ea0a8f624,"CI: fix numpy nightly DeprecationWarning for generic-unit datetime64/timedelta64 (#65340)

Co-authored-by: Claude Opus 4.7 (1M context) <noreply@anthropic.com>",pandas/tests/arithmetic/test_timedelta64.py,"@@ -1088,8 +1088,13 @@ def test_td64arr_add_sub_datetimelike_scalar(
         with pytest.raises(TypeError, match=msg):
             tdarr - ts
 
+    @pytest.mark.filterwarnings(""ignore:.*generic.*unit.*:DeprecationWarning"")
     def test_td64arr_add_datetime64_nat(self, box_with_array):
         # GH#23215
+        # The bare np.datetime64(""NaT"") is load-bearing here: the expected
+        # M8[us] dtype comes from numpy's default unit promotion from the
+        # generic-unit scalar. NumPy nightly emits a DeprecationWarning for
+        # the bare form, which the filterwarnings marker ignores.
         other = np.datetime64(""NaT"")
 
         tdi = timedelta_range(""1 day"", periods=3)",5,1,"@@ -1088,8 +1088,13 @@ def test_td64arr_add_sub_datetimelike_scalar( with pytest.raises(TypeError, match=msg): tdarr - ts @pytest.mark.filterwarnings(""ignore:.*generic.*unit.*:DeprecationWarning"") def test_td64arr_add_datetime64_nat(self, box_with_array): other = np.datetime64(""NaT"") tdi = timedelta_range(""1 day"", periods=3)",1,2,0,0,0,326
pandas-dev/pandas,8985f92c1a17ec831b4815715b69de8ea0a8f624,"CI: fix numpy nightly DeprecationWarning for generic-unit datetime64/timedelta64 (#65340)

Co-authored-by: Claude Opus 4.7 (1M context) <noreply@anthropic.com>",pandas/tests/arrays/masked/test_indexing.py,"@@ -40,7 +40,7 @@ def _check_setitem_invalid(self, arr, invalid):
         ""1"",
         ""1.0"",
         pd.NaT,
-        np.datetime64(""NaT""),
+        np.datetime64(""NaT"", ""ns""),
         np.timedelta64(""NaT"", ""ns""),
     ]
 ",2,1,"@@ -40,7 +40,7 @@ def _check_setitem_invalid(self, arr, invalid): ""1"", ""1.0"", pd.NaT, np.datetime64(""NaT""), np.datetime64(""NaT"", ""ns""), np.timedelta64(""NaT"", ""ns""), ]",1,1,0,0,0,166
pandas-dev/pandas,8985f92c1a17ec831b4815715b69de8ea0a8f624,"CI: fix numpy nightly DeprecationWarning for generic-unit datetime64/timedelta64 (#65340)

Co-authored-by: Claude Opus 4.7 (1M context) <noreply@anthropic.com>",pandas/tests/arrays/test_timedeltas.py,"@@ -230,7 +230,7 @@ def test_setitem_objects(self, obj):
             1,
             np.int64(1),
             1.0,
-            np.datetime64(""NaT""),
+            np.datetime64(""NaT"", ""ns""),
             pd.Timestamp(""2021-01-01""),
             ""invalid"",
             np.arange(10, dtype=""i8"") * 24 * 3600 * 10**9,",2,1,"@@ -230,7 +230,7 @@ def test_setitem_objects(self, obj): 1, np.int64(1), 1.0, np.datetime64(""NaT""), np.datetime64(""NaT"", ""ns""), pd.Timestamp(""2021-01-01""), ""invalid"", np.arange(10, dtype=""i8"") * 24 * 3600 * 10**9,",1,1,0,0,0,213
pandas-dev/pandas,8985f92c1a17ec831b4815715b69de8ea0a8f624,"CI: fix numpy nightly DeprecationWarning for generic-unit datetime64/timedelta64 (#65340)

Co-authored-by: Claude Opus 4.7 (1M context) <noreply@anthropic.com>",pandas/tests/dtypes/test_inference.py,"@@ -1341,8 +1341,12 @@ def test_infer_dtype_datetime64_with_na(self, na_value):
             np.array([Timestamp(""2011-01-02""), np.datetime64(""2011-01-01"")]),
             np.array([np.nan, Timestamp(""2011-01-02""), 1.1]),
             np.array([np.nan, ""2011-01-01"", Timestamp(""2011-01-02"")], dtype=object),
-            np.array([np.datetime64(""nat""), np.timedelta64(1, ""D"")], dtype=object),
-            np.array([np.timedelta64(1, ""D""), np.datetime64(""nat"")], dtype=object),
+            np.array(
+                [np.datetime64(""nat"", ""ns""), np.timedelta64(1, ""D"")], dtype=object
+            ),
+            np.array(
+                [np.timedelta64(1, ""D""), np.datetime64(""nat"", ""ns"")], dtype=object
+            ),
         ],
     )
     def test_infer_datetimelike_dtype_mixed(self, arr):
@@ -1434,12 +1438,12 @@ def test_infer_dtype_period_array(self, index_or_series_or_array, skipna):
 
     def test_infer_dtype_period_mixed(self):
         arr = np.array(
-            [Period(""2011-01"", freq=""M""), np.datetime64(""nat"")], dtype=object
+            [Period(""2011-01"", freq=""M""), np.datetime64(""nat"", ""ns"")], dtype=object
         )
         assert lib.infer_dtype(arr, skipna=False) == ""mixed""
 
         arr = np.array(
-            [np.datetime64(""nat""), Period(""2011-01"", freq=""M"")], dtype=object
+            [np.datetime64(""nat"", ""ns""), Period(""2011-01"", freq=""M"")], dtype=object
         )
         assert lib.infer_dtype(arr, skipna=False) == ""mixed""
 
@@ -1495,14 +1499,14 @@ def test_infer_dtype_all_nan_nat_like(self):
         assert lib.infer_dtype(arr, skipna=False) == ""datetime""
 
         # np.datetime64(nat)
-        arr = np.array([np.datetime64(""nat"")])
+        arr = np.array([np.datetime64(""nat"", ""ns"")])
         assert lib.infer_dtype(arr, skipna=False) == ""datetime64""
 
         for n in [np.nan, pd.NaT, None]:
-            arr = np.array([n, np.datetime64(""nat""), n])
+            arr = np.array([n, np.datetime64(""nat"", ""ns""), n])
             assert lib.infer_dtype(arr, skipna=False) == ""datetime64""
 
-            arr = np.array([pd.NaT, n, np.datetime64(""nat""), n])
+            arr = np.array([pd.NaT, n, np.datetime64(""nat"", ""ns""), n])
             assert lib.infer_dtype(arr, skipna=False) == ""datetime64""
 
         arr = np.array([np.timedelta64(""NaT"", ""ns"")], dtype=object)
@@ -1517,17 +1521,17 @@ def test_infer_dtype_all_nan_nat_like(self):
 
         # datetime / timedelta mixed
         arr = np.array(
-            [pd.NaT, np.datetime64(""nat""), np.timedelta64(""NaT"", ""ns""), np.nan]
+            [pd.NaT, np.datetime64(""nat"", ""ns""), np.timedelta64(""NaT"", ""ns""), np.nan]
         )
         assert lib.infer_dtype(arr, skipna=False) == ""mixed""
 
         arr = np.array(
-            [np.timedelta64(""NaT"", ""ns""), np.datetime64(""nat"")], dtype=object
+            [np.timedelta64(""NaT"", ""ns""), np.datetime64(""nat"", ""ns"")], dtype=object
         )
         assert lib.infer_dtype(arr, skipna=False) == ""mixed""
 
     def test_is_datetimelike_array_all_nan_nat_like(self):
-        arr = np.array([np.nan, pd.NaT, np.datetime64(""nat"")])
+        arr = np.array([np.nan, pd.NaT, np.datetime64(""nat"", ""ns"")])
         assert lib.is_datetime_array(arr)
         assert lib.is_datetime64_array(arr)
         assert not lib.is_timedelta_or_timedelta64_array(arr)
@@ -1538,7 +1542,7 @@ def test_is_datetimelike_array_all_nan_nat_like(self):
         assert lib.is_timedelta_or_timedelta64_array(arr)
 
         arr = np.array(
-            [np.nan, pd.NaT, np.datetime64(""nat""), np.timedelta64(""NaT"", ""ns"")]
+            [np.nan, pd.NaT, np.datetime64(""nat"", ""ns""), np.timedelta64(""NaT"", ""ns"")]
         )
         assert not lib.is_datetime_array(arr)
         assert not lib.is_datetime64_array(arr)
@@ -1652,7 +1656,8 @@ def test_is_string_array(self):
             np.array([""foo"", ""bar"", pd.NaT], dtype=object), skipna=True
         )
         assert not lib.is_string_array(
-            np.array([""foo"", ""bar"", np.datetime64(""NaT"")], dtype=object), skipna=True
+            np.array([""foo"", ""bar"", np.datetime64(""NaT"", ""ns"")], dtype=object),
+            skipna=True,
         )
         assert not lib.is_string_array(
             np.array([""foo"", ""bar"", Decimal(""NaN"")], dtype=object), skipna=True
@@ -2017,7 +2022,7 @@ def test_is_scalar_numpy_array_scalars(self):
             ""foobar"",
             np.datetime64(""2014-01-01""),
             np.timedelta64(1, ""h""),
-            np.datetime64(""NaT""),
+            np.datetime64(""NaT"", ""ns""),
         ],
     )
     def test_is_scalar_numpy_zerodim_arrays(self, zerodim):",31,1,"@@ -1341,8 +1341,12 @@ def test_infer_dtype_datetime64_with_na(self, na_value): np.array([Timestamp(""2011-01-02""), np.datetime64(""2011-01-01"")]), np.array([np.nan, Timestamp(""2011-01-02""), 1.1]), np.array([np.nan, ""2011-01-01"", Timestamp(""2011-01-02"")], dtype=object), np.array([np.datetime64(""nat""), np.timedelta64(1, ""D"")], dtype=object), np.array([np.timedelta64(1, ""D""), np.datetime64(""nat"")], dtype=object), np.array( [np.datetime64(""nat"", ""ns""), np.timedelta64(1, ""D"")], dtype=object ), np.array( [np.timedelta64(1, ""D""), np.datetime64(""nat"", ""ns"")], dtype=object ), ], ) def test_infer_datetimelike_dtype_mixed(self, arr): @@ -1434,12 +1438,12 @@ def test_infer_dtype_period_array(self, index_or_series_or_array, skipna): def test_infer_dtype_period_mixed(self): arr = np.array( [Period(""2011-01"", freq=""M""), np.datetime64(""nat"")], dtype=object [Period(""2011-01"", freq=""M""), np.datetime64(""nat"", ""ns"")], dtype=object ) assert lib.infer_dtype(arr, skipna=False) == ""mixed"" arr = np.array( [np.datetime64(""nat""), Period(""2011-01"", freq=""M"")], dtype=object [np.datetime64(""nat"", ""ns""), Period(""2011-01"", freq=""M"")], dtype=object ) assert lib.infer_dtype(arr, skipna=False) == ""mixed"" @@ -1495,14 +1499,14 @@ def test_infer_dtype_all_nan_nat_like(self): assert lib.infer_dtype(arr, skipna=False) == ""datetime"" arr = np.array([np.datetime64(""nat"")]) arr = np.array([np.datetime64(""nat"", ""ns"")]) assert lib.infer_dtype(arr, skipna=False) == ""datetime64"" for n in [np.nan, pd.NaT, None]: arr = np.array([n, np.datetime64(""nat""), n]) arr = np.array([n, np.datetime64(""nat"", ""ns""), n]) assert lib.infer_dtype(arr, skipna=False) == ""datetime64"" arr = np.array([pd.NaT, n, np.datetime64(""nat""), n]) arr = np.array([pd.NaT, n, np.datetime64(""nat"", ""ns""), n]) assert lib.infer_dtype(arr, skipna=False) == ""datetime64"" arr = np.array([np.timedelta64(""NaT"", ""ns"")], dtype=object) @@ -1517,17 +1521,17 @@ def test_infer_dtype_all_nan_nat_like(self): arr = np.array( [pd.NaT, np.datetime64(""nat""), np.timedelta64(""NaT"", ""ns""), np.nan] [pd.NaT, np.datetime64(""nat"", ""ns""), np.timedelta64(""NaT"", ""ns""), np.nan] ) assert lib.infer_dtype(arr, skipna=False) == ""mixed"" arr = np.array( [np.timedelta64(""NaT"", ""ns""), np.datetime64(""nat"")], dtype=object [np.timedelta64(""NaT"", ""ns""), np.datetime64(""nat"", ""ns"")], dtype=object ) assert lib.infer_dtype(arr, skipna=False) == ""mixed"" def test_is_datetimelike_array_all_nan_nat_like(self): arr = np.array([np.nan, pd.NaT, np.datetime64(""nat"")]) arr = np.array([np.nan, pd.NaT, np.datetime64(""nat"", ""ns"")]) assert lib.is_datetime_array(arr) assert lib.is_datetime64_array(arr) assert not lib.is_timedelta_or_timedelta64_array(arr) @@ -1538,7 +1542,7 @@ def test_is_datetimelike_array_all_nan_nat_like(self): assert lib.is_timedelta_or_timedelta64_array(arr) arr = np.array( [np.nan, pd.NaT, np.datetime64(""nat""), np.timedelta64(""NaT"", ""ns"")] [np.nan, pd.NaT, np.datetime64(""nat"", ""ns""), np.timedelta64(""NaT"", ""ns"")] ) assert not lib.is_datetime_array(arr) assert not lib.is_datetime64_array(arr) @@ -1652,7 +1656,8 @@ def test_is_string_array(self): np.array([""foo"", ""bar"", pd.NaT], dtype=object), skipna=True ) assert not lib.is_string_array( np.array([""foo"", ""bar"", np.datetime64(""NaT"")], dtype=object), skipna=True np.array([""foo"", ""bar"", np.datetime64(""NaT"", ""ns"")], dtype=object), skipna=True, ) assert not lib.is_string_array( np.array([""foo"", ""bar"", Decimal(""NaN"")], dtype=object), skipna=True @@ -2017,7 +2022,7 @@ def test_is_scalar_numpy_array_scalars(self): ""foobar"", np.datetime64(""2014-01-01""), np.timedelta64(1, ""h""), np.datetime64(""NaT""), np.datetime64(""NaT"", ""ns""), ], ) def test_is_scalar_numpy_zerodim_arrays(self, zerodim):",1,11,1,0,0,3669
pandas-dev/pandas,8985f92c1a17ec831b4815715b69de8ea0a8f624,"CI: fix numpy nightly DeprecationWarning for generic-unit datetime64/timedelta64 (#65340)

Co-authored-by: Claude Opus 4.7 (1M context) <noreply@anthropic.com>",pandas/tests/dtypes/test_missing.py,"@@ -160,7 +160,7 @@ def test_isna_numpy_nat(self):
         arr = np.array(
             [
                 NaT,
-                np.datetime64(""NaT""),
+                np.datetime64(""NaT"", ""ns""),
                 np.timedelta64(""NaT"", ""ns""),
                 np.datetime64(""NaT"", ""s""),
             ]
@@ -766,7 +766,7 @@ def test_empty_like(self):
         np.float32(""NaN""),
         np.complex64(np.nan),
         np.complex128(np.nan),
-        np.datetime64(""NaT""),
+        np.datetime64(""NaT"", ""ns""),
         np.timedelta64(""NaT"", ""ns""),
     ]
     + [np.datetime64(""NaT"", unit) for unit in m8_units]  # type: ignore[call-overload]",4,1,"@@ -160,7 +160,7 @@ def test_isna_numpy_nat(self): arr = np.array( [ NaT, np.datetime64(""NaT""), np.datetime64(""NaT"", ""ns""), np.timedelta64(""NaT"", ""ns""), np.datetime64(""NaT"", ""s""), ] @@ -766,7 +766,7 @@ def test_empty_like(self): np.float32(""NaN""), np.complex64(np.nan), np.complex128(np.nan), np.datetime64(""NaT""), np.datetime64(""NaT"", ""ns""), np.timedelta64(""NaT"", ""ns""), ] + [np.datetime64(""NaT"", unit) for unit in m8_units]",1,2,1,0,0,425
pandas-dev/pandas,8985f92c1a17ec831b4815715b69de8ea0a8f624,"CI: fix numpy nightly DeprecationWarning for generic-unit datetime64/timedelta64 (#65340)

Co-authored-by: Claude Opus 4.7 (1M context) <noreply@anthropic.com>",pandas/tests/frame/indexing/test_indexing.py,"@@ -1134,7 +1134,7 @@ def test_loc_setitem_datetimelike_with_inference(self):
         df[""F""] = np.timedelta64(""NaT"", ""ns"")
         df.loc[df.index[:-1], ""F""] = np.array([6 * one_hour] * 3, dtype=""m8[ns]"")
         df.loc[df.index[-3] :, ""G""] = date_range(""20130101"", periods=3, unit=""ns"")
-        df[""H""] = np.datetime64(""NaT"")
+        df[""H""] = np.datetime64(""NaT"", ""ns"")
         result = df.dtypes
         expected = Series(
             [np.dtype(""timedelta64[ns]"")] * 6 + [np.dtype(""datetime64[ns]"")] * 2,
@@ -1918,7 +1918,7 @@ def _check_setitem_valid(self, df, value, indexer):
         ""1"",
         ""1.0"",
         pd.NaT,
-        np.datetime64(""NaT""),
+        np.datetime64(""NaT"", ""ns""),
         np.timedelta64(""NaT"", ""ns""),
     ]
     _indexers = [0, [0], slice(0, 1), [True, False, False], slice(None, None, None)]",4,1,"@@ -1134,7 +1134,7 @@ def test_loc_setitem_datetimelike_with_inference(self): df[""F""] = np.timedelta64(""NaT"", ""ns"") df.loc[df.index[:-1], ""F""] = np.array([6 * one_hour] * 3, dtype=""m8[ns]"") df.loc[df.index[-3] :, ""G""] = date_range(""20130101"", periods=3, unit=""ns"") df[""H""] = np.datetime64(""NaT"") df[""H""] = np.datetime64(""NaT"", ""ns"") result = df.dtypes expected = Series( [np.dtype(""timedelta64[ns]"")] * 6 + [np.dtype(""datetime64[ns]"")] * 2, @@ -1918,7 +1918,7 @@ def _check_setitem_valid(self, df, value, indexer): ""1"", ""1.0"", pd.NaT, np.datetime64(""NaT""), np.datetime64(""NaT"", ""ns""), np.timedelta64(""NaT"", ""ns""), ] _indexers = [0, [0], slice(0, 1), [True, False, False], slice(None, None, None)]",1,2,0,0,0,696
pandas-dev/pandas,8985f92c1a17ec831b4815715b69de8ea0a8f624,"CI: fix numpy nightly DeprecationWarning for generic-unit datetime64/timedelta64 (#65340)

Co-authored-by: Claude Opus 4.7 (1M context) <noreply@anthropic.com>",pandas/tests/frame/methods/test_rank.py,"@@ -388,7 +388,7 @@ def test_rank_inf_and_nan(self, contents, dtype, frame_or_series):
             ""float64"": np.nan,
             ""float32"": np.nan,
             ""object"": None,
-            ""datetime64"": np.datetime64(""nat""),
+            ""datetime64"": np.datetime64(""nat"", ""ns""),
         }
         # Insert nans at random positions if underlying dtype has missing
         # value. Then adjust the expected order by adding nans accordingly",2,1,"@@ -388,7 +388,7 @@ def test_rank_inf_and_nan(self, contents, dtype, frame_or_series): ""float64"": np.nan, ""float32"": np.nan, ""object"": None, ""datetime64"": np.datetime64(""nat""), ""datetime64"": np.datetime64(""nat"", ""ns""), }",1,1,0,0,0,220
pandas-dev/pandas,8985f92c1a17ec831b4815715b69de8ea0a8f624,"CI: fix numpy nightly DeprecationWarning for generic-unit datetime64/timedelta64 (#65340)

Co-authored-by: Claude Opus 4.7 (1M context) <noreply@anthropic.com>",pandas/tests/frame/test_constructors.py,"@@ -2038,11 +2038,11 @@ def test_constructor_with_datetimes6(self):
         [
             np.array([None, None, None, None, datetime.now(), None]),
             np.array([None, None, datetime.now(), None]),
-            [[np.datetime64(""NaT"")], [None]],
-            [[np.datetime64(""NaT"")], [pd.NaT]],
-            [[None], [np.datetime64(""NaT"")]],
+            [[np.datetime64(""NaT"", ""ns"")], [None]],
+            [[np.datetime64(""NaT"", ""ns"")], [pd.NaT]],
+            [[None], [np.datetime64(""NaT"", ""ns"")]],
             [[None], [pd.NaT]],
-            [[pd.NaT], [np.datetime64(""NaT"")]],
+            [[pd.NaT], [np.datetime64(""NaT"", ""ns"")]],
             [[pd.NaT], [None]],
         ],
     )",8,1,"@@ -2038,11 +2038,11 @@ def test_constructor_with_datetimes6(self): [ np.array([None, None, None, None, datetime.now(), None]), np.array([None, None, datetime.now(), None]), [[np.datetime64(""NaT"")], [None]], [[np.datetime64(""NaT"")], [pd.NaT]], [[None], [np.datetime64(""NaT"")]], [[np.datetime64(""NaT"", ""ns"")], [None]], [[np.datetime64(""NaT"", ""ns"")], [pd.NaT]], [[None], [np.datetime64(""NaT"", ""ns"")]], [[None], [pd.NaT]], [[pd.NaT], [np.datetime64(""NaT"")]], [[pd.NaT], [np.datetime64(""NaT"", ""ns"")]], [[pd.NaT], [None]], ], )",1,1,0,0,0,522
pandas-dev/pandas,8985f92c1a17ec831b4815715b69de8ea0a8f624,"CI: fix numpy nightly DeprecationWarning for generic-unit datetime64/timedelta64 (#65340)

Co-authored-by: Claude Opus 4.7 (1M context) <noreply@anthropic.com>",pandas/tests/groupby/methods/test_nth.py,"@@ -634,14 +634,14 @@ def test_first_categorical_and_datetime_data_nat():
     df = DataFrame(
         {
             ""group"": [""first"", ""first"", ""second"", ""third"", ""third""],
-            ""time"": 5 * [np.datetime64(""NaT"")],
+            ""time"": 5 * [np.datetime64(""NaT"", ""ns"")],
             ""categories"": Series([""a"", ""b"", ""c"", ""a"", ""b""], dtype=""category""),
         }
     )
     result = df.groupby(""group"").first()
     expected = DataFrame(
         {
-            ""time"": 3 * [np.datetime64(""NaT"")],
+            ""time"": 3 * [np.datetime64(""NaT"", ""ns"")],
             ""categories"": Series([""a"", ""c"", ""a""]).astype(
                 pd.CategoricalDtype([""a"", ""b"", ""c""])
             ),",4,1,"@@ -634,14 +634,14 @@ def test_first_categorical_and_datetime_data_nat(): df = DataFrame( { ""group"": [""first"", ""first"", ""second"", ""third"", ""third""], ""time"": 5 * [np.datetime64(""NaT"")], ""time"": 5 * [np.datetime64(""NaT"", ""ns"")], ""categories"": Series([""a"", ""b"", ""c"", ""a"", ""b""], dtype=""category""), } ) result = df.groupby(""group"").first() expected = DataFrame( { ""time"": 3 * [np.datetime64(""NaT"")], ""time"": 3 * [np.datetime64(""NaT"", ""ns"")], ""categories"": Series([""a"", ""c"", ""a""]).astype( pd.CategoricalDtype([""a"", ""b"", ""c""]) ),",1,1,0,0,0,522
pandas-dev/pandas,8985f92c1a17ec831b4815715b69de8ea0a8f624,"CI: fix numpy nightly DeprecationWarning for generic-unit datetime64/timedelta64 (#65340)

Co-authored-by: Claude Opus 4.7 (1M context) <noreply@anthropic.com>",pandas/tests/indexes/categorical/test_indexing.py,"@@ -364,7 +364,7 @@ def test_contains_na_dtype(self, unwrap):
         assert np.nan in obj
         assert None in obj
         assert pd.NaT in obj
-        assert np.datetime64(""NaT"") in obj
+        assert np.datetime64(""NaT"", ""ns"") in obj
         assert np.timedelta64(""NaT"", ""ns"") not in obj
 
         obj2 = CategoricalIndex(tdi)
@@ -374,7 +374,7 @@ def test_contains_na_dtype(self, unwrap):
         assert np.nan in obj2
         assert None in obj2
         assert pd.NaT in obj2
-        assert np.datetime64(""NaT"") not in obj2
+        assert np.datetime64(""NaT"", ""ns"") not in obj2
         assert np.timedelta64(""NaT"", ""ns"") in obj2
 
         obj3 = CategoricalIndex(pi)
@@ -384,7 +384,7 @@ def test_contains_na_dtype(self, unwrap):
         assert np.nan in obj3
         assert None in obj3
         assert pd.NaT in obj3
-        assert np.datetime64(""NaT"") not in obj3
+        assert np.datetime64(""NaT"", ""ns"") not in obj3
         assert np.timedelta64(""NaT"", ""ns"") not in obj3
 
     @pytest.mark.parametrize(",6,1,"@@ -364,7 +364,7 @@ def test_contains_na_dtype(self, unwrap): assert np.nan in obj assert None in obj assert pd.NaT in obj assert np.datetime64(""NaT"") in obj assert np.datetime64(""NaT"", ""ns"") in obj assert np.timedelta64(""NaT"", ""ns"") not in obj obj2 = CategoricalIndex(tdi) @@ -374,7 +374,7 @@ def test_contains_na_dtype(self, unwrap): assert np.nan in obj2 assert None in obj2 assert pd.NaT in obj2 assert np.datetime64(""NaT"") not in obj2 assert np.datetime64(""NaT"", ""ns"") not in obj2 assert np.timedelta64(""NaT"", ""ns"") in obj2 obj3 = CategoricalIndex(pi) @@ -384,7 +384,7 @@ def test_contains_na_dtype(self, unwrap): assert np.nan in obj3 assert None in obj3 assert pd.NaT in obj3 assert np.datetime64(""NaT"") not in obj3 assert np.datetime64(""NaT"", ""ns"") not in obj3 assert np.timedelta64(""NaT"", ""ns"") not in obj3 @pytest.mark.parametrize(",1,3,0,0,0,841
pandas-dev/pandas,8985f92c1a17ec831b4815715b69de8ea0a8f624,"CI: fix numpy nightly DeprecationWarning for generic-unit datetime64/timedelta64 (#65340)

Co-authored-by: Claude Opus 4.7 (1M context) <noreply@anthropic.com>",pandas/tests/indexes/datetimes/methods/test_insert.py,"@@ -16,7 +16,9 @@
 
 
 class TestInsert:
-    @pytest.mark.parametrize(""null"", [None, np.nan, np.datetime64(""NaT""), NaT, NA])
+    @pytest.mark.parametrize(
+        ""null"", [None, np.nan, np.datetime64(""NaT"", ""ns""), NaT, NA]
+    )
     @pytest.mark.parametrize(""tz"", [None, ""UTC"", ""US/Eastern""])
     def test_insert_nat(self, tz, null):
         # GH#16537, GH#18295 (test missing)",4,1,"@@ -16,7 +16,9 @@ class TestInsert: @pytest.mark.parametrize(""null"", [None, np.nan, np.datetime64(""NaT""), NaT, NA]) @pytest.mark.parametrize( ""null"", [None, np.nan, np.datetime64(""NaT"", ""ns""), NaT, NA] ) @pytest.mark.parametrize(""tz"", [None, ""UTC"", ""US/Eastern""]) def test_insert_nat(self, tz, null):",1,1,0,0,0,300
pandas-dev/pandas,8985f92c1a17ec831b4815715b69de8ea0a8f624,"CI: fix numpy nightly DeprecationWarning for generic-unit datetime64/timedelta64 (#65340)

Co-authored-by: Claude Opus 4.7 (1M context) <noreply@anthropic.com>",pandas/tests/indexes/datetimes/test_indexing.py,"@@ -476,7 +476,7 @@ def test_get_loc_nat(self):
 
         assert index.get_loc(pd.NA) == 1
 
-        assert index.get_loc(np.datetime64(""NaT"")) == 1
+        assert index.get_loc(np.datetime64(""NaT"", ""ns"")) == 1
 
         with pytest.raises(KeyError, match=""NaT""):
             index.get_loc(np.timedelta64(""NaT"", ""ns""))",2,1,"@@ -476,7 +476,7 @@ def test_get_loc_nat(self): assert index.get_loc(pd.NA) == 1 assert index.get_loc(np.datetime64(""NaT"")) == 1 assert index.get_loc(np.datetime64(""NaT"", ""ns"")) == 1 with pytest.raises(KeyError, match=""NaT""): index.get_loc(np.timedelta64(""NaT"", ""ns""))",1,1,0,0,0,268
pandas-dev/pandas,8985f92c1a17ec831b4815715b69de8ea0a8f624,"CI: fix numpy nightly DeprecationWarning for generic-unit datetime64/timedelta64 (#65340)

Co-authored-by: Claude Opus 4.7 (1M context) <noreply@anthropic.com>",pandas/tests/indexes/test_index_new.py,"@@ -123,7 +123,7 @@ def test_from_list_of_periods(self):
     @pytest.mark.parametrize(
         ""klass,dtype,ctor"",
         [
-            (DatetimeIndex, ""datetime64[ns]"", np.datetime64(""nat"")),
+            (DatetimeIndex, ""datetime64[ns]"", np.datetime64(""nat"", ""ns"")),
             (TimedeltaIndex, ""timedelta64[ns]"", np.timedelta64(""NaT"", ""ns"")),
         ],
     )
@@ -164,7 +164,7 @@ def test_constructor_infer_nat_dt_like(
     @pytest.mark.parametrize(""swap_objs"", [True, False])
     def test_constructor_mixed_nat_objs_infers_object(self, swap_objs):
         # mixed np.datetime64/timedelta64 nat results in object
-        data = [np.datetime64(""nat""), np.timedelta64(""NaT"", ""ns"")]
+        data = [np.datetime64(""nat"", ""ns""), np.timedelta64(""NaT"", ""ns"")]
         if swap_objs:
             data = data[::-1]
 ",4,1,"@@ -123,7 +123,7 @@ def test_from_list_of_periods(self): @pytest.mark.parametrize( ""klass,dtype,ctor"", [ (DatetimeIndex, ""datetime64[ns]"", np.datetime64(""nat"")), (DatetimeIndex, ""datetime64[ns]"", np.datetime64(""nat"", ""ns"")), (TimedeltaIndex, ""timedelta64[ns]"", np.timedelta64(""NaT"", ""ns"")), ], ) @@ -164,7 +164,7 @@ def test_constructor_infer_nat_dt_like( @pytest.mark.parametrize(""swap_objs"", [True, False]) def test_constructor_mixed_nat_objs_infers_object(self, swap_objs): data = [np.datetime64(""nat""), np.timedelta64(""NaT"", ""ns"")] data = [np.datetime64(""nat"", ""ns""), np.timedelta64(""NaT"", ""ns"")] if swap_objs: data = data[::-1]",1,3,0,1,0,632
pandas-dev/pandas,8985f92c1a17ec831b4815715b69de8ea0a8f624,"CI: fix numpy nightly DeprecationWarning for generic-unit datetime64/timedelta64 (#65340)

Co-authored-by: Claude Opus 4.7 (1M context) <noreply@anthropic.com>",pandas/tests/indexes/timedeltas/methods/test_insert.py,"@@ -86,14 +86,14 @@ def test_insert_nat(self, null):
     def test_insert_invalid_na(self):
         idx = TimedeltaIndex([""4day"", ""1day"", ""2day""], name=""idx"")
 
-        item = np.datetime64(""NaT"")
+        item = np.datetime64(""NaT"", ""ns"")
         result = idx.insert(0, item)
 
         expected = Index([item, *list(idx)], dtype=object, name=""idx"")
         tm.assert_index_equal(result, expected)
 
         # Also works if we pass a different dt64nat object
-        item2 = np.datetime64(""NaT"")
+        item2 = np.datetime64(""NaT"", ""ns"")
         result = idx.insert(0, item2)
         tm.assert_index_equal(result, expected)
 ",4,1,"@@ -86,14 +86,14 @@ def test_insert_nat(self, null): def test_insert_invalid_na(self): idx = TimedeltaIndex([""4day"", ""1day"", ""2day""], name=""idx"") item = np.datetime64(""NaT"") item = np.datetime64(""NaT"", ""ns"") result = idx.insert(0, item) expected = Index([item, *list(idx)], dtype=object, name=""idx"") tm.assert_index_equal(result, expected) item2 = np.datetime64(""NaT"") item2 = np.datetime64(""NaT"", ""ns"") result = idx.insert(0, item2) tm.assert_index_equal(result, expected)",1,2,0,0,0,473
pandas-dev/pandas,8985f92c1a17ec831b4815715b69de8ea0a8f624,"CI: fix numpy nightly DeprecationWarning for generic-unit datetime64/timedelta64 (#65340)

Co-authored-by: Claude Opus 4.7 (1M context) <noreply@anthropic.com>",pandas/tests/indexes/timedeltas/test_indexing.py,"@@ -65,7 +65,7 @@ def test_getitem(self):
             datetime(1970, 1, 1),
             Timestamp(""1970-01-03"").to_datetime64(),
             # non-matching NA values
-            np.datetime64(""NaT""),
+            np.datetime64(""NaT"", ""ns""),
         ],
     )
     def test_timestamp_invalid_key(self, key):",2,1,"@@ -65,7 +65,7 @@ def test_getitem(self): datetime(1970, 1, 1), Timestamp(""1970-01-03"").to_datetime64(), np.datetime64(""NaT""), np.datetime64(""NaT"", ""ns""), ], ) def test_timestamp_invalid_key(self, key):",1,2,0,0,0,202
pandas-dev/pandas,8985f92c1a17ec831b4815715b69de8ea0a8f624,"CI: fix numpy nightly DeprecationWarning for generic-unit datetime64/timedelta64 (#65340)

Co-authored-by: Claude Opus 4.7 (1M context) <noreply@anthropic.com>",pandas/tests/io/json/test_ujson.py,"@@ -347,7 +347,7 @@ def test_encode_time_conversion_dateutil(self):
         assert expected == output
 
     @pytest.mark.parametrize(
-        ""decoded_input"", [NaT, np.datetime64(""NaT""), np.nan, np.inf, -np.inf]
+        ""decoded_input"", [NaT, np.datetime64(""NaT"", ""ns""), np.nan, np.inf, -np.inf]
     )
     def test_encode_as_null(self, decoded_input):
         assert ujson.ujson_dumps(decoded_input) == ""null"", ""Expected null""",2,1,"@@ -347,7 +347,7 @@ def test_encode_time_conversion_dateutil(self): assert expected == output @pytest.mark.parametrize( ""decoded_input"", [NaT, np.datetime64(""NaT""), np.nan, np.inf, -np.inf] ""decoded_input"", [NaT, np.datetime64(""NaT"", ""ns""), np.nan, np.inf, -np.inf] ) def test_encode_as_null(self, decoded_input): assert ujson.ujson_dumps(decoded_input) == ""null"", ""Expected null""",1,2,0,0,0,380
pandas-dev/pandas,8985f92c1a17ec831b4815715b69de8ea0a8f624,"CI: fix numpy nightly DeprecationWarning for generic-unit datetime64/timedelta64 (#65340)

Co-authored-by: Claude Opus 4.7 (1M context) <noreply@anthropic.com>",pandas/tests/io/sas/test_sas7bdat.py,"@@ -333,14 +333,14 @@ def test_null_date(datapath):
             ""datecol"": np.array(
                 [
                     datetime(9999, 12, 31),
-                    np.datetime64(""NaT""),
+                    np.datetime64(""NaT"", ""ns""),
                 ],
                 dtype=""M8[s]"",
             ),
             ""datetimecol"": np.array(
                 [
                     datetime(9999, 12, 31, 23, 59, 59, 999000),
-                    np.datetime64(""NaT""),
+                    np.datetime64(""NaT"", ""ns""),
                 ],
                 dtype=""M8[ms]"",
             ),",4,1,"@@ -333,14 +333,14 @@ def test_null_date(datapath): ""datecol"": np.array( [ datetime(9999, 12, 31), np.datetime64(""NaT""), np.datetime64(""NaT"", ""ns""), ], dtype=""M8[s]"", ), ""datetimecol"": np.array( [ datetime(9999, 12, 31, 23, 59, 59, 999000), np.datetime64(""NaT""), np.datetime64(""NaT"", ""ns""), ], dtype=""M8[ms]"", ),",1,1,0,0,0,312
pandas-dev/pandas,8985f92c1a17ec831b4815715b69de8ea0a8f624,"CI: fix numpy nightly DeprecationWarning for generic-unit datetime64/timedelta64 (#65340)

Co-authored-by: Claude Opus 4.7 (1M context) <noreply@anthropic.com>",pandas/tests/scalar/timedelta/test_arithmetic.py,"@@ -256,7 +256,7 @@ def test_td_rsub_nat(self):
         result = NaT - td
         assert result is NaT
 
-        result = np.datetime64(""NaT"") - td
+        result = np.datetime64(""NaT"", ""ns"") - td
         assert result is NaT
 
     def test_td_rsub_offset(self):
@@ -569,7 +569,7 @@ def test_td_rdiv_na_scalar(self):
 
         msg = r""unsupported operand type\(s\) for /: 'numpy.datetime64' and 'Timedelta'""
         with pytest.raises(TypeError, match=msg):
-            np.datetime64(""NaT"") / td
+            np.datetime64(""NaT"", ""ns"") / td
 
         msg = r""unsupported operand type\(s\) for /: 'float' and 'Timedelta'""
         with pytest.raises(TypeError, match=msg):",4,1,"@@ -256,7 +256,7 @@ def test_td_rsub_nat(self): result = NaT - td assert result is NaT result = np.datetime64(""NaT"") - td result = np.datetime64(""NaT"", ""ns"") - td assert result is NaT def test_td_rsub_offset(self): @@ -569,7 +569,7 @@ def test_td_rdiv_na_scalar(self): msg = r""unsupported operand type\(s\) for /: 'numpy.datetime64' and 'Timedelta'"" with pytest.raises(TypeError, match=msg): np.datetime64(""NaT"") / td np.datetime64(""NaT"", ""ns"") / td msg = r""unsupported operand type\(s\) for /: 'float' and 'Timedelta'"" with pytest.raises(TypeError, match=msg):",1,3,2,0,0,561
pandas-dev/pandas,8985f92c1a17ec831b4815715b69de8ea0a8f624,"CI: fix numpy nightly DeprecationWarning for generic-unit datetime64/timedelta64 (#65340)

Co-authored-by: Claude Opus 4.7 (1M context) <noreply@anthropic.com>",pandas/tests/scalar/timestamp/test_constructors.py,"@@ -1116,7 +1116,9 @@ def test_timestamp_constructor_np_str():
     assert result == expected
 
 
-@pytest.mark.parametrize(""na_value"", [None, np.nan, np.datetime64(""NaT""), NaT, NA])
+@pytest.mark.parametrize(
+    ""na_value"", [None, np.nan, np.datetime64(""NaT"", ""ns""), NaT, NA]
+)
 def test_timestamp_constructor_na_value(na_value):
     # GH45481
     result = Timestamp(na_value)",4,1,"@@ -1116,7 +1116,9 @@ def test_timestamp_constructor_np_str(): assert result == expected @pytest.mark.parametrize(""na_value"", [None, np.nan, np.datetime64(""NaT""), NaT, NA]) @pytest.mark.parametrize( ""na_value"", [None, np.nan, np.datetime64(""NaT"", ""ns""), NaT, NA] ) def test_timestamp_constructor_na_value(na_value): result = Timestamp(na_value)",1,2,0,0,0,344
pandas-dev/pandas,8985f92c1a17ec831b4815715b69de8ea0a8f624,"CI: fix numpy nightly DeprecationWarning for generic-unit datetime64/timedelta64 (#65340)

Co-authored-by: Claude Opus 4.7 (1M context) <noreply@anthropic.com>",pandas/tests/series/indexing/test_indexing.py,"@@ -481,7 +481,7 @@ def _check_setitem_valid(self, ser, value, indexer):
         ""1"",
         ""1.0"",
         NaT,
-        np.datetime64(""NaT""),
+        np.datetime64(""NaT"", ""ns""),
         np.timedelta64(""NaT"", ""ns""),
     ]
     _indexers = [0, [0], slice(0, 1), [True, False, False], slice(None, None, None)]",2,1,"@@ -481,7 +481,7 @@ def _check_setitem_valid(self, ser, value, indexer): ""1"", ""1.0"", NaT, np.datetime64(""NaT""), np.datetime64(""NaT"", ""ns""), np.timedelta64(""NaT"", ""ns""), ] _indexers = [0, [0], slice(0, 1), [True, False, False], slice(None, None, None)]",1,1,0,0,0,251
pandas-dev/pandas,8985f92c1a17ec831b4815715b69de8ea0a8f624,"CI: fix numpy nightly DeprecationWarning for generic-unit datetime64/timedelta64 (#65340)

Co-authored-by: Claude Opus 4.7 (1M context) <noreply@anthropic.com>",pandas/tests/series/methods/test_equals.py,"@@ -69,8 +69,8 @@ def test_equals_false_negative():
 
 def test_equals_matching_nas():
     # matching but not identical NAs
-    left = Series([np.datetime64(""NaT"")], dtype=object)
-    right = Series([np.datetime64(""NaT"")], dtype=object)
+    left = Series([np.datetime64(""NaT"", ""ns"")], dtype=object)
+    right = Series([np.datetime64(""NaT"", ""ns"")], dtype=object)
     assert left.equals(right)
     assert Index(left).equals(Index(right))
     assert left.array.equals(right.array)",4,1,"@@ -69,8 +69,8 @@ def test_equals_false_negative(): def test_equals_matching_nas(): left = Series([np.datetime64(""NaT"")], dtype=object) right = Series([np.datetime64(""NaT"")], dtype=object) left = Series([np.datetime64(""NaT"", ""ns"")], dtype=object) right = Series([np.datetime64(""NaT"", ""ns"")], dtype=object) assert left.equals(right) assert Index(left).equals(Index(right)) assert left.array.equals(right.array)",1,2,0,0,0,409
pandas-dev/pandas,8985f92c1a17ec831b4815715b69de8ea0a8f624,"CI: fix numpy nightly DeprecationWarning for generic-unit datetime64/timedelta64 (#65340)

Co-authored-by: Claude Opus 4.7 (1M context) <noreply@anthropic.com>",pandas/tests/test_algos.py,"@@ -1593,7 +1593,7 @@ def test_datetime_likes(self):
             np.array([Timestamp(d) for d in dt]),
             np.array([Timestamp(d, tz=""US/Eastern"") for d in dt]),
             np.array([Period(d, freq=""D"") for d in dt]),
-            np.array([np.datetime64(d) for d in dt]),
+            np.array([np.datetime64(d, ""ns"") for d in dt]),
             np.array([Timedelta(d) for d in td]),
         ]
 ",2,1,"@@ -1593,7 +1593,7 @@ def test_datetime_likes(self): np.array([Timestamp(d) for d in dt]), np.array([Timestamp(d, tz=""US/Eastern"") for d in dt]), np.array([Period(d, freq=""D"") for d in dt]), np.array([np.datetime64(d) for d in dt]), np.array([np.datetime64(d, ""ns"") for d in dt]), np.array([Timedelta(d) for d in td]), ]",1,1,6,0,0,320
pandas-dev/pandas,8985f92c1a17ec831b4815715b69de8ea0a8f624,"CI: fix numpy nightly DeprecationWarning for generic-unit datetime64/timedelta64 (#65340)

Co-authored-by: Claude Opus 4.7 (1M context) <noreply@anthropic.com>",pandas/tests/tools/test_to_datetime.py,"@@ -3472,9 +3472,9 @@ def test_nullable_integer_to_datetime():
         [
             np.datetime64(""1970-01-01 00:00:00.000000001""),
             np.datetime64(""1970-01-01 00:00:00.000000002""),
-            np.datetime64(""NaT""),
+            np.datetime64(""NaT"", ""ns""),
             np.datetime64(""2043-01-25 23:56:49.213693952""),
-            np.datetime64(""NaT""),
+            np.datetime64(""NaT"", ""ns""),
         ]
     )
     tm.assert_series_equal(res, expected)",4,1,"@@ -3472,9 +3472,9 @@ def test_nullable_integer_to_datetime(): [ np.datetime64(""1970-01-01 00:00:00.000000001""), np.datetime64(""1970-01-01 00:00:00.000000002""), np.datetime64(""NaT""), np.datetime64(""NaT"", ""ns""), np.datetime64(""2043-01-25 23:56:49.213693952""), np.datetime64(""NaT""), np.datetime64(""NaT"", ""ns""), ] ) tm.assert_series_equal(res, expected)",1,1,0,0,0,350
pandas-dev/pandas,8985f92c1a17ec831b4815715b69de8ea0a8f624,"CI: fix numpy nightly DeprecationWarning for generic-unit datetime64/timedelta64 (#65340)

Co-authored-by: Claude Opus 4.7 (1M context) <noreply@anthropic.com>",pandas/tests/tslibs/test_array_to_datetime.py,"@@ -45,7 +45,7 @@ def test_infer_homogeoneous_date_objects(self):
         arr = np.array([None, dt2, dt2, dt2], dtype=object)
         result, tz = tslib.array_to_datetime(arr, creso=creso_infer)
         assert tz is None
-        expected = np.array([np.datetime64(""NaT""), dt2, dt2, dt2], dtype=""M8[s]"")
+        expected = np.array([np.datetime64(""NaT"", ""ns""), dt2, dt2, dt2], dtype=""M8[s]"")
         tm.assert_numpy_array_equal(result, expected)
 
     def test_infer_homogeoneous_dt64(self):
@@ -54,7 +54,9 @@ def test_infer_homogeoneous_dt64(self):
         arr = np.array([None, dt64, dt64, dt64], dtype=object)
         result, tz = tslib.array_to_datetime(arr, creso=creso_infer)
         assert tz is None
-        expected = np.array([np.datetime64(""NaT""), dt64, dt64, dt64], dtype=""M8[ms]"")
+        expected = np.array(
+            [np.datetime64(""NaT"", ""ns""), dt64, dt64, dt64], dtype=""M8[ms]""
+        )
         tm.assert_numpy_array_equal(result, expected)
 
     def test_infer_homogeoneous_timestamps(self):
@@ -63,15 +65,19 @@ def test_infer_homogeoneous_timestamps(self):
         arr = np.array([None, ts, ts, ts], dtype=object)
         result, tz = tslib.array_to_datetime(arr, creso=creso_infer)
         assert tz is None
-        expected = np.array([np.datetime64(""NaT"")] + [ts.asm8] * 3, dtype=""M8[ns]"")
+        expected = np.array(
+            [np.datetime64(""NaT"", ""ns"")] + [ts.asm8] * 3, dtype=""M8[ns]""
+        )
         tm.assert_numpy_array_equal(result, expected)
 
     def test_infer_homogeoneous_datetimes_strings(self):
         item = ""2023-10-27 18:03:05.678000""
         arr = np.array([None, item, item, item], dtype=object)
         result, tz = tslib.array_to_datetime(arr, creso=creso_infer)
         assert tz is None
-        expected = np.array([np.datetime64(""NaT""), item, item, item], dtype=""M8[us]"")
+        expected = np.array(
+            [np.datetime64(""NaT"", ""ns""), item, item, item], dtype=""M8[us]""
+        )
         tm.assert_numpy_array_equal(result, expected)
 
     def test_infer_heterogeneous(self):
@@ -98,7 +104,7 @@ def test_infer_with_nat_int_float_str(self, item):
         arr = np.array([dt, item], dtype=object)
         result, tz = tslib.array_to_datetime(arr, creso=creso_infer)
         assert tz is None
-        expected = np.array([dt, np.datetime64(""NaT"")], dtype=""M8[us]"")
+        expected = np.array([dt, np.datetime64(""NaT"", ""ns"")], dtype=""M8[us]"")
         tm.assert_numpy_array_equal(result, expected)
 
         result2, tz2 = tslib.array_to_datetime(arr[::-1], creso=creso_infer)",16,1,"@@ -45,7 +45,7 @@ def test_infer_homogeoneous_date_objects(self): arr = np.array([None, dt2, dt2, dt2], dtype=object) result, tz = tslib.array_to_datetime(arr, creso=creso_infer) assert tz is None expected = np.array([np.datetime64(""NaT""), dt2, dt2, dt2], dtype=""M8[s]"") expected = np.array([np.datetime64(""NaT"", ""ns""), dt2, dt2, dt2], dtype=""M8[s]"") tm.assert_numpy_array_equal(result, expected) def test_infer_homogeoneous_dt64(self): @@ -54,7 +54,9 @@ def test_infer_homogeoneous_dt64(self): arr = np.array([None, dt64, dt64, dt64], dtype=object) result, tz = tslib.array_to_datetime(arr, creso=creso_infer) assert tz is None expected = np.array([np.datetime64(""NaT""), dt64, dt64, dt64], dtype=""M8[ms]"") expected = np.array( [np.datetime64(""NaT"", ""ns""), dt64, dt64, dt64], dtype=""M8[ms]"" ) tm.assert_numpy_array_equal(result, expected) def test_infer_homogeoneous_timestamps(self): @@ -63,15 +65,19 @@ def test_infer_homogeoneous_timestamps(self): arr = np.array([None, ts, ts, ts], dtype=object) result, tz = tslib.array_to_datetime(arr, creso=creso_infer) assert tz is None expected = np.array([np.datetime64(""NaT"")] + [ts.asm8] * 3, dtype=""M8[ns]"") expected = np.array( [np.datetime64(""NaT"", ""ns"")] + [ts.asm8] * 3, dtype=""M8[ns]"" ) tm.assert_numpy_array_equal(result, expected) def test_infer_homogeoneous_datetimes_strings(self): item = ""2023-10-27 18:03:05.678000"" arr = np.array([None, item, item, item], dtype=object) result, tz = tslib.array_to_datetime(arr, creso=creso_infer) assert tz is None expected = np.array([np.datetime64(""NaT""), item, item, item], dtype=""M8[us]"") expected = np.array( [np.datetime64(""NaT"", ""ns""), item, item, item], dtype=""M8[us]"" ) tm.assert_numpy_array_equal(result, expected) def test_infer_heterogeneous(self): @@ -98,7 +104,7 @@ def test_infer_with_nat_int_float_str(self, item): arr = np.array([dt, item], dtype=object) result, tz = tslib.array_to_datetime(arr, creso=creso_infer) assert tz is None expected = np.array([dt, np.datetime64(""NaT"")], dtype=""M8[us]"") expected = np.array([dt, np.datetime64(""NaT"", ""ns"")], dtype=""M8[us]"") tm.assert_numpy_array_equal(result, expected) result2, tz2 = tslib.array_to_datetime(arr[::-1], creso=creso_infer)",1,8,0,0,0,2192
pandas-dev/pandas,8985f92c1a17ec831b4815715b69de8ea0a8f624,"CI: fix numpy nightly DeprecationWarning for generic-unit datetime64/timedelta64 (#65340)

Co-authored-by: Claude Opus 4.7 (1M context) <noreply@anthropic.com>",pandas/tests/util/test_assert_almost_equal.py,"@@ -306,7 +306,7 @@ def test_assert_almost_equal_inf(a, b):
     _assert_almost_equal_both(a, b)
 
 
-objs = [NA, np.nan, NaT, None, np.datetime64(""NaT""), np.timedelta64(""NaT"", ""ns"")]
+objs = [NA, np.nan, NaT, None, np.datetime64(""NaT"", ""ns""), np.timedelta64(""NaT"", ""ns"")]
 
 
 @pytest.mark.parametrize(""left"", objs)",2,1,"@@ -306,7 +306,7 @@ def test_assert_almost_equal_inf(a, b): _assert_almost_equal_both(a, b) objs = [NA, np.nan, NaT, None, np.datetime64(""NaT""), np.timedelta64(""NaT"", ""ns"")] objs = [NA, np.nan, NaT, None, np.datetime64(""NaT"", ""ns""), np.timedelta64(""NaT"", ""ns"")] @pytest.mark.parametrize(""left"", objs)",1,1,0,0,0,300
pandas-dev/pandas,8985f92c1a17ec831b4815715b69de8ea0a8f624,"CI: fix numpy nightly DeprecationWarning for generic-unit datetime64/timedelta64 (#65340)

Co-authored-by: Claude Opus 4.7 (1M context) <noreply@anthropic.com>",pandas/tests/util/test_assert_index_equal.py,"@@ -259,7 +259,7 @@ def test_assert_index_equal_different_inferred_types():
 \\[left\\]:  mixed
 \\[right\\]: datetime""""""
 
-    idx1 = Index([NA, np.datetime64(""nat"")])
+    idx1 = Index([NA, np.datetime64(""nat"", ""ns"")])
     idx2 = Index([NA, NaT])
     with pytest.raises(AssertionError, match=msg):
         tm.assert_index_equal(idx1, idx2)",2,1,"@@ -259,7 +259,7 @@ def test_assert_index_equal_different_inferred_types(): \\[left\\]: mixed \\[right\\]: datetime"""""" idx1 = Index([NA, np.datetime64(""nat"")]) idx1 = Index([NA, np.datetime64(""nat"", ""ns"")]) idx2 = Index([NA, NaT]) with pytest.raises(AssertionError, match=msg): tm.assert_index_equal(idx1, idx2)",1,1,0,0,0,311
pandas-dev/pandas,3022f5e64756be20f59036b2ecb0ca7c07246008,"BUG: DataFrame.loc setitem expands index when no columns (#65235)

Co-authored-by: Claude Opus 4.6 (1M context) <noreply@anthropic.com>",pandas/core/indexing.py,"@@ -2869,8 +2869,12 @@ def _setitem_with_indexer_missing(self, indexer, value):
 
         elif self.ndim == 2:
             if not len(self.obj.columns):
-                # no columns and scalar
-                raise ValueError(""cannot set a frame with no defined columns"")
+                # GH#17895 no columns, just expand the index
+                new_index = self.obj.index.insert(len(self.obj.index), indexer)
+                self.obj._mgr = self.obj._constructor(
+                    index=new_index, columns=self.obj.columns
+                )._mgr
+                return
 
             has_dtype = hasattr(value, ""dtype"")
             if isinstance(value, ABCSeries):",8,1,"@@ -2869,8 +2869,12 @@ def _setitem_with_indexer_missing(self, indexer, value): elif self.ndim == 2: if not len(self.obj.columns): raise ValueError(""cannot set a frame with no defined columns"") new_index = self.obj.index.insert(len(self.obj.index), indexer) self.obj._mgr = self.obj._constructor( index=new_index, columns=self.obj.columns )._mgr return has_dtype = hasattr(value, ""dtype"") if isinstance(value, ABCSeries):",1,1,0,3,0,421
pandas-dev/pandas,3022f5e64756be20f59036b2ecb0ca7c07246008,"BUG: DataFrame.loc setitem expands index when no columns (#65235)

Co-authored-by: Claude Opus 4.6 (1M context) <noreply@anthropic.com>",pandas/tests/indexing/test_partial.py,"@@ -82,17 +82,36 @@ def test_partial_set_empty_frame(self):
         # frame
         df = DataFrame()
 
-        msg = ""cannot set a frame with no defined columns""
-
-        with pytest.raises(ValueError, match=msg):
-            df.loc[1] = 1
+        # GH#17895 setting a row on a DataFrame with no columns
+        # should expand the index
+        df.loc[1] = 1
+        expected = DataFrame(index=Index([1]))
+        tm.assert_frame_equal(df, expected)
 
-        with pytest.raises(ValueError, match=msg):
-            df.loc[1] = Series([1], index=[""foo""])
+        df2 = DataFrame()
+        df2.loc[1] = Series([1], index=[""foo""])
+        tm.assert_frame_equal(df2, expected)
 
+        df3 = DataFrame()
         msg = ""cannot set a frame with no defined index and a scalar""
         with pytest.raises(ValueError, match=msg):
-            df.loc[:, 1] = 1
+            df3.loc[:, 1] = 1
+
+    def test_partial_set_empty_frame_existing_label(self):
+        # GH#17895 setting row on DataFrame with no columns is a no-op
+        # when the label is already in the index
+        df = DataFrame(index=[1, 2, 3])
+        df.loc[1] = 3
+        expected = DataFrame(index=Index([1, 2, 3]))
+        tm.assert_frame_equal(df, expected)
+
+    def test_partial_set_empty_frame_new_label(self):
+        # GH#17895 setting row on DataFrame with no columns expands
+        # the index when the label is new
+        df = DataFrame(index=[1, 2, 3])
+        df.loc[4] = 3
+        expected = DataFrame(index=Index([1, 2, 3, 4]))
+        tm.assert_frame_equal(df, expected)
 
     def test_partial_set_empty_frame2(self):
         # these work as they don't really change",33,1,"@@ -82,17 +82,36 @@ def test_partial_set_empty_frame(self): df = DataFrame() msg = ""cannot set a frame with no defined columns"" with pytest.raises(ValueError, match=msg): df.loc[1] = 1 df.loc[1] = 1 expected = DataFrame(index=Index([1])) tm.assert_frame_equal(df, expected) with pytest.raises(ValueError, match=msg): df.loc[1] = Series([1], index=[""foo""]) df2 = DataFrame() df2.loc[1] = Series([1], index=[""foo""]) tm.assert_frame_equal(df2, expected) df3 = DataFrame() msg = ""cannot set a frame with no defined index and a scalar"" with pytest.raises(ValueError, match=msg): df.loc[:, 1] = 1 df3.loc[:, 1] = 1 def test_partial_set_empty_frame_existing_label(self): df = DataFrame(index=[1, 2, 3]) df.loc[1] = 3 expected = DataFrame(index=Index([1, 2, 3])) tm.assert_frame_equal(df, expected) def test_partial_set_empty_frame_new_label(self): df = DataFrame(index=[1, 2, 3]) df.loc[4] = 3 expected = DataFrame(index=Index([1, 2, 3, 4])) tm.assert_frame_equal(df, expected) def test_partial_set_empty_frame2(self):",1,4,0,0,0,1011
pandas-dev/pandas,2b9c54e024ae088724fe892407c8b93e9f8e2c48,REGR: restore rank() for ExtensionArrays with custom values for sorting (#64976),pandas/core/algorithms.py,"@@ -1050,6 +1050,7 @@ def rank(
     na_option: str = ""keep"",
     ascending: bool = True,
     pct: bool = False,
+    mask: npt.NDArray[np.bool_] | None = None,
 ) -> npt.NDArray[np.float64]:
     """"""
     Rank the values along a given axis.
@@ -1073,6 +1074,8 @@ def rank(
     pct : bool, default False
         Whether or not to the display the returned rankings in integer form
         (e.g. 1, 2, 3) or in percentile form (e.g. 0.333..., 0.666..., 1).
+    mask : bool ndarray, optional
+        Boolean array indicating which elements to exclude from ranking.
     """"""
     is_datetimelike = needs_i8_conversion(values.dtype)
     values = _ensure_data(values)
@@ -1085,8 +1088,10 @@ def rank(
             ascending=ascending,
             na_option=na_option,
             pct=pct,
+            mask=mask,
         )
     elif values.ndim == 2:
+        assert mask is None
         ranks = algos.rank_2d(
             values,
             axis=axis,",5,0,"@@ -1050,6 +1050,7 @@ def rank( na_option: str = ""keep"", ascending: bool = True, pct: bool = False, mask: npt.NDArray[np.bool_] | None = None, ) -> npt.NDArray[np.float64]: is_datetimelike = needs_i8_conversion(values.dtype) values = _ensure_data(values) @@ -1085,8 +1088,10 @@ def rank( ascending=ascending, na_option=na_option, pct=pct, mask=mask, ) elif values.ndim == 2: assert mask is None ranks = algos.rank_2d( values, axis=axis,",1,2,0,1,0,436
pandas-dev/pandas,2b9c54e024ae088724fe892407c8b93e9f8e2c48,REGR: restore rank() for ExtensionArrays with custom values for sorting (#64976),pandas/core/arrays/base.py,"@@ -2774,12 +2774,13 @@ def _rank(
             raise NotImplementedError
 
         return rank(
-            self,
+            self._values_for_argsort(),
             axis=axis,
             method=method,
             na_option=na_option,
             ascending=ascending,
             pct=pct,
+            mask=np.asarray(self.isna(), dtype=""bool"") if self._hasna else None,
         )
 
     @classmethod",3,0,"@@ -2774,12 +2774,13 @@ def _rank( raise NotImplementedError return rank( self, self._values_for_argsort(), axis=axis, method=method, na_option=na_option, ascending=ascending, pct=pct, mask=np.asarray(self.isna(), dtype=""bool"") if self._hasna else None, ) @classmethod",1,1,0,1,0,268
pandas-dev/pandas,2b9c54e024ae088724fe892407c8b93e9f8e2c48,REGR: restore rank() for ExtensionArrays with custom values for sorting (#64976),pandas/tests/extension/base/methods.py,"@@ -6,7 +6,11 @@
 
 from pandas._typing import Dtype
 
-from pandas.core.dtypes.common import is_bool_dtype
+from pandas.core.dtypes.common import (
+    is_bool_dtype,
+    is_float_dtype,
+    is_integer_dtype,
+)
 from pandas.core.dtypes.dtypes import NumpyEADtype
 from pandas.core.dtypes.missing import na_value_for_dtype
 
@@ -288,6 +292,50 @@ def test_sort_values_frame(self, data_for_sorting, ascending):
         )
         tm.assert_frame_equal(result, expected)
 
+    @pytest.mark.parametrize(""ascending"", [True, False])
+    def test_rank(self, data_for_sorting, ascending):
+        ser = pd.Series(data_for_sorting)
+        result = ser.rank(ascending=ascending)
+        # result should be float, but exact dtype (numpy/nullable/pyarrow) depends
+        # so here just assert it is float and normalize to float64 for comparison
+        assert is_float_dtype(result.dtype)
+        result = result.astype(""float64"")
+        if is_bool_dtype(ser.dtype):
+            expected = pd.Series([2.5, 2.5, 1.0] if ascending else [1.5, 1.5, 3.0])
+        else:
+            expected = pd.Series([2.0, 3.0, 1.0] if ascending else [2.0, 1.0, 3.0])
+        tm.assert_series_equal(result, expected)
+
+    @pytest.mark.parametrize(""method"", [""average"", ""min""])
+    def test_rank_method(self, data_for_sorting, method):
+        ser = pd.Series(data_for_sorting.take([0, 2, 0]))
+        result = ser.rank(method=method)
+        if method == ""average"":
+            assert is_float_dtype(result.dtype)
+            result = result.astype(""float64"")
+            expected = pd.Series([2.5, 1.0, 2.5])
+        else:
+            # TODO the exact dtype here is inconsistent across EAs (should all be int?)
+            assert is_integer_dtype(result.dtype) or is_float_dtype(result.dtype)
+            expected = pd.Series([2, 1, 2], dtype=result.dtype)
+        tm.assert_series_equal(result, expected)
+
+    @pytest.mark.parametrize(""na_option"", [""keep"", ""top"", ""bottom""])
+    def test_rank_missing(self, data_missing_for_sorting, na_option):
+        ser = pd.Series(data_missing_for_sorting)
+        result = ser.rank(na_option=na_option)
+        assert is_float_dtype(result.dtype)
+        result = result.astype(""float64"")
+        if na_option == ""keep"":
+            expected = pd.Series([2.0, np.nan, 1.0])
+        elif na_option == ""top"":
+            expected = pd.Series([3.0, 1.0, 2.0])
+        else:
+            # na_option == ""bottom""
+            expected = pd.Series([2.0, 3.0, 1.0])
+
+        tm.assert_series_equal(result, expected)
+
     @pytest.mark.parametrize(""keep"", [""first"", ""last"", False])
     def test_duplicated(self, data, keep):
         arr = data.take([0, 1, 0, 1])",50,0,"@@ -6,7 +6,11 @@ from pandas._typing import Dtype from pandas.core.dtypes.common import is_bool_dtype from pandas.core.dtypes.common import ( is_bool_dtype, is_float_dtype, is_integer_dtype, ) from pandas.core.dtypes.dtypes import NumpyEADtype from pandas.core.dtypes.missing import na_value_for_dtype @@ -288,6 +292,50 @@ def test_sort_values_frame(self, data_for_sorting, ascending): ) tm.assert_frame_equal(result, expected) @pytest.mark.parametrize(""ascending"", [True, False]) def test_rank(self, data_for_sorting, ascending): ser = pd.Series(data_for_sorting) result = ser.rank(ascending=ascending) assert is_float_dtype(result.dtype) result = result.astype(""float64"") if is_bool_dtype(ser.dtype): expected = pd.Series([2.5, 2.5, 1.0] if ascending else [1.5, 1.5, 3.0]) else: expected = pd.Series([2.0, 3.0, 1.0] if ascending else [2.0, 1.0, 3.0]) tm.assert_series_equal(result, expected) @pytest.mark.parametrize(""method"", [""average"", ""min""]) def test_rank_method(self, data_for_sorting, method): ser = pd.Series(data_for_sorting.take([0, 2, 0])) result = ser.rank(method=method) if method == ""average"": assert is_float_dtype(result.dtype) result = result.astype(""float64"") expected = pd.Series([2.5, 1.0, 2.5]) else: assert is_integer_dtype(result.dtype) or is_float_dtype(result.dtype) expected = pd.Series([2, 1, 2], dtype=result.dtype) tm.assert_series_equal(result, expected) @pytest.mark.parametrize(""na_option"", [""keep"", ""top"", ""bottom""]) def test_rank_missing(self, data_missing_for_sorting, na_option): ser = pd.Series(data_missing_for_sorting) result = ser.rank(na_option=na_option) assert is_float_dtype(result.dtype) result = result.astype(""float64"") if na_option == ""keep"": expected = pd.Series([2.0, np.nan, 1.0]) elif na_option == ""top"": expected = pd.Series([3.0, 1.0, 2.0]) else: expected = pd.Series([2.0, 3.0, 1.0]) tm.assert_series_equal(result, expected) @pytest.mark.parametrize(""keep"", [""first"", ""last"", False]) def test_duplicated(self, data, keep): arr = data.take([0, 1, 0, 1])",1,5,0,6,0,2009
pandas-dev/pandas,d7645941071ad14c1079f24b70dbfb0d2dcafa55,"BUG: MultiIndex.get_loc returns scalar for unique key in non-unique index (#65234)

Co-authored-by: Claude Opus 4.6 (1M context) <noreply@anthropic.com>",pandas/core/indexes/multi.py,"@@ -3653,7 +3653,7 @@ def _maybe_to_slice(loc):
                 f""Key length ({keylen}) exceeds index depth ({self.nlevels})""
             )
 
-        if keylen == self.nlevels and self.is_unique:
+        if keylen == self.nlevels:
             # TODO: what if we have an IntervalIndex level?
             #  i.e. do we need _index_as_unique on that level?
             try:
@@ -3667,7 +3667,7 @@ def _maybe_to_slice(loc):
                 loc, _ = self.get_loc_level(key, range(self.nlevels))
                 return loc
 
-        # -- partial selection or non-unique index
+        # -- partial selection
         # break the key into 2 parts based on the lexsort_depth of the index;
         # the first part returns a continuous slice of the index; the 2nd part
         # needs linear search within the slice
@@ -3841,10 +3841,10 @@ def maybe_mi_droplevels(indexer, levels):
                 pass
 
             if not any(isinstance(k, slice) for k in key):
-                if len(key) == self.nlevels and self.is_unique:
-                    # Complete key in unique index -> standard get_loc
+                if len(key) == self.nlevels:
+                    # Complete key -> standard get_loc
                     try:
-                        return (self._engine.get_loc(key), None)
+                        loc = self._engine.get_loc(key)
                     except KeyError as err:
                         raise KeyError(key) from err
                     except (TypeError, ValueError):
@@ -3853,7 +3853,10 @@ def maybe_mi_droplevels(indexer, levels):
                         # ValueError: e.g. IntervalIndex level where the
                         #  engine can't convert scalar to interval code
                         #  (GH#27456)
-                        pass
+                        loc = None
+
+                    if is_integer(loc):
+                        return loc, None
 
                 # partial selection
                 indexer = self.get_loc(key)",15,1,"@@ -3653,7 +3653,7 @@ def _maybe_to_slice(loc): f""Key length ({keylen}) exceeds index depth ({self.nlevels})"" ) if keylen == self.nlevels and self.is_unique: if keylen == self.nlevels: try: @@ -3667,7 +3667,7 @@ def _maybe_to_slice(loc): loc, _ = self.get_loc_level(key, range(self.nlevels)) return loc @@ -3841,10 +3841,10 @@ def maybe_mi_droplevels(indexer, levels): pass if not any(isinstance(k, slice) for k in key): if len(key) == self.nlevels and self.is_unique: if len(key) == self.nlevels: try: return (self._engine.get_loc(key), None) loc = self._engine.get_loc(key) except KeyError as err: raise KeyError(key) from err except (TypeError, ValueError): @@ -3853,7 +3853,10 @@ def maybe_mi_droplevels(indexer, levels): pass loc = None if is_integer(loc): return loc, None indexer = self.get_loc(key)",1,4,1,6,4,806
pandas-dev/pandas,d7645941071ad14c1079f24b70dbfb0d2dcafa55,"BUG: MultiIndex.get_loc returns scalar for unique key in non-unique index (#65234)

Co-authored-by: Claude Opus 4.6 (1M context) <noreply@anthropic.com>",pandas/tests/indexes/multi/test_sorting.py,"@@ -132,7 +132,7 @@ def test_unsortedindex():
         df.loc(axis=0)[""q"", :]
 
 
-def test_unsortedindex_doc_examples(performance_warning):
+def test_unsortedindex_doc_examples():
     # https://pandas.pydata.org/pandas-docs/stable/advanced.html#sorting-a-multiindex
     dfm = DataFrame(
         {
@@ -143,8 +143,8 @@ def test_unsortedindex_doc_examples(performance_warning):
     )
 
     dfm = dfm.set_index([""jim"", ""joe""])
-    with tm.assert_produces_warning(performance_warning):
-        dfm.loc[(1, ""z"")]
+    # Full-length key uses the engine directly; no PerformanceWarning
+    dfm.loc[(1, ""z"")]
 
     msg = r""Key length \(2\) was greater than MultiIndex lexsort depth \(1\)""
     with pytest.raises(UnsortedIndexError, match=msg):",6,1,"@@ -132,7 +132,7 @@ def test_unsortedindex(): df.loc(axis=0)[""q"", :] def test_unsortedindex_doc_examples(performance_warning): def test_unsortedindex_doc_examples(): dfm = DataFrame( { @@ -143,8 +143,8 @@ def test_unsortedindex_doc_examples(performance_warning): ) dfm = dfm.set_index([""jim"", ""joe""]) with tm.assert_produces_warning(performance_warning): dfm.loc[(1, ""z"")] dfm.loc[(1, ""z"")] msg = r""Key length \(2\) was greater than MultiIndex lexsort depth \(1\)"" with pytest.raises(UnsortedIndexError, match=msg):",1,4,0,0,0,515
pandas-dev/pandas,d7645941071ad14c1079f24b70dbfb0d2dcafa55,"BUG: MultiIndex.get_loc returns scalar for unique key in non-unique index (#65234)

Co-authored-by: Claude Opus 4.6 (1M context) <noreply@anthropic.com>",pandas/tests/indexing/multiindex/test_getitem.py,"@@ -352,14 +352,12 @@ def dataframe_with_duplicate_index():
     ""indexer"", [lambda df: df[(""A"", ""A1"")], lambda df: df.loc[:, (""A"", ""A1"")]]
 )
 def test_frame_mi_access(dataframe_with_duplicate_index, indexer):
-    # GH 4145
+    # GH#4145, GH#42102
     df = dataframe_with_duplicate_index
-    index = Index([""h1"", ""h3"", ""h5""])
-    columns = MultiIndex.from_tuples([(""A"", ""A1"")], names=[""main"", ""sub""])
-    expected = DataFrame([[""a"", 1, 1]], index=columns, columns=index).T
+    expected = Series([""a"", 1, 1], index=Index([""h1"", ""h3"", ""h5""]), name=(""A"", ""A1""))
 
     result = indexer(df)
-    tm.assert_frame_equal(result, expected)
+    tm.assert_series_equal(result, expected)
 
 
 def test_frame_mi_access_returns_series(dataframe_with_duplicate_index):",8,1,"@@ -352,14 +352,12 @@ def dataframe_with_duplicate_index(): ""indexer"", [lambda df: df[(""A"", ""A1"")], lambda df: df.loc[:, (""A"", ""A1"")]] ) def test_frame_mi_access(dataframe_with_duplicate_index, indexer): df = dataframe_with_duplicate_index index = Index([""h1"", ""h3"", ""h5""]) columns = MultiIndex.from_tuples([(""A"", ""A1"")], names=[""main"", ""sub""]) expected = DataFrame([[""a"", 1, 1]], index=columns, columns=index).T expected = Series([""a"", 1, 1], index=Index([""h1"", ""h3"", ""h5""]), name=(""A"", ""A1"")) result = indexer(df) tm.assert_frame_equal(result, expected) tm.assert_series_equal(result, expected) def test_frame_mi_access_returns_series(dataframe_with_duplicate_index):",1,3,0,0,0,669
pandas-dev/pandas,d7645941071ad14c1079f24b70dbfb0d2dcafa55,"BUG: MultiIndex.get_loc returns scalar for unique key in non-unique index (#65234)

Co-authored-by: Claude Opus 4.6 (1M context) <noreply@anthropic.com>",pandas/tests/indexing/multiindex/test_loc.py,"@@ -40,7 +40,7 @@ def test_loc_setitem_frame_with_multiindex(
         df.loc[(""bar"", ""two""), 1] = 7
         assert df.loc[(""bar"", ""two""), 1] == 7
 
-    def test_loc_getitem_general(self, performance_warning, any_real_numpy_dtype):
+    def test_loc_getitem_general(self, any_real_numpy_dtype):
         # GH#2817
         dtype = any_real_numpy_dtype
         data = {
@@ -53,8 +53,7 @@ def test_loc_getitem_general(self, performance_warning, any_real_numpy_dtype):
         df = df.set_index(keys=[""col"", ""num""])
         key = 4.0, 12
 
-        with tm.assert_produces_warning(performance_warning):
-            tm.assert_frame_equal(df.loc[key], df.iloc[2:])
+        tm.assert_frame_equal(df.loc[key], df.iloc[2:])
 
         # this is ok
         return_value = df.sort_index(inplace=True)
@@ -520,6 +519,27 @@ def test_loc_getitem_duplicates_multiindex_non_scalar_type_object():
     assert result == expected
 
 
+def test_loc_getitem_unique_key_in_nonunique_multiindex():
+    # GH#42102 - unique key in a non-unique MultiIndex should return scalar
+    mi = MultiIndex.from_tuples([(0, 0), (1, 0), (1, 0)])
+    ser = Series(range(3), index=mi)
+
+    # (0, 0) is unique even though the overall index is non-unique
+    result = ser.loc[(0, 0)]
+    assert result == 0
+    assert not isinstance(result, Series)
+
+    # (1, 0) is duplicated, should still return a Series
+    result = ser.loc[(1, 0)]
+    assert isinstance(result, Series)
+
+    # DataFrame column case: unique key in non-unique column MultiIndex
+    columns = MultiIndex.from_tuples([(""A"", ""x""), (""B"", ""y""), (""B"", ""y"")])
+    df = DataFrame([[1, 2, 3]], columns=columns)
+    result = df[(""A"", ""x"")]
+    assert isinstance(result, Series)
+
+
 def test_loc_getitem_tuple_plus_slice():
     # GH 671
     df = DataFrame(",26,1,"@@ -40,7 +40,7 @@ def test_loc_setitem_frame_with_multiindex( df.loc[(""bar"", ""two""), 1] = 7 assert df.loc[(""bar"", ""two""), 1] == 7 def test_loc_getitem_general(self, performance_warning, any_real_numpy_dtype): def test_loc_getitem_general(self, any_real_numpy_dtype): dtype = any_real_numpy_dtype data = { @@ -53,8 +53,7 @@ def test_loc_getitem_general(self, performance_warning, any_real_numpy_dtype): df = df.set_index(keys=[""col"", ""num""]) key = 4.0, 12 with tm.assert_produces_warning(performance_warning): tm.assert_frame_equal(df.loc[key], df.iloc[2:]) tm.assert_frame_equal(df.loc[key], df.iloc[2:]) return_value = df.sort_index(inplace=True) @@ -520,6 +519,27 @@ def test_loc_getitem_duplicates_multiindex_non_scalar_type_object(): assert result == expected def test_loc_getitem_unique_key_in_nonunique_multiindex(): mi = MultiIndex.from_tuples([(0, 0), (1, 0), (1, 0)]) ser = Series(range(3), index=mi) result = ser.loc[(0, 0)] assert result == 0 assert not isinstance(result, Series) result = ser.loc[(1, 0)] assert isinstance(result, Series) columns = MultiIndex.from_tuples([(""A"", ""x""), (""B"", ""y""), (""B"", ""y"")]) df = DataFrame([[1, 2, 3]], columns=columns) result = df[(""A"", ""x"")] assert isinstance(result, Series) def test_loc_getitem_tuple_plus_slice(): df = DataFrame(",1,7,0,0,0,1281
pandas-dev/pandas,d7645941071ad14c1079f24b70dbfb0d2dcafa55,"BUG: MultiIndex.get_loc returns scalar for unique key in non-unique index (#65234)

Co-authored-by: Claude Opus 4.6 (1M context) <noreply@anthropic.com>",pandas/tests/indexing/multiindex/test_multiindex.py,"@@ -25,9 +25,10 @@ def test_multiindex_perf_warn(self, performance_warning):
             }
         ).set_index([""jim"", ""joe""])
 
-        with tm.assert_produces_warning(performance_warning):
-            df.loc[(1, ""z"")]
+        # Full-length key uses the engine directly; no PerformanceWarning
+        df.loc[(1, ""z"")]
 
+        # Partial key still goes through lexsort path
         df = df.iloc[[2, 1, 3, 0]]
         with tm.assert_produces_warning(performance_warning):
             df.loc[(0,)]",5,1,"@@ -25,9 +25,10 @@ def test_multiindex_perf_warn(self, performance_warning): } ).set_index([""jim"", ""joe""]) with tm.assert_produces_warning(performance_warning): df.loc[(1, ""z"")] df.loc[(1, ""z"")] df = df.iloc[[2, 1, 3, 0]] with tm.assert_produces_warning(performance_warning): df.loc[(0,)]",1,1,0,0,0,288
pandas-dev/pandas,d7645941071ad14c1079f24b70dbfb0d2dcafa55,"BUG: MultiIndex.get_loc returns scalar for unique key in non-unique index (#65234)

Co-authored-by: Claude Opus 4.6 (1M context) <noreply@anthropic.com>",pandas/tests/reshape/concat/test_index.py,"@@ -325,38 +325,28 @@ def test_concat_multiindex_(self):
         )
         tm.assert_frame_equal(result_df, expected_df)
 
-    def test_concat_with_key_not_unique(self, performance_warning):
+    def test_concat_with_key_not_unique(self):
         # GitHub #46519
         df1 = DataFrame({""name"": [1]})
         df2 = DataFrame({""name"": [2]})
         df3 = DataFrame({""name"": [3]})
         df_a = concat([df1, df2, df3], keys=[""x"", ""y"", ""x""])
-        # the warning is caused by indexing unsorted multi-index
-        with tm.assert_produces_warning(
-            performance_warning, match=""indexing past lexsort depth""
-        ):
-            out_a = df_a.loc[(""x"", 0), :]
+        out_a = df_a.loc[(""x"", 0), :]
         df_b = DataFrame(
             {""name"": [1, 2, 3]},
             index=MultiIndex(
                 levels=[[""x"", ""y""], range(1)], codes=[[0, 1, 0], [0, 0, 0]]
             ),
         )
-        with tm.assert_produces_warning(
-            performance_warning, match=""indexing past lexsort depth""
-        ):
-            out_b = df_b.loc[(""x"", 0)]
+        out_b = df_b.loc[(""x"", 0)]
 
         tm.assert_frame_equal(out_a, out_b)
 
         df1 = DataFrame({""name"": [""a"", ""a"", ""b""]})
         df2 = DataFrame({""name"": [""a"", ""b""]})
         df3 = DataFrame({""name"": [""c"", ""d""]})
         df_a = concat([df1, df2, df3], keys=[""x"", ""y"", ""x""])
-        with tm.assert_produces_warning(
-            performance_warning, match=""indexing past lexsort depth""
-        ):
-            out_a = df_a.loc[(""x"", 0), :]
+        out_a = df_a.loc[(""x"", 0), :]
 
         df_b = DataFrame(
             {
@@ -366,10 +356,7 @@ def test_concat_with_key_not_unique(self, performance_warning):
             }
         ).set_index([""a"", ""b""])
         df_b.index.names = [None, None]
-        with tm.assert_produces_warning(
-            performance_warning, match=""indexing past lexsort depth""
-        ):
-            out_b = df_b.loc[(""x"", 0), :]
+        out_b = df_b.loc[(""x"", 0), :]
 
         tm.assert_frame_equal(out_a, out_b)
 ",23,1,"@@ -325,38 +325,28 @@ def test_concat_multiindex_(self): ) tm.assert_frame_equal(result_df, expected_df) def test_concat_with_key_not_unique(self, performance_warning): def test_concat_with_key_not_unique(self): df1 = DataFrame({""name"": [1]}) df2 = DataFrame({""name"": [2]}) df3 = DataFrame({""name"": [3]}) df_a = concat([df1, df2, df3], keys=[""x"", ""y"", ""x""]) with tm.assert_produces_warning( performance_warning, match=""indexing past lexsort depth"" ): out_a = df_a.loc[(""x"", 0), :] out_a = df_a.loc[(""x"", 0), :] df_b = DataFrame( {""name"": [1, 2, 3]}, index=MultiIndex( levels=[[""x"", ""y""], range(1)], codes=[[0, 1, 0], [0, 0, 0]] ), ) with tm.assert_produces_warning( performance_warning, match=""indexing past lexsort depth"" ): out_b = df_b.loc[(""x"", 0)] out_b = df_b.loc[(""x"", 0)] tm.assert_frame_equal(out_a, out_b) df1 = DataFrame({""name"": [""a"", ""a"", ""b""]}) df2 = DataFrame({""name"": [""a"", ""b""]}) df3 = DataFrame({""name"": [""c"", ""d""]}) df_a = concat([df1, df2, df3], keys=[""x"", ""y"", ""x""]) with tm.assert_produces_warning( performance_warning, match=""indexing past lexsort depth"" ): out_a = df_a.loc[(""x"", 0), :] out_a = df_a.loc[(""x"", 0), :] df_b = DataFrame( { @@ -366,10 +356,7 @@ def test_concat_with_key_not_unique(self, performance_warning): } ).set_index([""a"", ""b""]) df_b.index.names = [None, None] with tm.assert_produces_warning( performance_warning, match=""indexing past lexsort depth"" ): out_b = df_b.loc[(""x"", 0), :] out_b = df_b.loc[(""x"", 0), :] tm.assert_frame_equal(out_a, out_b)",1,4,0,0,0,1492
pandas-dev/pandas,c818cc097a920402b7650bc750a0c5f3a20e7f1a,BUG/TST: add test for _cast_pointwise_result robustness + fix some cases (#65318),pandas/core/arrays/categorical.py,"@@ -559,7 +559,10 @@ def _cast_pointwise_result(self, values) -> ArrayLike:
                 ""ignore"",
                 ""Constructing a Categorical with a dtype and values containing"",
             )
-            cat = type(self)._from_sequence(res, dtype=self.dtype)
+            try:
+                cat = type(self)._from_sequence(res, dtype=self.dtype)
+            except (TypeError, ValueError):
+                return res
         if (cat.isna() == isna(res)).all():
             # i.e. the conversion was non-lossy
             return cat",5,1,"@@ -559,7 +559,10 @@ def _cast_pointwise_result(self, values) -> ArrayLike: ""ignore"", ""Constructing a Categorical with a dtype and values containing"", ) cat = type(self)._from_sequence(res, dtype=self.dtype) try: cat = type(self)._from_sequence(res, dtype=self.dtype) except (TypeError, ValueError): return res if (cat.isna() == isna(res)).all(): return cat",1,1,0,1,2,357
pandas-dev/pandas,c818cc097a920402b7650bc750a0c5f3a20e7f1a,BUG/TST: add test for _cast_pointwise_result robustness + fix some cases (#65318),pandas/core/arrays/masked.py,"@@ -36,6 +36,7 @@
 from pandas.core.dtypes.astype import astype_is_view
 from pandas.core.dtypes.base import ExtensionDtype
 from pandas.core.dtypes.cast import (
+    construct_1d_object_array_from_listlike,
     maybe_downcast_to_dtype,
 )
 from pandas.core.dtypes.common import (
@@ -168,7 +169,8 @@ def _from_sequence(cls, scalars, *, dtype=None, copy: bool = False) -> Self:
     def _cast_pointwise_result(self, values) -> ArrayLike:
         if isna(values).all():
             return type(self)._from_sequence(values, dtype=self.dtype)
-        values = np.asarray(values, dtype=object)
+        if not (isinstance(values, np.ndarray) and values.dtype == object):
+            values = construct_1d_object_array_from_listlike(values)
         result = lib.maybe_convert_objects(values, convert_to_nullable_dtype=True)
         lkind = self.dtype.kind
         rkind = result.dtype.kind",4,1,"@@ -36,6 +36,7 @@ from pandas.core.dtypes.astype import astype_is_view from pandas.core.dtypes.base import ExtensionDtype from pandas.core.dtypes.cast import ( construct_1d_object_array_from_listlike, maybe_downcast_to_dtype, ) from pandas.core.dtypes.common import ( @@ -168,7 +169,8 @@ def _from_sequence(cls, scalars, *, dtype=None, copy: bool = False) -> Self: def _cast_pointwise_result(self, values) -> ArrayLike: if isna(values).all(): return type(self)._from_sequence(values, dtype=self.dtype) values = np.asarray(values, dtype=object) if not (isinstance(values, np.ndarray) and values.dtype == object): values = construct_1d_object_array_from_listlike(values) result = lib.maybe_convert_objects(values, convert_to_nullable_dtype=True) lkind = self.dtype.kind rkind = result.dtype.kind",1,2,0,2,0,793
pandas-dev/pandas,c818cc097a920402b7650bc750a0c5f3a20e7f1a,BUG/TST: add test for _cast_pointwise_result robustness + fix some cases (#65318),pandas/core/arrays/sparse/array.py,"@@ -44,6 +44,7 @@
 
 from pandas.core.dtypes.astype import astype_array
 from pandas.core.dtypes.cast import (
+    construct_1d_object_array_from_listlike,
     find_common_type,
     maybe_box_datetimelike,
 )
@@ -624,7 +625,8 @@ def _from_factorized(cls, values, original) -> Self:
         return cls(values, dtype=original.dtype)
 
     def _cast_pointwise_result(self, values):
-        values = np.asarray(values, dtype=object)
+        if not (isinstance(values, np.ndarray) and values.dtype == object):
+            values = construct_1d_object_array_from_listlike(values)
         result = lib.maybe_convert_objects(values, convert_non_numeric=True)
         if result.dtype.kind == self.dtype.kind:
             try:",4,1,"@@ -44,6 +44,7 @@ from pandas.core.dtypes.astype import astype_array from pandas.core.dtypes.cast import ( construct_1d_object_array_from_listlike, find_common_type, maybe_box_datetimelike, ) @@ -624,7 +625,8 @@ def _from_factorized(cls, values, original) -> Self: return cls(values, dtype=original.dtype) def _cast_pointwise_result(self, values): values = np.asarray(values, dtype=object) if not (isinstance(values, np.ndarray) and values.dtype == object): values = construct_1d_object_array_from_listlike(values) result = lib.maybe_convert_objects(values, convert_non_numeric=True) if result.dtype.kind == self.dtype.kind: try:",1,2,0,2,1,629
pandas-dev/pandas,c818cc097a920402b7650bc750a0c5f3a20e7f1a,BUG/TST: add test for _cast_pointwise_result robustness + fix some cases (#65318),pandas/core/arrays/string_arrow.py,"@@ -21,6 +21,7 @@
 from pandas.util._decorators import set_module
 from pandas.util._validators import validate_na_arg
 
+from pandas.core.dtypes.cast import construct_1d_object_array_from_listlike
 from pandas.core.dtypes.common import (
     is_scalar,
     pandas_dtype,
@@ -173,14 +174,14 @@ def _cast_pointwise_result(self, values) -> ArrayLike:
         try:
             arr = pa.array(values, from_pandas=True)
         except (ValueError, TypeError):
-            values = np.asarray(values, dtype=object)
+            values = construct_1d_object_array_from_listlike(values)
             return lib.maybe_convert_objects(values, convert_non_numeric=True)
         if pa.types.is_string(arr.type) or pa.types.is_large_string(arr.type):
             return self._from_pyarrow_array(arr)
         if self.dtype.na_value is np.nan:
             # ArrowEA has different semantics, so we return numpy-based
             #  result instead
-            values = np.asarray(values, dtype=object)
+            values = construct_1d_object_array_from_listlike(values)
             return lib.maybe_convert_objects(values, convert_non_numeric=True)
         return ArrowExtensionArray(arr)
 ",5,1,"@@ -21,6 +21,7 @@ from pandas.util._decorators import set_module from pandas.util._validators import validate_na_arg from pandas.core.dtypes.cast import construct_1d_object_array_from_listlike from pandas.core.dtypes.common import ( is_scalar, pandas_dtype, @@ -173,14 +174,14 @@ def _cast_pointwise_result(self, values) -> ArrayLike: try: arr = pa.array(values, from_pandas=True) except (ValueError, TypeError): values = np.asarray(values, dtype=object) values = construct_1d_object_array_from_listlike(values) return lib.maybe_convert_objects(values, convert_non_numeric=True) if pa.types.is_string(arr.type) or pa.types.is_large_string(arr.type): return self._from_pyarrow_array(arr) if self.dtype.na_value is np.nan: values = np.asarray(values, dtype=object) values = construct_1d_object_array_from_listlike(values) return lib.maybe_convert_objects(values, convert_non_numeric=True) return ArrowExtensionArray(arr)",1,1,0,2,2,918
pandas-dev/pandas,c818cc097a920402b7650bc750a0c5f3a20e7f1a,BUG/TST: add test for _cast_pointwise_result robustness + fix some cases (#65318),pandas/tests/extension/base/interface.py,"@@ -9,6 +9,7 @@
 
 import pandas as pd
 import pandas._testing as tm
+from pandas.api.extensions import ExtensionArray
 
 
 class BaseInterfaceTests:
@@ -170,3 +171,34 @@ def test_tolist(self, data):
         expected = list(data)
         assert isinstance(result, list)
         assert result == expected
+
+    def test_cast_pointwise_result_robust_any_input(self, data):
+        # the _cast_pointwise_result method should be robust to any input,
+        # and if it receives input it cannot handle for its own dtype (family),
+        # always fall back to return a generic array instead of raising an error
+        values = [
+            1,
+            ""a"",
+            (1, 2),
+            [1, 2],
+            {""x"": 1},
+            pd.NA,
+            None,
+            np.nan,
+            pd.Timestamp(""2020-01-01""),
+            pd.Timedelta(""1D""),
+            True,
+        ]
+
+        result = data._cast_pointwise_result(values)
+        assert len(result) == len(values)
+        assert isinstance(result, (ExtensionArray, np.ndarray))
+
+        for val in values:
+            result = data._cast_pointwise_result([val])
+            assert len(result) == 1
+            assert isinstance(result, (ExtensionArray, np.ndarray))
+
+            result = data._cast_pointwise_result([val, val, val])
+            assert len(result) == 3
+            assert isinstance(result, (ExtensionArray, np.ndarray))",32,1,"@@ -9,6 +9,7 @@ import pandas as pd import pandas._testing as tm from pandas.api.extensions import ExtensionArray class BaseInterfaceTests: @@ -170,3 +171,34 @@ def test_tolist(self, data): expected = list(data) assert isinstance(result, list) assert result == expected def test_cast_pointwise_result_robust_any_input(self, data): values = [ 1, ""a"", (1, 2), [1, 2], {""x"": 1}, pd.NA, None, np.nan, pd.Timestamp(""2020-01-01""), pd.Timedelta(""1D""), True, ] result = data._cast_pointwise_result(values) assert len(result) == len(values) assert isinstance(result, (ExtensionArray, np.ndarray)) for val in values: result = data._cast_pointwise_result([val]) assert len(result) == 1 assert isinstance(result, (ExtensionArray, np.ndarray)) result = data._cast_pointwise_result([val, val, val]) assert len(result) == 3 assert isinstance(result, (ExtensionArray, np.ndarray))",1,2,1,0,0,864
pandas-dev/pandas,c818cc097a920402b7650bc750a0c5f3a20e7f1a,BUG/TST: add test for _cast_pointwise_result robustness + fix some cases (#65318),pandas/tests/extension/json/array.py,"@@ -100,7 +100,7 @@ def _cast_pointwise_result(self, values):
             # TODO replace with public function
             from pandas._libs import lib
 
-            values = np.asarray(values, dtype=object)
+            values = construct_1d_object_array_from_listlike(values)
             return lib.maybe_convert_objects(values, convert_non_numeric=True)
 
     def __getitem__(self, item):",2,1,"@@ -100,7 +100,7 @@ def _cast_pointwise_result(self, values): from pandas._libs import lib values = np.asarray(values, dtype=object) values = construct_1d_object_array_from_listlike(values) return lib.maybe_convert_objects(values, convert_non_numeric=True) def __getitem__(self, item):",1,2,0,0,0,285
pandas-dev/pandas,af4c3f03f59d53795ebba62eb9e0c5d0775de2d0,"BUG: fix .loc with tuple key on MultiIndex with IntervalIndex level (#65239)

Co-authored-by: Claude Opus 4.6 (1M context) <noreply@anthropic.com>",pandas/core/indexes/multi.py,"@@ -3660,8 +3660,10 @@ def _maybe_to_slice(loc):
                 return self._engine.get_loc(key)
             except KeyError as err:
                 raise KeyError(key) from err
-            except TypeError:
-                # e.g. test_partial_slicing_with_multiindex partial string slicing
+            except (TypeError, ValueError):
+                # TypeError: e.g. test_partial_slicing_with_multiindex
+                #  partial string slicing
+                # ValueError: e.g. IntervalIndex level (GH#27456)
                 loc, _ = self.get_loc_level(key, range(self.nlevels))
                 return loc
 
@@ -3699,9 +3701,16 @@ def _maybe_to_slice(loc):
         loc = np.arange(start, stop, dtype=np.intp)
 
         for i, k in enumerate(follow_key, len(lead_key)):
-            mask = self.codes[i][loc] == self._get_loc_single_level_index(
-                self.levels[i], k
-            )
+            level_idx = self._get_loc_single_level_index(self.levels[i], k)
+            if is_integer(level_idx):
+                mask = self.codes[i][loc] == level_idx
+            else:
+                # GH#27456: level_idx may be a slice or bool ndarray
+                # (e.g. overlapping IntervalIndex). Normalize to a
+                # boolean mask over the level, then map via codes.
+                level_mask = np.zeros(len(self.levels[i]), dtype=bool)
+                level_mask[level_idx] = True
+                mask = level_mask[self.codes[i][loc]]
             if not mask.all():
                 loc = loc[mask]
             if not len(loc):
@@ -3838,9 +3847,12 @@ def maybe_mi_droplevels(indexer, levels):
                         return (self._engine.get_loc(key), None)
                     except KeyError as err:
                         raise KeyError(key) from err
-                    except TypeError:
-                        # e.g. partial string indexing
+                    except (TypeError, ValueError):
+                        # TypeError: e.g. partial string indexing
                         #  test_partial_string_timestamp_multiindex
+                        # ValueError: e.g. IntervalIndex level where the
+                        #  engine can't convert scalar to interval code
+                        #  (GH#27456)
                         pass
 
                 # partial selection
@@ -3864,6 +3876,14 @@ def maybe_mi_droplevels(indexer, levels):
                         and key[i] != slice(None, None)
                     ]
                     if len(ilevels) == self.nlevels:
+                        # GH#27456: if the indexer is a boolean mask with a
+                        # single match (e.g. scalar in overlapping
+                        # IntervalIndex level), reduce to int so callers
+                        # get scalar semantics.
+                        if isinstance(indexer, np.ndarray) and indexer.dtype == bool:
+                            (inds,) = indexer.nonzero()
+                            if len(inds) == 1:
+                                return inds[0].item(), None
                         # TODO: why?
                         ilevels = []
                 return indexer, maybe_mi_droplevels(indexer, ilevels)
@@ -4010,18 +4030,34 @@ def convert_indexer(start, stop, step, indexer=indexer, codes=level_codes):
 
             if level > 0 or self._lexsort_depth == 0:
                 # Desired level is not sorted
-                if isinstance(idx, slice):
-                    # test_get_loc_partial_timestamp_multiindex
-                    locs = (level_codes >= idx.start) & (level_codes < idx.stop)
-                    return locs
-
-                locs = np.asarray(level_codes == idx, dtype=bool)
+                if is_integer(idx):
+                    locs = np.asarray(level_codes == idx, dtype=bool)
+                else:
+                    # GH#27456: idx is a slice or bool ndarray
+                    # (e.g. overlapping IntervalIndex). Normalize to a
+                    # boolean mask over the level, then map to row positions.
+                    level_mask = np.zeros(len(level_index), dtype=bool)
+                    level_mask[idx] = True
+                    locs = level_mask[level_codes]
+                    locs[level_codes == -1] = False
 
                 if not locs.any():
                     # The label is present in self.levels[level] but unused:
                     raise KeyError(key)
                 return locs
 
+            if isinstance(idx, np.ndarray):
+                # GH#27456: idx is a bool ndarray (e.g. overlapping
+                # IntervalIndex); searchsorted can only handle scalars, so
+                # fall back to the mask approach.
+                level_mask = np.zeros(len(level_index), dtype=bool)
+                level_mask[idx] = True
+                locs = level_mask[level_codes]
+                locs[level_codes == -1] = False
+                if not locs.any():
+                    raise KeyError(key)
+                return locs
+
             if isinstance(idx, slice):
                 # e.g. test_partial_string_timestamp_multiindex
                 start = algos.searchsorted(level_codes, idx.start, side=""left"")",62,1,"@@ -3660,8 +3660,10 @@ def _maybe_to_slice(loc): return self._engine.get_loc(key) except KeyError as err: raise KeyError(key) from err except TypeError: except (TypeError, ValueError): loc, _ = self.get_loc_level(key, range(self.nlevels)) return loc @@ -3699,9 +3701,16 @@ def _maybe_to_slice(loc): loc = np.arange(start, stop, dtype=np.intp) for i, k in enumerate(follow_key, len(lead_key)): mask = self.codes[i][loc] == self._get_loc_single_level_index( self.levels[i], k ) level_idx = self._get_loc_single_level_index(self.levels[i], k) if is_integer(level_idx): mask = self.codes[i][loc] == level_idx else: level_mask = np.zeros(len(self.levels[i]), dtype=bool) level_mask[level_idx] = True mask = level_mask[self.codes[i][loc]] if not mask.all(): loc = loc[mask] if not len(loc): @@ -3838,9 +3847,12 @@ def maybe_mi_droplevels(indexer, levels): return (self._engine.get_loc(key), None) except KeyError as err: raise KeyError(key) from err except TypeError: except (TypeError, ValueError): pass @@ -3864,6 +3876,14 @@ def maybe_mi_droplevels(indexer, levels): and key[i] != slice(None, None) ] if len(ilevels) == self.nlevels: if isinstance(indexer, np.ndarray) and indexer.dtype == bool: (inds,) = indexer.nonzero() if len(inds) == 1: return inds[0].item(), None ilevels = [] return indexer, maybe_mi_droplevels(indexer, ilevels) @@ -4010,18 +4030,34 @@ def convert_indexer(start, stop, step, indexer=indexer, codes=level_codes): if level > 0 or self._lexsort_depth == 0: if isinstance(idx, slice): locs = (level_codes >= idx.start) & (level_codes < idx.stop) return locs locs = np.asarray(level_codes == idx, dtype=bool) if is_integer(idx): locs = np.asarray(level_codes == idx, dtype=bool) else: level_mask = np.zeros(len(level_index), dtype=bool) level_mask[idx] = True locs = level_mask[level_codes] locs[level_codes == -1] = False if not locs.any(): raise KeyError(key) return locs if isinstance(idx, np.ndarray): level_mask = np.zeros(len(level_index), dtype=bool) level_mask[idx] = True locs = level_mask[level_codes] locs[level_codes == -1] = False if not locs.any(): raise KeyError(key) return locs if isinstance(idx, slice): start = algos.searchsorted(level_codes, idx.start, side=""left"")",1,5,1,13,6,2203
pandas-dev/pandas,af4c3f03f59d53795ebba62eb9e0c5d0775de2d0,"BUG: fix .loc with tuple key on MultiIndex with IntervalIndex level (#65239)

Co-authored-by: Claude Opus 4.6 (1M context) <noreply@anthropic.com>",pandas/tests/indexing/multiindex/test_loc.py,"@@ -1030,3 +1030,37 @@ def test_loc_np_datetime64_key_on_object_dt64_level():
     result = df.loc[(np.datetime64(""2023-01-01"", ""s""), ""A"")]
     expected = DataFrame({""val"": [1]}, index=Index([""X""]))
     tm.assert_frame_equal(result, expected)
+
+
+def test_loc_multiindex_with_overlapping_interval_single_match():
+    # GH#27456 - tuple .loc on MultiIndex with overlapping IntervalIndex
+    # level returned Series instead of scalar when only one interval matched
+    idx = MultiIndex.from_arrays(
+        [
+            Index([""label1"", ""label1"", ""label2"", ""label2""]),
+            pd.IntervalIndex.from_arrays([1, 3, 1, 2], [3, 4, 2, 4]),
+        ]
+    )
+    ser = Series([1, 2, 3, 4], index=idx, name=""Value"")
+
+    result = ser.loc[(""label1"", 1.5)]
+    expected = ser.loc[""label1""].loc[1.5]
+    assert result == expected == 1
+
+
+def test_loc_multiindex_with_overlapping_interval_multiple_matches():
+    # GH#27456 - tuple .loc on MultiIndex where the scalar falls in
+    # multiple overlapping intervals for the same outer label;
+    # the intervals in the level are non-contiguous (get_loc returns
+    # a boolean array, not a slice)
+    idx = MultiIndex.from_arrays(
+        [
+            Index([""A"", ""A"", ""B"", ""B""]),
+            pd.IntervalIndex.from_arrays([1, 0, 0.5, 2], [3, 2, 0.8, 4]),
+        ]
+    )
+    ser = Series([10, 20, 30, 40], index=idx, name=""Value"")
+
+    result = ser.loc[(""A"", 1.5)]
+    expected = np.array([10, 20], dtype=result.values.dtype)
+    tm.assert_numpy_array_equal(result.values, expected)",34,1,"@@ -1030,3 +1030,37 @@ def test_loc_np_datetime64_key_on_object_dt64_level(): result = df.loc[(np.datetime64(""2023-01-01"", ""s""), ""A"")] expected = DataFrame({""val"": [1]}, index=Index([""X""])) tm.assert_frame_equal(result, expected) def test_loc_multiindex_with_overlapping_interval_single_match(): idx = MultiIndex.from_arrays( [ Index([""label1"", ""label1"", ""label2"", ""label2""]), pd.IntervalIndex.from_arrays([1, 3, 1, 2], [3, 4, 2, 4]), ] ) ser = Series([1, 2, 3, 4], index=idx, name=""Value"") result = ser.loc[(""label1"", 1.5)] expected = ser.loc[""label1""].loc[1.5] assert result == expected == 1 def test_loc_multiindex_with_overlapping_interval_multiple_matches(): idx = MultiIndex.from_arrays( [ Index([""A"", ""A"", ""B"", ""B""]), pd.IntervalIndex.from_arrays([1, 0, 0.5, 2], [3, 2, 0.8, 4]), ] ) ser = Series([10, 20, 30, 40], index=idx, name=""Value"") result = ser.loc[(""A"", 1.5)] expected = np.array([10, 20], dtype=result.values.dtype) tm.assert_numpy_array_equal(result.values, expected)",1,3,0,0,0,985
pandas-dev/pandas,f390ced77a1d932bfcc6a462e9da7e46d21dd0b6,BUG: permit building from source with mingw (#64849),pandas/io/parsers/arrow_parser_wrapper.py,"@@ -99,11 +99,11 @@ def _get_pyarrow_options(self) -> None:
         if on_bad_lines is not None:
             if callable(on_bad_lines):
                 self.parse_options[""invalid_row_handler""] = on_bad_lines
-            elif on_bad_lines == ParserBase.BadLineHandleMethod.ERROR:
+            elif on_bad_lines == ParserBase.BadLineHandleMethod.BLHM_ERROR:
                 self.parse_options[""invalid_row_handler""] = (
                     None  # PyArrow raises an exception by default
                 )
-            elif on_bad_lines == ParserBase.BadLineHandleMethod.WARN:
+            elif on_bad_lines == ParserBase.BadLineHandleMethod.BLHM_WARN:
 
                 def handle_warning(invalid_row) -> str:
                     warnings.warn(
@@ -115,7 +115,7 @@ def handle_warning(invalid_row) -> str:
                     return ""skip""
 
                 self.parse_options[""invalid_row_handler""] = handle_warning
-            elif on_bad_lines == ParserBase.BadLineHandleMethod.SKIP:
+            elif on_bad_lines == ParserBase.BadLineHandleMethod.BLHM_SKIP:
                 self.parse_options[""invalid_row_handler""] = lambda _: ""skip""
 
         self.convert_options = {",6,1,"@@ -99,11 +99,11 @@ def _get_pyarrow_options(self) -> None: if on_bad_lines is not None: if callable(on_bad_lines): self.parse_options[""invalid_row_handler""] = on_bad_lines elif on_bad_lines == ParserBase.BadLineHandleMethod.ERROR: elif on_bad_lines == ParserBase.BadLineHandleMethod.BLHM_ERROR: self.parse_options[""invalid_row_handler""] = ( None ) elif on_bad_lines == ParserBase.BadLineHandleMethod.WARN: elif on_bad_lines == ParserBase.BadLineHandleMethod.BLHM_WARN: def handle_warning(invalid_row) -> str: warnings.warn( @@ -115,7 +115,7 @@ def handle_warning(invalid_row) -> str: return ""skip"" self.parse_options[""invalid_row_handler""] = handle_warning elif on_bad_lines == ParserBase.BadLineHandleMethod.SKIP: elif on_bad_lines == ParserBase.BadLineHandleMethod.BLHM_SKIP: self.parse_options[""invalid_row_handler""] = lambda _: ""skip"" self.convert_options = {",1,3,0,8,0,864
pandas-dev/pandas,f390ced77a1d932bfcc6a462e9da7e46d21dd0b6,BUG: permit building from source with mingw (#64849),pandas/io/parsers/base_parser.py,"@@ -85,9 +85,9 @@
 
 class ParserBase:
     class BadLineHandleMethod(Enum):
-        ERROR = 0
-        WARN = 1
-        SKIP = 2
+        BLHM_ERROR = 0
+        BLHM_WARN = 1
+        BLHM_SKIP = 2
 
     _implicit_index: bool
     _first_chunk: bool
@@ -166,7 +166,9 @@ def __init__(self, kwds) -> None:
 
         # Fallback to error to pass a sketchy test(test_override_set_noconvert_columns)
         # Normally, this arg would get pre-processed earlier on
-        self.on_bad_lines = kwds.get(""on_bad_lines"", self.BadLineHandleMethod.ERROR)
+        self.on_bad_lines = kwds.get(
+            ""on_bad_lines"", self.BadLineHandleMethod.BLHM_ERROR
+        )
 
     def close(self) -> None:
         pass
@@ -828,7 +830,7 @@ def date_converter(
     ""compression"": None,
     ""skip_blank_lines"": True,
     ""encoding_errors"": ""strict"",
-    ""on_bad_lines"": ParserBase.BadLineHandleMethod.ERROR,
+    ""on_bad_lines"": ParserBase.BadLineHandleMethod.BLHM_ERROR,
     ""dtype_backend"": lib.no_default,
 }
 ",12,1,"@@ -85,9 +85,9 @@ class ParserBase: class BadLineHandleMethod(Enum): ERROR = 0 WARN = 1 SKIP = 2 BLHM_ERROR = 0 BLHM_WARN = 1 BLHM_SKIP = 2 _implicit_index: bool _first_chunk: bool @@ -166,7 +166,9 @@ def __init__(self, kwds) -> None: self.on_bad_lines = kwds.get(""on_bad_lines"", self.BadLineHandleMethod.ERROR) self.on_bad_lines = kwds.get( ""on_bad_lines"", self.BadLineHandleMethod.BLHM_ERROR ) def close(self) -> None: pass @@ -828,7 +830,7 @@ def date_converter( ""compression"": None, ""skip_blank_lines"": True, ""encoding_errors"": ""strict"", ""on_bad_lines"": ParserBase.BadLineHandleMethod.ERROR, ""on_bad_lines"": ParserBase.BadLineHandleMethod.BLHM_ERROR, ""dtype_backend"": lib.no_default, }",1,3,0,0,0,689
pandas-dev/pandas,f390ced77a1d932bfcc6a462e9da7e46d21dd0b6,BUG: permit building from source with mingw (#64849),pandas/io/parsers/python_parser.py,"@@ -954,8 +954,8 @@ def _alert_malformed(self, msg: str, row_num: int) -> None:
         Alert a user about a malformed row, depending on value of
         `self.on_bad_lines` enum.
 
-        If `self.on_bad_lines` is ERROR, the alert will be `ParserError`.
-        If `self.on_bad_lines` is WARN, the alert will be printed out.
+        If `self.on_bad_lines` is BLHM_ERROR, the alert will be `ParserError`.
+        If `self.on_bad_lines` is BLHM_WARN, the alert will be printed out.
 
         Parameters
         ----------
@@ -966,9 +966,9 @@ def _alert_malformed(self, msg: str, row_num: int) -> None:
             Because this row number is displayed, we 1-index,
             even though we 0-index internally.
         """"""
-        if self.on_bad_lines == self.BadLineHandleMethod.ERROR:
+        if self.on_bad_lines == self.BadLineHandleMethod.BLHM_ERROR:
             raise ParserError(msg)
-        if self.on_bad_lines == self.BadLineHandleMethod.WARN or callable(
+        if self.on_bad_lines == self.BadLineHandleMethod.BLHM_WARN or callable(
             self.on_bad_lines
         ):
             warnings.warn(
@@ -997,8 +997,8 @@ def _next_iter_line(self, row_num: int) -> list[Scalar] | None:
             return line  # type: ignore[return-value]
         except csv.Error as e:
             if self.on_bad_lines in (
-                self.BadLineHandleMethod.ERROR,
-                self.BadLineHandleMethod.WARN,
+                self.BadLineHandleMethod.BLHM_ERROR,
+                self.BadLineHandleMethod.BLHM_WARN,
             ):
                 msg = str(e)
 
@@ -1217,12 +1217,12 @@ def _rows_to_cols(self, content: list[list[Scalar]]) -> list[np.ndarray]:
                             content.append(new_l)
 
                     elif self.on_bad_lines in (
-                        self.BadLineHandleMethod.ERROR,
-                        self.BadLineHandleMethod.WARN,
+                        self.BadLineHandleMethod.BLHM_ERROR,
+                        self.BadLineHandleMethod.BLHM_WARN,
                     ):
                         row_num = self.pos - (content_len - i + footers)
                         bad_lines.append((row_num, actual_len, ""normal""))
-                        if self.on_bad_lines == self.BadLineHandleMethod.ERROR:
+                        if self.on_bad_lines == self.BadLineHandleMethod.BLHM_ERROR:
                             break
                 else:
                     content.append(_content)",18,1,"@@ -954,8 +954,8 @@ def _alert_malformed(self, msg: str, row_num: int) -> None: Alert a user about a malformed row, depending on value of `self.on_bad_lines` enum. If `self.on_bad_lines` is ERROR, the alert will be `ParserError`. If `self.on_bad_lines` is WARN, the alert will be printed out. If `self.on_bad_lines` is BLHM_ERROR, the alert will be `ParserError`. If `self.on_bad_lines` is BLHM_WARN, the alert will be printed out. Parameters ---------- @@ -966,9 +966,9 @@ def _alert_malformed(self, msg: str, row_num: int) -> None: Because this row number is displayed, we 1-index, even though we 0-index internally. """""" if self.on_bad_lines == self.BadLineHandleMethod.ERROR: if self.on_bad_lines == self.BadLineHandleMethod.BLHM_ERROR: raise ParserError(msg) if self.on_bad_lines == self.BadLineHandleMethod.WARN or callable( if self.on_bad_lines == self.BadLineHandleMethod.BLHM_WARN or callable( self.on_bad_lines ): warnings.warn( @@ -997,8 +997,8 @@ def _next_iter_line(self, row_num: int) -> list[Scalar] | None: return line except csv.Error as e: if self.on_bad_lines in ( self.BadLineHandleMethod.ERROR, self.BadLineHandleMethod.WARN, self.BadLineHandleMethod.BLHM_ERROR, self.BadLineHandleMethod.BLHM_WARN, ): msg = str(e) @@ -1217,12 +1217,12 @@ def _rows_to_cols(self, content: list[list[Scalar]]) -> list[np.ndarray]: content.append(new_l) elif self.on_bad_lines in ( self.BadLineHandleMethod.ERROR, self.BadLineHandleMethod.WARN, self.BadLineHandleMethod.BLHM_ERROR, self.BadLineHandleMethod.BLHM_WARN, ): row_num = self.pos - (content_len - i + footers) bad_lines.append((row_num, actual_len, ""normal"")) if self.on_bad_lines == self.BadLineHandleMethod.ERROR: if self.on_bad_lines == self.BadLineHandleMethod.BLHM_ERROR: break else: content.append(_content)",1,4,0,8,1,1774
pandas-dev/pandas,f390ced77a1d932bfcc6a462e9da7e46d21dd0b6,BUG: permit building from source with mingw (#64849),pandas/io/parsers/readers.py,"@@ -2261,11 +2261,11 @@ def _refine_defaults_read(
         kwds[""engine_specified""] = False
 
     if on_bad_lines == ""error"":
-        kwds[""on_bad_lines""] = ParserBase.BadLineHandleMethod.ERROR
+        kwds[""on_bad_lines""] = ParserBase.BadLineHandleMethod.BLHM_ERROR
     elif on_bad_lines == ""warn"":
-        kwds[""on_bad_lines""] = ParserBase.BadLineHandleMethod.WARN
+        kwds[""on_bad_lines""] = ParserBase.BadLineHandleMethod.BLHM_WARN
     elif on_bad_lines == ""skip"":
-        kwds[""on_bad_lines""] = ParserBase.BadLineHandleMethod.SKIP
+        kwds[""on_bad_lines""] = ParserBase.BadLineHandleMethod.BLHM_SKIP
     elif callable(on_bad_lines):
         if engine not in [""python"", ""pyarrow""]:
             raise ValueError(",6,1,"@@ -2261,11 +2261,11 @@ def _refine_defaults_read( kwds[""engine_specified""] = False if on_bad_lines == ""error"": kwds[""on_bad_lines""] = ParserBase.BadLineHandleMethod.ERROR kwds[""on_bad_lines""] = ParserBase.BadLineHandleMethod.BLHM_ERROR elif on_bad_lines == ""warn"": kwds[""on_bad_lines""] = ParserBase.BadLineHandleMethod.WARN kwds[""on_bad_lines""] = ParserBase.BadLineHandleMethod.BLHM_WARN elif on_bad_lines == ""skip"": kwds[""on_bad_lines""] = ParserBase.BadLineHandleMethod.SKIP kwds[""on_bad_lines""] = ParserBase.BadLineHandleMethod.BLHM_SKIP elif callable(on_bad_lines): if engine not in [""python"", ""pyarrow""]: raise ValueError(",1,1,0,5,0,627
pandas-dev/pandas,5fef3cdd616722e14661cf9c1c71e1211bcd3312,"BUG: DataFrame.loc setitem with list-like value on single-column EA DataFrame (#65241)

Co-authored-by: Claude Opus 4.6 (1M context) <noreply@anthropic.com>",pandas/core/indexing.py,"@@ -2410,6 +2410,20 @@ def _decide_split_path(self, indexer, value) -> bool:
                     take_split_path = True
                     break
 
+        # GH#44103 - setting a scalar row across columns with a list-like
+        # value must go through the split path so each column gets its
+        # corresponding scalar value.
+        if (
+            not take_split_path
+            and isinstance(indexer, tuple)
+            and len(indexer) == 2
+            and is_integer(indexer[0])
+            and not is_integer(indexer[1])
+            and is_list_like(value)
+            and not isinstance(value, (ABCSeries, ABCDataFrame))
+        ):
+            take_split_path = True
+
         return take_split_path
 
     def _setitem_new_column(self, indexer, key, value, name: str) -> None:",14,1,"@@ -2410,6 +2410,20 @@ def _decide_split_path(self, indexer, value) -> bool: take_split_path = True break if ( not take_split_path and isinstance(indexer, tuple) and len(indexer) == 2 and is_integer(indexer[0]) and not is_integer(indexer[1]) and is_list_like(value) and not isinstance(value, (ABCSeries, ABCDataFrame)) ): take_split_path = True return take_split_path def _setitem_new_column(self, indexer, key, value, name: str) -> None:",1,2,0,1,0,438
pandas-dev/pandas,5fef3cdd616722e14661cf9c1c71e1211bcd3312,"BUG: DataFrame.loc setitem with list-like value on single-column EA DataFrame (#65241)

Co-authored-by: Claude Opus 4.6 (1M context) <noreply@anthropic.com>",pandas/tests/indexing/test_loc.py,"@@ -3055,6 +3055,34 @@ def test_loc_named_index(self):
         tm.assert_frame_equal(result, expected)
         assert result.index.name is None
 
+    def test_loc_setitem_single_column_listlike_value(self):
+        # GH#44103
+        df = DataFrame({""a"": [None, ""two""]}, index=[0, 1], dtype=""string"")
+        df.loc[0, [""a""]] = [""one""]
+        expected = DataFrame({""a"": [""one"", ""two""]}, index=[0, 1], dtype=""string"")
+        tm.assert_frame_equal(df, expected)
+
+    def test_loc_setitem_single_column_ea_value(self):
+        # GH#44103
+        df = DataFrame({""a"": [None, ""two""]}, index=[0, 1], dtype=""string"")
+        df.loc[0, [""a""]] = pd.array([""one""], dtype=""string"")
+        expected = DataFrame({""a"": [""one"", ""two""]}, index=[0, 1], dtype=""string"")
+        tm.assert_frame_equal(df, expected)
+
+    def test_loc_setitem_multi_column_listlike_value(self):
+        # GH#44103 - multi-column assignment with a list-like value on a
+        # single-block DataFrame (EA dtype)
+        df = DataFrame(
+            {""a"": [None, ""two""], ""b"": [""1"", ""2""]}, index=[0, 1], dtype=""string""
+        )
+        df.loc[0, [""a"", ""b""]] = [""new_a"", ""new_b""]
+        expected = DataFrame(
+            {""a"": [""new_a"", ""two""], ""b"": [""new_b"", ""2""]},
+            index=[0, 1],
+            dtype=""string"",
+        )
+        tm.assert_frame_equal(df, expected)
+
 
 @pytest.mark.parametrize(
     ""columns, column_key, expected_columns"",",28,1,"@@ -3055,6 +3055,34 @@ def test_loc_named_index(self): tm.assert_frame_equal(result, expected) assert result.index.name is None def test_loc_setitem_single_column_listlike_value(self): df = DataFrame({""a"": [None, ""two""]}, index=[0, 1], dtype=""string"") df.loc[0, [""a""]] = [""one""] expected = DataFrame({""a"": [""one"", ""two""]}, index=[0, 1], dtype=""string"") tm.assert_frame_equal(df, expected) def test_loc_setitem_single_column_ea_value(self): df = DataFrame({""a"": [None, ""two""]}, index=[0, 1], dtype=""string"") df.loc[0, [""a""]] = pd.array([""one""], dtype=""string"") expected = DataFrame({""a"": [""one"", ""two""]}, index=[0, 1], dtype=""string"") tm.assert_frame_equal(df, expected) def test_loc_setitem_multi_column_listlike_value(self): df = DataFrame( {""a"": [None, ""two""], ""b"": [""1"", ""2""]}, index=[0, 1], dtype=""string"" ) df.loc[0, [""a"", ""b""]] = [""new_a"", ""new_b""] expected = DataFrame( {""a"": [""new_a"", ""two""], ""b"": [""new_b"", ""2""]}, index=[0, 1], dtype=""string"", ) tm.assert_frame_equal(df, expected) @pytest.mark.parametrize( ""columns, column_key, expected_columns"",",1,4,0,0,0,1057
pandas-dev/pandas,7a3e2dc6cb36919576cdeefdc987aecee5c862f2,"PERF: preserve block memory layout in Block.copy (GH#60469) (#65302)

Co-authored-by: Claude Opus 4.7 (1M context) <noreply@anthropic.com>",pandas/core/internals/blocks.py,"@@ -657,7 +657,12 @@ def copy(self, *, deep: bool) -> Self:
         values = self.values
         refs: BlockValuesRefs | None
         if deep:
-            values = values.copy()
+            if isinstance(values, np.ndarray):
+                # ""K"" preserves memory layout; default ""C"" flips contiguity
+                # for non-C-order blocks (GH#60469).
+                values = values.copy(order=""K"")
+            else:
+                values = values.copy()
             refs = None
         else:
             values = values.view()",7,0,"@@ -657,7 +657,12 @@ def copy(self, *, deep: bool) -> Self: values = self.values refs: BlockValuesRefs | None if deep: values = values.copy() if isinstance(values, np.ndarray): values = values.copy(order=""K"") else: values = values.copy() refs = None else: values = values.view()",1,1,0,2,0,278
pandas-dev/pandas,7a3e2dc6cb36919576cdeefdc987aecee5c862f2,"PERF: preserve block memory layout in Block.copy (GH#60469) (#65302)

Co-authored-by: Claude Opus 4.7 (1M context) <noreply@anthropic.com>",pandas/io/pytables.py,"@@ -3562,7 +3562,13 @@ def read(
             values = self.read_array(f""block{i}_values"", start=_start, stop=_stop)
 
             columns = items[items.get_indexer(blk_items)]
-            df = DataFrame(values.T, columns=columns, index=axes[1], copy=False)
+            arr = values.T
+            if isinstance(arr, np.ndarray):
+                # DataFrame stores the block as arr.T, so pass a Fortran-ordered
+                # arr to get a C-contiguous block (column-major DataFrame), so
+                # per-column access is contiguous (GH#22073, GH#60469).
+                arr = np.asfortranarray(arr)
+            df = DataFrame(arr, columns=columns, index=axes[1], copy=False)
             if (
                 using_string_dtype()
                 and isinstance(values, np.ndarray)",8,0,"@@ -3562,7 +3562,13 @@ def read( values = self.read_array(f""block{i}_values"", start=_start, stop=_stop) columns = items[items.get_indexer(blk_items)] df = DataFrame(values.T, columns=columns, index=axes[1], copy=False) arr = values.T if isinstance(arr, np.ndarray): arr = np.asfortranarray(arr) df = DataFrame(arr, columns=columns, index=axes[1], copy=False) if ( using_string_dtype() and isinstance(values, np.ndarray)",1,1,0,2,0,419
pandas-dev/pandas,b6f9aac09bb87e541b2423455564a11c2babe48c,"PERF: short-circuit sort_index(level=...) on monotonic non-MultiIndex (#65279)

Co-authored-by: Claude Opus 4.7 (1M context) <noreply@anthropic.com>",pandas/core/sorting.py,"@@ -90,18 +90,21 @@ def get_indexer_indexer(
     target = ensure_key_mapped(target, key, levels=level)  # type: ignore[assignment]
     target = target._sort_levels_monotonic()
 
+    if (np.all(ascending) and target.is_monotonic_increasing) or (
+        not np.any(ascending) and target.is_monotonic_decreasing
+    ):
+        # GH#11080, GH#64883: on a non-MultiIndex, `level` is a no-op,
+        # so short-circuit even when level is specified.
+        if level is None or not isinstance(target, ABCMultiIndex):
+            return None
+
     if level is not None:
         _, indexer = target.sortlevel(
             level,  # type: ignore[arg-type]
             ascending=ascending,
             sort_remaining=sort_remaining,
             na_position=na_position,
         )
-    elif (np.all(ascending) and target.is_monotonic_increasing) or (
-        not np.any(ascending) and target.is_monotonic_decreasing
-    ):
-        # Check monotonic-ness before sort an index (GH 11080)
-        return None
     elif isinstance(target, ABCMultiIndex):
         codes = [lev.codes for lev in target._get_codes_for_sorting()]
         indexer = lexsort_indexer(",13,0,"@@ -90,18 +90,21 @@ def get_indexer_indexer( target = ensure_key_mapped(target, key, levels=level) target = target._sort_levels_monotonic() if (np.all(ascending) and target.is_monotonic_increasing) or ( not np.any(ascending) and target.is_monotonic_decreasing ): if level is None or not isinstance(target, ABCMultiIndex): return None if level is not None: _, indexer = target.sortlevel( level, ascending=ascending, sort_remaining=sort_remaining, na_position=na_position, ) elif (np.all(ascending) and target.is_monotonic_increasing) or ( not np.any(ascending) and target.is_monotonic_decreasing ): return None elif isinstance(target, ABCMultiIndex): codes = [lev.codes for lev in target._get_codes_for_sorting()] indexer = lexsort_indexer(",1,1,1,5,0,739
pandas-dev/pandas,b6f9aac09bb87e541b2423455564a11c2babe48c,"PERF: short-circuit sort_index(level=...) on monotonic non-MultiIndex (#65279)

Co-authored-by: Claude Opus 4.7 (1M context) <noreply@anthropic.com>",pandas/tests/frame/methods/test_sort_index.py,"@@ -6,6 +6,7 @@
     CategoricalDtype,
     CategoricalIndex,
     DataFrame,
+    Index,
     IntervalIndex,
     MultiIndex,
     RangeIndex,
@@ -822,6 +823,24 @@ def test_sort_index_level_on_range_index(self):
         result = df.sort_index(level=""foo"")
         tm.assert_frame_equal(result, df)
 
+    def test_sort_index_level_monotonic_no_copy(self):
+        # GH#64883: sort_index(level=...) on a monotonic non-MultiIndex
+        # should short-circuit and not copy data blocks
+        df = DataFrame({""a"": np.arange(5, dtype=np.float64)}, index=Index(range(5)))
+        df.index.name = ""foo""
+        result = df.sort_index(level=""foo"")
+        tm.assert_frame_equal(result, df)
+        assert np.shares_memory(result[""a""].values, df[""a""].values)
+
+        # descending on a decreasing index also short-circuits
+        df2 = DataFrame(
+            {""a"": np.arange(5, dtype=np.float64)},
+            index=Index([5, 4, 3, 2, 1], name=""foo""),
+        )
+        result2 = df2.sort_index(level=""foo"", ascending=False)
+        tm.assert_frame_equal(result2, df2)
+        assert np.shares_memory(result2[""a""].values, df2[""a""].values)
+
 
 class TestDataFrameSortIndexKey:
     def test_sort_multi_index_key(self):",19,0,"@@ -6,6 +6,7 @@ CategoricalDtype, CategoricalIndex, DataFrame, Index, IntervalIndex, MultiIndex, RangeIndex, @@ -822,6 +823,24 @@ def test_sort_index_level_on_range_index(self): result = df.sort_index(level=""foo"") tm.assert_frame_equal(result, df) def test_sort_index_level_monotonic_no_copy(self): df = DataFrame({""a"": np.arange(5, dtype=np.float64)}, index=Index(range(5))) df.index.name = ""foo"" result = df.sort_index(level=""foo"") tm.assert_frame_equal(result, df) assert np.shares_memory(result[""a""].values, df[""a""].values) df2 = DataFrame( {""a"": np.arange(5, dtype=np.float64)}, index=Index([5, 4, 3, 2, 1], name=""foo""), ) result2 = df2.sort_index(level=""foo"", ascending=False) tm.assert_frame_equal(result2, df2) assert np.shares_memory(result2[""a""].values, df2[""a""].values) class TestDataFrameSortIndexKey: def test_sort_multi_index_key(self):",1,3,0,0,0,850
pandas-dev/pandas,1596557e60b7fce0c4939bab1ffcd945162e9a76,BUG: fix FloatingArray.astype(str) crash with distinguish_nan_and_na=True (#65038),pandas/core/arrays/string_.py,"@@ -770,7 +770,9 @@ def _from_sequence(
             # avoid costly conversion to object dtype
             na_values = scalars._mask
             result = scalars._data
-            result = lib.ensure_string_array(result, copy=copy, convert_na_value=False)
+            result = lib.ensure_string_array(
+                result, copy=copy, convert_na_value=False, skipna=False
+            )
             result[na_values] = na_value
 
         else:",4,1,"@@ -770,7 +770,9 @@ def _from_sequence( na_values = scalars._mask result = scalars._data result = lib.ensure_string_array(result, copy=copy, convert_na_value=False) result = lib.ensure_string_array( result, copy=copy, convert_na_value=False, skipna=False ) result[na_values] = na_value else:",1,1,0,0,0,291
pandas-dev/pandas,1596557e60b7fce0c4939bab1ffcd945162e9a76,BUG: fix FloatingArray.astype(str) crash with distinguish_nan_and_na=True (#65038),pandas/core/arrays/string_arrow.py,"@@ -236,7 +236,7 @@ def _from_sequence(
                     pa_arr = pc.utf8_capitalize(pa_arr)
             else:
                 result = lib.ensure_string_array(
-                    result, copy=copy, convert_na_value=False
+                    result, copy=copy, convert_na_value=False, skipna=False
                 )
                 pa_arr = pa.array(result, mask=na_values, type=pa.large_string())
         elif isinstance(scalars, ArrowExtensionArray):",2,1,"@@ -236,7 +236,7 @@ def _from_sequence( pa_arr = pc.utf8_capitalize(pa_arr) else: result = lib.ensure_string_array( result, copy=copy, convert_na_value=False result, copy=copy, convert_na_value=False, skipna=False ) pa_arr = pa.array(result, mask=na_values, type=pa.large_string()) elif isinstance(scalars, ArrowExtensionArray):",1,1,0,1,0,328
pandas-dev/pandas,1596557e60b7fce0c4939bab1ffcd945162e9a76,BUG: fix FloatingArray.astype(str) crash with distinguish_nan_and_na=True (#65038),pandas/tests/arrays/string_/test_string.py,"@@ -490,6 +490,17 @@ def test_astype_from_float_dtype(float_dtype, dtype):
     tm.assert_series_equal(result, expected)
 
 
+def test_astype_from_masked_float_with_nan(dtype, using_nan_is_na):
+    # GH#61617, GH#65227 - FloatingArray.astype(str) with unmasked NaN
+    arr = pd.array([np.nan, pd.NA, 3.0], dtype=""Float64"")
+    result = arr.astype(dtype)
+    if using_nan_is_na:
+        expected = pd.array([pd.NA, pd.NA, ""3.0""], dtype=dtype)
+    else:
+        expected = pd.array([""nan"", pd.NA, ""3.0""], dtype=dtype)
+    tm.assert_extension_array_equal(result, expected)
+
+
 def test_to_numpy_returns_pdna_default(dtype):
     arr = pd.array([""a"", pd.NA, ""b""], dtype=dtype)
     result = np.array(arr)",11,1,"@@ -490,6 +490,17 @@ def test_astype_from_float_dtype(float_dtype, dtype): tm.assert_series_equal(result, expected) def test_astype_from_masked_float_with_nan(dtype, using_nan_is_na): arr = pd.array([np.nan, pd.NA, 3.0], dtype=""Float64"") result = arr.astype(dtype) if using_nan_is_na: expected = pd.array([pd.NA, pd.NA, ""3.0""], dtype=dtype) else: expected = pd.array([""nan"", pd.NA, ""3.0""], dtype=dtype) tm.assert_extension_array_equal(result, expected) def test_to_numpy_returns_pdna_default(dtype): arr = pd.array([""a"", pd.NA, ""b""], dtype=dtype) result = np.array(arr)",1,3,0,1,0,569
pandas-dev/pandas,1596557e60b7fce0c4939bab1ffcd945162e9a76,BUG: fix FloatingArray.astype(str) crash with distinguish_nan_and_na=True (#65038),pandas/tests/io/formats/test_to_csv.py,"@@ -364,6 +364,28 @@ def test_to_csv_float_ea_no_float_format(self):
         )
         assert result == expected
 
+    def test_to_csv_float_ea_nan_distinguish(self, using_nan_is_na):
+        # GH#61617, GH#65227 - to_csv should not crash when FloatingArray
+        # contains unmasked NaN (with distinguish_nan_and_na=True)
+        df = DataFrame({""a"": pd.array([np.nan, pd.NA, 3.0], dtype=""Float64""), ""b"": ""c""})
+        result = df.to_csv(index=False)
+        if using_nan_is_na:
+            expected = tm.convert_rows_list_to_csv_str([""a,b"", "",c"", "",c"", ""3.0,c""])
+        else:
+            expected = tm.convert_rows_list_to_csv_str([""a,b"", ""nan,c"", "",c"", ""3.0,c""])
+        assert result == expected
+
+    def test_to_csv_float_ea_nan_distinguish_series(self, using_nan_is_na):
+        # GH#65227 - Series.to_csv with FloatingArray containing both NaN and NA
+        ser = pd.Series((1, pd.NA, 0), index=[""a"", ""b"", ""c""], dtype=""Float64"", name=""x"")
+        ser = ser / ser
+        result = ser.to_csv()
+        if using_nan_is_na:
+            expected = tm.convert_rows_list_to_csv_str(["",x"", ""a,1.0"", ""b,"", ""c,""])
+        else:
+            expected = tm.convert_rows_list_to_csv_str(["",x"", ""a,1.0"", ""b,"", ""c,nan""])
+        assert result == expected
+
     def test_to_csv_2d_float_ea(self):
         # GH#64634 - get_values_for_csv on a 2D float ExtensionArray should not fail.
         data = np.array([1.0, np.nan, 3.0, 4.0])",22,1,"@@ -364,6 +364,28 @@ def test_to_csv_float_ea_no_float_format(self): ) assert result == expected def test_to_csv_float_ea_nan_distinguish(self, using_nan_is_na): df = DataFrame({""a"": pd.array([np.nan, pd.NA, 3.0], dtype=""Float64""), ""b"": ""c""}) result = df.to_csv(index=False) if using_nan_is_na: expected = tm.convert_rows_list_to_csv_str([""a,b"", "",c"", "",c"", ""3.0,c""]) else: expected = tm.convert_rows_list_to_csv_str([""a,b"", ""nan,c"", "",c"", ""3.0,c""]) assert result == expected def test_to_csv_float_ea_nan_distinguish_series(self, using_nan_is_na): ser = pd.Series((1, pd.NA, 0), index=[""a"", ""b"", ""c""], dtype=""Float64"", name=""x"") ser = ser / ser result = ser.to_csv() if using_nan_is_na: expected = tm.convert_rows_list_to_csv_str(["",x"", ""a,1.0"", ""b,"", ""c,""]) else: expected = tm.convert_rows_list_to_csv_str(["",x"", ""a,1.0"", ""b,"", ""c,nan""]) assert result == expected def test_to_csv_2d_float_ea(self): data = np.array([1.0, np.nan, 3.0, 4.0])",1,4,0,2,0,941
pandas-dev/pandas,5fb98e26946d6c7021e3ad32d02abc9b2123d9ef,"BUG: fix to_timedelta ignoring unit for mixed round/non-round floats (#65170)

Co-authored-by: Claude Opus 4.6 (1M context) <noreply@anthropic.com>",pandas/tests/tools/test_to_timedelta.py,"@@ -354,6 +354,18 @@ def test_to_timedelta_unit_non_round_floats(self):
         result2 = to_timedelta(arr2, unit=""s"")
         assert result2.unit == ""ns""
 
+    def test_to_timedelta_unit_mixed_round_and_non_round_floats(self):
+        # GH#65150 - round floats mixed with non-round floats should
+        # respect the unit for all values
+        expected = to_timedelta([""0 days 00:00:01"", ""0 days 00:00:01.01""]).as_unit(""ns"")
+
+        result = to_timedelta([1.0, 1.01], unit=""s"")
+        tm.assert_index_equal(result, expected)
+
+        # Also test integers mixed with non-round floats
+        result2 = to_timedelta([1, 1.01], unit=""s"")
+        tm.assert_index_equal(result2, expected)
+
     def test_float_to_timedelta_raise_near_bounds(self):
         # GH#57366
         oneday_in_ns = 1e9 * 60 * 60 * 24
@@ -438,7 +450,7 @@ def test_uint64_to_timedelta_coerce(self):
         arr = np.array([uint64_max], dtype=np.uint64)
 
         result = to_timedelta(arr, unit=""ns"", errors=""coerce"")
-        expected = TimedeltaIndex([pd.NaT])
+        expected = TimedeltaIndex([pd.NaT], dtype=""m8[ns]"")
         tm.assert_index_equal(result, expected)
 
         # scalar",14,1,"@@ -354,6 +354,18 @@ def test_to_timedelta_unit_non_round_floats(self): result2 = to_timedelta(arr2, unit=""s"") assert result2.unit == ""ns"" def test_to_timedelta_unit_mixed_round_and_non_round_floats(self): expected = to_timedelta([""0 days 00:00:01"", ""0 days 00:00:01.01""]).as_unit(""ns"") result = to_timedelta([1.0, 1.01], unit=""s"") tm.assert_index_equal(result, expected) result2 = to_timedelta([1, 1.01], unit=""s"") tm.assert_index_equal(result2, expected) def test_float_to_timedelta_raise_near_bounds(self): oneday_in_ns = 1e9 * 60 * 60 * 24 @@ -438,7 +450,7 @@ def test_uint64_to_timedelta_coerce(self): arr = np.array([uint64_max], dtype=np.uint64) result = to_timedelta(arr, unit=""ns"", errors=""coerce"") expected = TimedeltaIndex([pd.NaT]) expected = TimedeltaIndex([pd.NaT], dtype=""m8[ns]"") tm.assert_index_equal(result, expected)",1,4,0,0,0,835
pandas-dev/pandas,42a8b615db62913ad9901b087cd41dcb61d73c8e,"BUG: DataFrame.loc preserves original index name when key is an Index (#65229)

Co-authored-by: Claude Opus 4.6 (1M context) <noreply@anthropic.com>",pandas/core/indexes/base.py,"@@ -6464,9 +6464,6 @@ def _get_indexer_strict(
         self._raise_if_missing(keyarr, indexer, axis_name)
 
         keyarr = self.take(indexer)
-        if isinstance(key, Index):
-            # GH 42790 - Preserve name from an Index
-            keyarr.name = key.name
         if lib.is_np_dtype(keyarr.dtype, ""mM"") or isinstance(
             keyarr.dtype, DatetimeTZDtype
         ):",3,1,"@@ -6464,9 +6464,6 @@ def _get_indexer_strict( self._raise_if_missing(keyarr, indexer, axis_name) keyarr = self.take(indexer) if isinstance(key, Index): keyarr.name = key.name if lib.is_np_dtype(keyarr.dtype, ""mM"") or isinstance( keyarr.dtype, DatetimeTZDtype ):",1,1,0,2,0,262
pandas-dev/pandas,42a8b615db62913ad9901b087cd41dcb61d73c8e,"BUG: DataFrame.loc preserves original index name when key is an Index (#65229)

Co-authored-by: Claude Opus 4.6 (1M context) <noreply@anthropic.com>",pandas/core/indexing.py,"@@ -413,14 +413,6 @@ def loc(self) -> _LocIndexer:
                              max_speed  shield
         sidewinder          7       8
 
-        Index (same behavior as ``df.reindex``)
-
-        >>> df.loc[pd.Index([""cobra"", ""viper""], name=""foo"")]
-               max_speed  shield
-        foo
-        cobra          1       2
-        viper          4       5
-
         Conditional that returns a boolean Series
 
         >>> df.loc[df[""shield""] > 6]
@@ -1400,14 +1392,6 @@ class _LocIndexer(_LocationIndexer):
                          max_speed  shield
     sidewinder          7       8
 
-    Index (same behavior as ``df.reindex``)
-
-    >>> df.loc[pd.Index([""cobra"", ""viper""], name=""foo"")]
-           max_speed  shield
-    foo
-    cobra          1       2
-    viper          4       5
-
     Conditional that returns a boolean Series
 
     >>> df.loc[df[""shield""] > 6]",16,1,"@@ -413,14 +413,6 @@ def loc(self) -> _LocIndexer: max_speed shield sidewinder 7 8 Index (same behavior as ``df.reindex``) >>> df.loc[pd.Index([""cobra"", ""viper""], name=""foo"")] max_speed shield foo cobra 1 2 viper 4 5 Conditional that returns a boolean Series >>> df.loc[df[""shield""] > 6] @@ -1400,14 +1392,6 @@ class _LocIndexer(_LocationIndexer): max_speed shield sidewinder 7 8 Index (same behavior as ``df.reindex``) >>> df.loc[pd.Index([""cobra"", ""viper""], name=""foo"")] max_speed shield foo cobra 1 2 viper 4 5 Conditional that returns a boolean Series >>> df.loc[df[""shield""] > 6]",1,1,0,0,0,584
pandas-dev/pandas,42a8b615db62913ad9901b087cd41dcb61d73c8e,"BUG: DataFrame.loc preserves original index name when key is an Index (#65229)

Co-authored-by: Claude Opus 4.6 (1M context) <noreply@anthropic.com>",pandas/tests/indexing/test_loc.py,"@@ -3043,16 +3043,17 @@ def test_loc_getitem_listlike_of_datetimelike_keys(self, to_period):
             ser.loc[keys]
 
     def test_loc_named_index(self):
-        # GH 42790
+        # GH#17110 - loc should preserve the original index name,
+        # not adopt the key's index name
         df = DataFrame(
             [[1, 2], [4, 5], [7, 8]],
             index=[""cobra"", ""viper"", ""sidewinder""],
             columns=[""max_speed"", ""shield""],
         )
         expected = df.iloc[:2]
-        expected.index.name = ""foo""
         result = df.loc[Index([""cobra"", ""viper""], name=""foo"")]
         tm.assert_frame_equal(result, expected)
+        assert result.index.name is None
 
 
 @pytest.mark.parametrize(",5,1,"@@ -3043,16 +3043,17 @@ def test_loc_getitem_listlike_of_datetimelike_keys(self, to_period): ser.loc[keys] def test_loc_named_index(self): df = DataFrame( [[1, 2], [4, 5], [7, 8]], index=[""cobra"", ""viper"", ""sidewinder""], columns=[""max_speed"", ""shield""], ) expected = df.iloc[:2] expected.index.name = ""foo"" result = df.loc[Index([""cobra"", ""viper""], name=""foo"")] tm.assert_frame_equal(result, expected) assert result.index.name is None @pytest.mark.parametrize(",1,2,0,0,0,460
pandas-dev/pandas,c163176b9a5058f21dce820da3f20ad3d036e04d,REF: continue moving freq management off DatetimeArray/TimedeltaArray (GH#24566) (#65285),pandas/core/arrays/datetimelike.py,"@@ -45,7 +45,6 @@
     ints_to_pydatetime,
     ints_to_pytimedelta,
     periods_per_day,
-    to_offset,
 )
 from pandas._libs.tslibs.fields import (
     RoundTo,
@@ -205,7 +204,11 @@ class DatetimeLikeArrayMixin(OpsMixin, NDArrayBackedExtensionArray):
     _is_recognized_dtype: Callable[[DtypeObj], bool]
     _recognized_scalars: tuple[type, ...]
     _ndarray: np.ndarray
-    freq: BaseOffset | None
+
+    @property
+    def freq(self) -> BaseOffset | None:
+        # subclasses provide an implementation
+        raise AbstractMethodError(self)
 
     @cache_readonly
     def _can_hold_na(self) -> bool:
@@ -404,22 +407,12 @@ def __setitem__(
         # I don't know if mypy can do that, possibly with Generics.
         # https://mypy.readthedocs.io/en/latest/generics.html
 
-        no_op = check_setitem_lengths(key, value, self)
+        check_setitem_lengths(key, value, self)
 
         # Calling super() before the no_op short-circuit means that we raise
         #  on invalid 'value' even if this is a no-op, e.g. wrong-dtype empty array.
         super().__setitem__(key, value)
 
-        if no_op:
-            return
-
-        self._maybe_clear_freq()
-
-    def _maybe_clear_freq(self) -> None:
-        # inplace operations like __setitem__ may invalidate the freq of
-        # DatetimeArray and TimedeltaArray
-        pass
-
     def astype(self, dtype, copy: bool = True):
         # Some notes on cases we don't have to handle here in the base class:
         #   1. PeriodArray.astype handles period -> period
@@ -1781,6 +1774,8 @@ class TimelikeOps(DatetimeLikeArrayMixin):
     Common ops for TimedeltaIndex/DatetimeIndex, but not PeriodIndex.
     """"""
 
+    _freq: BaseOffset | None = None
+
     @classmethod
     def _validate_dtype(cls, values, dtype):
         raise AbstractMethodError(cls)
@@ -1833,19 +1828,6 @@ def freq(self):
         """"""
         return self._freq
 
-    @freq.setter
-    def freq(self, value) -> None:
-        if value is not None:
-            value = to_offset(value)
-            self._validate_frequency(self, value)
-            if self.dtype.kind == ""m"" and not isinstance(value, (Tick, Day)):
-                raise TypeError(""TimedeltaArray/Index freq must be a Tick"")
-
-            if self.ndim > 1:
-                raise ValueError(""Cannot set freq with ndim > 1"")
-
-        self._freq = value
-
     @final
     @classmethod
     def _validate_frequency(cls, index, freq: BaseOffset, **kwargs) -> None:
@@ -2370,12 +2352,6 @@ def all(self, *, axis: AxisInt | None = None, skipna: bool = True) -> bool:
 
         return nanops.nanall(self._ndarray, axis=axis, skipna=skipna, mask=self.isna())
 
-    # --------------------------------------------------------------
-    # Frequency Methods
-
-    def _maybe_clear_freq(self) -> None:
-        self._freq = None
-
     # --------------------------------------------------------------
     # ExtensionArray Interface
 ",40,0,"@@ -45,7 +45,6 @@ ints_to_pydatetime, ints_to_pytimedelta, periods_per_day, to_offset, ) from pandas._libs.tslibs.fields import ( RoundTo, @@ -205,7 +204,11 @@ class DatetimeLikeArrayMixin(OpsMixin, NDArrayBackedExtensionArray): _is_recognized_dtype: Callable[[DtypeObj], bool] _recognized_scalars: tuple[type, ...] _ndarray: np.ndarray freq: BaseOffset | None @property def freq(self) -> BaseOffset | None: raise AbstractMethodError(self) @cache_readonly def _can_hold_na(self) -> bool: @@ -404,22 +407,12 @@ def __setitem__( no_op = check_setitem_lengths(key, value, self) check_setitem_lengths(key, value, self) super().__setitem__(key, value) if no_op: return self._maybe_clear_freq() def _maybe_clear_freq(self) -> None: pass def astype(self, dtype, copy: bool = True): @@ -1781,6 +1774,8 @@ class TimelikeOps(DatetimeLikeArrayMixin): Common ops for TimedeltaIndex/DatetimeIndex, but not PeriodIndex. return self._freq @freq.setter def freq(self, value) -> None: if value is not None: value = to_offset(value) self._validate_frequency(self, value) if self.dtype.kind == ""m"" and not isinstance(value, (Tick, Day)): raise TypeError(""TimedeltaArray/Index freq must be a Tick"") if self.ndim > 1: raise ValueError(""Cannot set freq with ndim > 1"") self._freq = value @final @classmethod def _validate_frequency(cls, index, freq: BaseOffset, **kwargs) -> None: @@ -2370,12 +2352,6 @@ def all(self, *, axis: AxisInt | None = None, skipna: bool = True) -> bool: return nanops.nanall(self._ndarray, axis=axis, skipna=skipna, mask=self.isna()) def _maybe_clear_freq(self) -> None: self._freq = None",1,9,1,4,0,1592
pandas-dev/pandas,c163176b9a5058f21dce820da3f20ad3d036e04d,REF: continue moving freq management off DatetimeArray/TimedeltaArray (GH#24566) (#65285),pandas/core/arrays/datetimes.py,"@@ -303,7 +303,6 @@ def _validate_dtype(cls, values, dtype):
     def _simple_new(  # type: ignore[override]
         cls,
         values: npt.NDArray[np.datetime64],
-        freq: BaseOffset | None = None,
         dtype: np.dtype[np.datetime64] | DatetimeTZDtype = DT64NS_DTYPE,
     ) -> Self:
         assert isinstance(values, np.ndarray)
@@ -317,7 +316,7 @@ def _simple_new(  # type: ignore[override]
             assert dtype._creso == get_unit_from_dtype(values.dtype)
 
         result = super()._simple_new(values, dtype)
-        result._freq = freq
+        result._freq = None
         return result
 
     @classmethod
@@ -548,7 +547,9 @@ def _generate_range(
 
         dt64_values = i8values.view(f""datetime64[{unit}]"")
         dtype = tz_to_dtype(tz, unit=unit)
-        return cls._simple_new(dt64_values, freq=freq, dtype=dtype)
+        result = cls._simple_new(dt64_values, dtype=dtype)
+        result._freq = freq
+        return result
 
     # -----------------------------------------------------------------
     # DatetimeLike Interface",7,0,"@@ -303,7 +303,6 @@ def _validate_dtype(cls, values, dtype): def _simple_new( cls, values: npt.NDArray[np.datetime64], freq: BaseOffset | None = None, dtype: np.dtype[np.datetime64] | DatetimeTZDtype = DT64NS_DTYPE, ) -> Self: assert isinstance(values, np.ndarray) @@ -317,7 +316,7 @@ def _simple_new( assert dtype._creso == get_unit_from_dtype(values.dtype) result = super()._simple_new(values, dtype) result._freq = freq result._freq = None return result @classmethod @@ -548,7 +547,9 @@ def _generate_range( dt64_values = i8values.view(f""datetime64[{unit}]"") dtype = tz_to_dtype(tz, unit=unit) return cls._simple_new(dt64_values, freq=freq, dtype=dtype) result = cls._simple_new(dt64_values, dtype=dtype) result._freq = freq return result",1,4,0,0,0,741
pandas-dev/pandas,c163176b9a5058f21dce820da3f20ad3d036e04d,REF: continue moving freq management off DatetimeArray/TimedeltaArray (GH#24566) (#65285),pandas/core/arrays/period.py,"@@ -404,9 +404,8 @@ def _check_compatible_with(self, other: Period | NaTType | PeriodArray) -> None:
     def dtype(self) -> PeriodDtype:
         return self._dtype
 
-    # error: Cannot override writeable attribute with read-only property
     @property
-    def freq(self) -> BaseOffset:  # type: ignore[override]
+    def freq(self) -> BaseOffset:
         """"""
         Return the frequency object for this PeriodArray.
         """"""",3,0,"@@ -404,9 +404,8 @@ def _check_compatible_with(self, other: Period | NaTType | PeriodArray) -> None: def dtype(self) -> PeriodDtype: return self._dtype @property def freq(self) -> BaseOffset: def freq(self) -> BaseOffset:",1,4,0,0,0,221
pandas-dev/pandas,c163176b9a5058f21dce820da3f20ad3d036e04d,REF: continue moving freq management off DatetimeArray/TimedeltaArray (GH#24566) (#65285),pandas/core/arrays/timedeltas.py,"@@ -237,18 +237,16 @@ def _validate_dtype(cls, values, dtype):
     def _simple_new(  # type: ignore[override]
         cls,
         values: npt.NDArray[np.timedelta64],
-        freq: Tick | Day | None = None,
         dtype: np.dtype[np.timedelta64] = TD64NS_DTYPE,
     ) -> Self:
         # Require td64 dtype, not unit-less, matching values.dtype
         assert lib.is_np_dtype(dtype, ""m"")
         assert not tslibs.is_unitless(dtype)
         assert isinstance(values, np.ndarray), type(values)
         assert dtype == values.dtype
-        assert freq is None or isinstance(freq, (Tick, Day))
 
         result = super()._simple_new(values=values, dtype=dtype)
-        result._freq = freq
+        result._freq = None
         return result
 
     @classmethod
@@ -264,7 +262,9 @@ def _from_sequence(cls, data, *, dtype=None, copy: bool = False) -> Self:
         if dtype is not None:
             data = astype_overflowsafe(data, dtype=dtype, copy=False)
 
-        return cls._simple_new(data, dtype=data.dtype, freq=freq)
+        result = cls._simple_new(data, dtype=data.dtype)
+        result._freq = freq
+        return result
 
     @classmethod
     def _generate_range(
@@ -307,7 +307,9 @@ def _generate_range(
             index = index[:-1]
 
         td64values = index.view(f""m8[{unit}]"")
-        return cls._simple_new(td64values, dtype=td64values.dtype, freq=freq)
+        result = cls._simple_new(td64values, dtype=td64values.dtype)
+        result._freq = freq
+        return result
 
     # ----------------------------------------------------------------
     # DatetimeLike Interface",12,0,"@@ -237,18 +237,16 @@ def _validate_dtype(cls, values, dtype): def _simple_new( cls, values: npt.NDArray[np.timedelta64], freq: Tick | Day | None = None, dtype: np.dtype[np.timedelta64] = TD64NS_DTYPE, ) -> Self: assert lib.is_np_dtype(dtype, ""m"") assert not tslibs.is_unitless(dtype) assert isinstance(values, np.ndarray), type(values) assert dtype == values.dtype assert freq is None or isinstance(freq, (Tick, Day)) result = super()._simple_new(values=values, dtype=dtype) result._freq = freq result._freq = None return result @classmethod @@ -264,7 +262,9 @@ def _from_sequence(cls, data, *, dtype=None, copy: bool = False) -> Self: if dtype is not None: data = astype_overflowsafe(data, dtype=dtype, copy=False) return cls._simple_new(data, dtype=data.dtype, freq=freq) result = cls._simple_new(data, dtype=data.dtype) result._freq = freq return result @classmethod def _generate_range( @@ -307,7 +307,9 @@ def _generate_range( index = index[:-1] td64values = index.view(f""m8[{unit}]"") return cls._simple_new(td64values, dtype=td64values.dtype, freq=freq) result = cls._simple_new(td64values, dtype=td64values.dtype) result._freq = freq return result",1,5,0,1,0,1155
pandas-dev/pandas,c163176b9a5058f21dce820da3f20ad3d036e04d,REF: continue moving freq management off DatetimeArray/TimedeltaArray (GH#24566) (#65285),pandas/core/indexes/datetimelike.py,"@@ -186,8 +186,22 @@ def freq(self) -> BaseOffset | None:
 
     @freq.setter
     def freq(self, value) -> None:
-        # error: Property ""freq"" defined in ""PeriodArray"" is read-only  [misc]
-        self._data.freq = value  # type: ignore[misc]
+        arr = self._data
+        if not isinstance(arr, (DatetimeArray, TimedeltaArray)):
+            # e.g. PeriodArray freq is derived from dtype and is read-only
+            raise AttributeError(
+                f""property 'freq' of {type(arr).__name__!r} object has no setter""
+            )
+        if value is not None:
+            value = to_offset(value)
+            arr._validate_frequency(arr, value)
+            if arr.dtype.kind == ""m"" and not isinstance(value, (Tick, Day)):
+                raise TypeError(""TimedeltaArray/Index freq must be a Tick"")
+
+            if arr.ndim > 1:
+                raise ValueError(""Cannot set freq with ndim > 1"")
+
+        arr._freq = value
 
     @property
     def asi8(self) -> npt.NDArray[np.int64]:
@@ -1064,8 +1078,8 @@ def _wrap_range_setop(self, other, res_i8) -> Self:
             # ""Union[dtype[datetime64], DatetimeTZDtype]""
             res_values,
             dtype=self.dtype,  # type: ignore[arg-type]
-            freq=new_freq,  # type: ignore[arg-type]
         )
+        result._freq = new_freq
         return cast(""Self"", self._wrap_setop_result(other, result))
 
     def _range_intersect(self, other, sort) -> Self:",20,0,"@@ -186,8 +186,22 @@ def freq(self) -> BaseOffset | None: @freq.setter def freq(self, value) -> None: self._data.freq = value arr = self._data if not isinstance(arr, (DatetimeArray, TimedeltaArray)): raise AttributeError( f""property 'freq' of {type(arr).__name__!r} object has no setter"" ) if value is not None: value = to_offset(value) arr._validate_frequency(arr, value) if arr.dtype.kind == ""m"" and not isinstance(value, (Tick, Day)): raise TypeError(""TimedeltaArray/Index freq must be a Tick"") if arr.ndim > 1: raise ValueError(""Cannot set freq with ndim > 1"") arr._freq = value @property def asi8(self) -> npt.NDArray[np.int64]: @@ -1064,8 +1078,8 @@ def _wrap_range_setop(self, other, res_i8) -> Self: res_values, dtype=self.dtype, freq=new_freq, ) result._freq = new_freq return cast(""Self"", self._wrap_setop_result(other, result)) def _range_intersect(self, other, sort) -> Self:",1,5,0,4,0,887
pandas-dev/pandas,c163176b9a5058f21dce820da3f20ad3d036e04d,REF: continue moving freq management off DatetimeArray/TimedeltaArray (GH#24566) (#65285),pandas/core/indexes/datetimes.py,"@@ -92,7 +92,8 @@ def _new_DatetimeIndex(cls, d):
             #  a DatetimeArray to adapt to the newer _simple_new signature
             tz = d.pop(""tz"")
             freq = d.pop(""freq"")
-            dta = DatetimeArray._simple_new(data, dtype=tz_to_dtype(tz), freq=freq)
+            dta = DatetimeArray._simple_new(data, dtype=tz_to_dtype(tz))
+            dta._freq = freq
         else:
             dta = data
             for key in [""tz"", ""freq""]:
@@ -1098,6 +1099,7 @@ def snap(self, freq: Frequency = ""S"") -> DatetimeIndex:
                     s = t1
             dta[i] = s
 
+        dta._freq = None
         return DatetimeIndex._simple_new(dta, name=self.name)
 
     # --------------------------------------------------------------------",4,0,"@@ -92,7 +92,8 @@ def _new_DatetimeIndex(cls, d): tz = d.pop(""tz"") freq = d.pop(""freq"") dta = DatetimeArray._simple_new(data, dtype=tz_to_dtype(tz), freq=freq) dta = DatetimeArray._simple_new(data, dtype=tz_to_dtype(tz)) dta._freq = freq else: dta = data for key in [""tz"", ""freq""]: @@ -1098,6 +1099,7 @@ def snap(self, freq: Frequency = ""S"") -> DatetimeIndex: s = t1 dta[i] = s dta._freq = None return DatetimeIndex._simple_new(dta, name=self.name)",1,2,1,0,0,448
pandas-dev/pandas,c163176b9a5058f21dce820da3f20ad3d036e04d,REF: continue moving freq management off DatetimeArray/TimedeltaArray (GH#24566) (#65285),pandas/io/pytables.py,"@@ -3095,9 +3095,8 @@ def _get_index_factory(self, attrs):
 
             def f(values, freq=None, tz=None):  # pyright: ignore[reportRedeclaration]
                 # data are already in UTC, localize and convert if tz present
-                dta = DatetimeArray._simple_new(
-                    values.values, dtype=values.dtype, freq=freq
-                )
+                dta = DatetimeArray._simple_new(values.values, dtype=values.dtype)
+                dta._freq = freq
                 result = DatetimeIndex._simple_new(dta, name=None)
                 if tz is not None:
                     result = result.tz_localize(""UTC"").tz_convert(tz)",5,0,"@@ -3095,9 +3095,8 @@ def _get_index_factory(self, attrs): def f(values, freq=None, tz=None): dta = DatetimeArray._simple_new( values.values, dtype=values.dtype, freq=freq ) dta = DatetimeArray._simple_new(values.values, dtype=values.dtype) dta._freq = freq result = DatetimeIndex._simple_new(dta, name=None) if tz is not None: result = result.tz_localize(""UTC"").tz_convert(tz)",1,2,0,1,0,377
pandas-dev/pandas,c163176b9a5058f21dce820da3f20ad3d036e04d,REF: continue moving freq management off DatetimeArray/TimedeltaArray (GH#24566) (#65285),pandas/tests/arithmetic/test_datetime64.py,"@@ -797,6 +797,11 @@ def test_dt64arr_add_timedeltalike_scalar(
         tm.assert_equal(result, expected)
 
         rng += two_hours
+        if box_with_array is pd.array:
+            # Array-level __iadd__ no longer manages freq (Index manages freq);
+            # rng retains its pre-iadd freq even though `rng + x` would return
+            # a freq=None array.
+            expected._freq = rng._freq
         tm.assert_equal(rng, expected)
 
     def test_dt64arr_sub_timedeltalike_scalar(
@@ -816,6 +821,9 @@ def test_dt64arr_sub_timedeltalike_scalar(
         tm.assert_equal(result, expected)
 
         rng -= two_hours
+        if box_with_array is pd.array:
+            # See test_dt64arr_add_timedeltalike_scalar.
+            expected._freq = rng._freq
         tm.assert_equal(rng, expected)
 
     def test_dt64_array_sub_dt_with_different_timezone(self, box_with_array):",8,0,"@@ -797,6 +797,11 @@ def test_dt64arr_add_timedeltalike_scalar( tm.assert_equal(result, expected) rng += two_hours if box_with_array is pd.array: expected._freq = rng._freq tm.assert_equal(rng, expected) def test_dt64arr_sub_timedeltalike_scalar( @@ -816,6 +821,9 @@ def test_dt64arr_sub_timedeltalike_scalar( tm.assert_equal(result, expected) rng -= two_hours if box_with_array is pd.array: expected._freq = rng._freq tm.assert_equal(rng, expected) def test_dt64_array_sub_dt_with_different_timezone(self, box_with_array):",1,4,0,2,0,523
pandas-dev/pandas,c163176b9a5058f21dce820da3f20ad3d036e04d,REF: continue moving freq management off DatetimeArray/TimedeltaArray (GH#24566) (#65285),pandas/tests/arithmetic/test_timedelta64.py,"@@ -631,6 +631,9 @@ def test_tdi_iadd_timedeltalike(self, two_hours, box_with_array):
 
         orig_rng = rng
         rng += two_hours
+        if box_with_array is pd.array:
+            # Array __iadd__ no longer manages freq; rng retains pre-iadd freq.
+            expected._freq = rng._freq
         tm.assert_equal(rng, expected)
         if box_with_array is not Index:
             # Check that operation is actually inplace
@@ -657,6 +660,9 @@ def test_tdi_isub_timedeltalike(self, two_hours, box_with_array):
 
         orig_rng = rng
         rng -= two_hours
+        if box_with_array is pd.array:
+            # See test_tdi_iadd_timedeltalike.
+            expected._freq = rng._freq
         tm.assert_equal(rng, expected)
         if box_with_array is not Index:
             # Check that operation is actually inplace",6,0,"@@ -631,6 +631,9 @@ def test_tdi_iadd_timedeltalike(self, two_hours, box_with_array): orig_rng = rng rng += two_hours if box_with_array is pd.array: expected._freq = rng._freq tm.assert_equal(rng, expected) if box_with_array is not Index: @@ -657,6 +660,9 @@ def test_tdi_isub_timedeltalike(self, two_hours, box_with_array): orig_rng = rng rng -= two_hours if box_with_array is pd.array: expected._freq = rng._freq tm.assert_equal(rng, expected) if box_with_array is not Index:",1,2,0,4,0,477
pandas-dev/pandas,c163176b9a5058f21dce820da3f20ad3d036e04d,REF: continue moving freq management off DatetimeArray/TimedeltaArray (GH#24566) (#65285),pandas/tests/arrays/categorical/test_constructors.py,"@@ -336,7 +336,7 @@ def test_constructor_with_datetimelike(self, dtl):
         c = Categorical(s)
 
         expected = type(dtl)(s)
-        expected._data.freq = None
+        expected._data._freq = None
 
         tm.assert_index_equal(c.categories, expected)
         tm.assert_numpy_array_equal(c.codes, np.arange(5, dtype=""int8""))
@@ -347,7 +347,7 @@ def test_constructor_with_datetimelike(self, dtl):
         c = Categorical(s2)
 
         expected = type(dtl)(s2.dropna())
-        expected._data.freq = None
+        expected._data._freq = None
 
         tm.assert_index_equal(c.categories, expected)
 ",4,0,"@@ -336,7 +336,7 @@ def test_constructor_with_datetimelike(self, dtl): c = Categorical(s) expected = type(dtl)(s) expected._data.freq = None expected._data._freq = None tm.assert_index_equal(c.categories, expected) tm.assert_numpy_array_equal(c.codes, np.arange(5, dtype=""int8"")) @@ -347,7 +347,7 @@ def test_constructor_with_datetimelike(self, dtl): c = Categorical(s2) expected = type(dtl)(s2.dropna()) expected._data.freq = None expected._data._freq = None tm.assert_index_equal(c.categories, expected)",1,2,0,0,0,505
pandas-dev/pandas,c163176b9a5058f21dce820da3f20ad3d036e04d,REF: continue moving freq management off DatetimeArray/TimedeltaArray (GH#24566) (#65285),pandas/tests/arrays/test_datetimelike.py,"@@ -456,7 +456,8 @@ def test_setitem_list_of_nats(self, arr1d):
     def test_setitem_object_dtype(self, box, arr1d):
         expected = arr1d.copy()[::-1]
         if expected.dtype.kind in [""m"", ""M""]:
-            expected._freq = None
+            # __setitem__ no longer clears freq on the target array
+            expected._freq = arr1d._freq
 
         vals = expected
         if box is list:
@@ -496,7 +497,8 @@ def test_setitem_strs(self, arr1d):
     def test_setitem_categorical(self, arr1d, as_index):
         expected = arr1d.copy()[::-1]
         if not isinstance(expected, PeriodArray):
-            expected._freq = None
+            # __setitem__ no longer clears freq on the target array
+            expected._freq = arr1d._freq
 
         cat = pd.Categorical(arr1d)
         if as_index:
@@ -550,10 +552,16 @@ def test_inplace_arithmetic(self):
 
         expected = arr + pd.Timedelta(days=1)
         arr += pd.Timedelta(days=1)
+        # Array __iadd__ no longer manages freq; arr keeps pre-iadd freq
+        # while `arr + x` returns a freq-stripped array.
+        if hasattr(arr, ""_freq""):
+            expected._freq = arr._freq
         tm.assert_equal(arr, expected)
 
         expected = arr - pd.Timedelta(days=1)
         arr -= pd.Timedelta(days=1)
+        if hasattr(arr, ""_freq""):
+            expected._freq = arr._freq
         tm.assert_equal(arr, expected)
 
     def test_shift_fill_int_deprecated(self, arr1d):
@@ -576,6 +584,9 @@ def test_median(self, arr1d):
         arr[len(arr) // 2] = NaT
         if not isinstance(expected, Period):
             expected = arr[len(arr) // 2 - 1 : len(arr) // 2 + 2].mean()
+            # setitem no longer clears freq; result of median has freq=None
+            if hasattr(arr, ""_freq""):
+                arr._freq = None
 
         assert arr.median(skipna=False) is NaT
 
@@ -1229,6 +1240,10 @@ def test_casting_nat_setitem_array(arr, casting_nats):
     for nat in casting_nats:
         arr = arr.copy()
         arr[0] = nat
+        if hasattr(arr, ""_freq""):
+            # setitem no longer clears freq on the array; values are no longer
+            # on freq after introducing NaT, so match expected.
+            arr._freq = None
         tm.assert_equal(arr, expected)
 
 ",19,0,"@@ -456,7 +456,8 @@ def test_setitem_list_of_nats(self, arr1d): def test_setitem_object_dtype(self, box, arr1d): expected = arr1d.copy()[::-1] if expected.dtype.kind in [""m"", ""M""]: expected._freq = None expected._freq = arr1d._freq vals = expected if box is list: @@ -496,7 +497,8 @@ def test_setitem_strs(self, arr1d): def test_setitem_categorical(self, arr1d, as_index): expected = arr1d.copy()[::-1] if not isinstance(expected, PeriodArray): expected._freq = None expected._freq = arr1d._freq cat = pd.Categorical(arr1d) if as_index: @@ -550,10 +552,16 @@ def test_inplace_arithmetic(self): expected = arr + pd.Timedelta(days=1) arr += pd.Timedelta(days=1) if hasattr(arr, ""_freq""): expected._freq = arr._freq tm.assert_equal(arr, expected) expected = arr - pd.Timedelta(days=1) arr -= pd.Timedelta(days=1) if hasattr(arr, ""_freq""): expected._freq = arr._freq tm.assert_equal(arr, expected) def test_shift_fill_int_deprecated(self, arr1d): @@ -576,6 +584,9 @@ def test_median(self, arr1d): arr[len(arr) // 2] = NaT if not isinstance(expected, Period): expected = arr[len(arr) // 2 - 1 : len(arr) // 2 + 2].mean() if hasattr(arr, ""_freq""): arr._freq = None assert arr.median(skipna=False) is NaT @@ -1229,6 +1240,10 @@ def test_casting_nat_setitem_array(arr, casting_nats): for nat in casting_nats: arr = arr.copy() arr[0] = nat if hasattr(arr, ""_freq""): arr._freq = None tm.assert_equal(arr, expected)",1,8,1,9,0,1404
pandas-dev/pandas,c163176b9a5058f21dce820da3f20ad3d036e04d,REF: continue moving freq management off DatetimeArray/TimedeltaArray (GH#24566) (#65285),pandas/tests/arrays/test_datetimes.py,"@@ -479,11 +479,6 @@ def test_setitem_different_tz_raises(self):
         arr[0] = ts
         assert arr[0] == ts.tz_convert(""US/Central"")
 
-    def test_setitem_clears_freq(self):
-        a = pd.date_range(""2000"", periods=2, freq=""D"", tz=""US/Central"")._data
-        a[0] = pd.Timestamp(""2000"", tz=""US/Central"")
-        assert a.freq is None
-
     @pytest.mark.parametrize(
         ""obj"",
         [",5,0,"@@ -479,11 +479,6 @@ def test_setitem_different_tz_raises(self): arr[0] = ts assert arr[0] == ts.tz_convert(""US/Central"") def test_setitem_clears_freq(self): a = pd.date_range(""2000"", periods=2, freq=""D"", tz=""US/Central"")._data a[0] = pd.Timestamp(""2000"", tz=""US/Central"") assert a.freq is None @pytest.mark.parametrize( ""obj"", [",1,2,0,0,0,329
pandas-dev/pandas,c163176b9a5058f21dce820da3f20ad3d036e04d,REF: continue moving freq management off DatetimeArray/TimedeltaArray (GH#24566) (#65285),pandas/tests/arrays/test_timedeltas.py,"@@ -208,11 +208,6 @@ def test_astype_int(self, any_int_numpy_dtype):
         expected = arr._ndarray.view(""i8"")
         tm.assert_numpy_array_equal(result, expected)
 
-    def test_setitem_clears_freq(self):
-        a = pd.timedelta_range(""1h"", periods=2, freq=""h"")._data
-        a[0] = Timedelta(""1h"")
-        assert a.freq is None
-
     @pytest.mark.parametrize(
         ""obj"",
         [",5,0,"@@ -208,11 +208,6 @@ def test_astype_int(self, any_int_numpy_dtype): expected = arr._ndarray.view(""i8"") tm.assert_numpy_array_equal(result, expected) def test_setitem_clears_freq(self): a = pd.timedelta_range(""1h"", periods=2, freq=""h"")._data a[0] = Timedelta(""1h"") assert a.freq is None @pytest.mark.parametrize( ""obj"", [",1,2,0,0,0,321
pandas-dev/pandas,c163176b9a5058f21dce820da3f20ad3d036e04d,REF: continue moving freq management off DatetimeArray/TimedeltaArray (GH#24566) (#65285),pandas/tests/base/test_fillna.py,"@@ -51,6 +51,12 @@ def test_fillna_null(null_obj, index_or_series_obj):
     expected = values.copy()
     values[0:2] = null_obj
     expected[0:2] = fill_value
+    # setitem no longer clears freq; after mutating, values are no longer on
+    # the original freq, so clear it on DTA/TDA explicitly.
+    if hasattr(values, ""_freq""):
+        values._freq = None
+    if hasattr(expected, ""_freq""):
+        expected._freq = None
 
     expected = klass(expected)
     obj = klass(values)",6,0,"@@ -51,6 +51,12 @@ def test_fillna_null(null_obj, index_or_series_obj): expected = values.copy() values[0:2] = null_obj expected[0:2] = fill_value if hasattr(values, ""_freq""): values._freq = None if hasattr(expected, ""_freq""): expected._freq = None expected = klass(expected) obj = klass(values)",1,1,0,2,0,295
pandas-dev/pandas,c163176b9a5058f21dce820da3f20ad3d036e04d,REF: continue moving freq management off DatetimeArray/TimedeltaArray (GH#24566) (#65285),pandas/tests/indexes/datetimes/test_freq_attr.py,"@@ -24,11 +24,11 @@ def test_freq_setter_errors(self):
             ""passed frequency 5D""
         )
         with pytest.raises(ValueError, match=msg):
-            idx._data.freq = ""5D""
+            idx.freq = ""5D""
 
         # setting with non-freq string
         with pytest.raises(ValueError, match=""Invalid frequency""):
-            idx._data.freq = ""foo""
+            idx.freq = ""foo""
 
     @pytest.mark.parametrize(""values"", [[""20180101"", ""20180103"", ""20180105""], []])
     @pytest.mark.parametrize(""freq"", [""2D"", Day(2), ""2B"", BDay(2), ""48h"", Hour(48)])
@@ -38,12 +38,12 @@ def test_freq_setter(self, values, freq, tz):
         idx = DatetimeIndex(values, tz=tz)
 
         # can set to an offset, converting from string if necessary
-        idx._data.freq = freq
+        idx.freq = freq
         assert idx.freq == freq
         assert isinstance(idx.freq, DateOffset)
 
         # can reset to None
-        idx._data.freq = None
+        idx.freq = None
         assert idx.freq is None
 
     def test_freq_view_safe(self):",8,0,"@@ -24,11 +24,11 @@ def test_freq_setter_errors(self): ""passed frequency 5D"" ) with pytest.raises(ValueError, match=msg): idx._data.freq = ""5D"" idx.freq = ""5D"" with pytest.raises(ValueError, match=""Invalid frequency""): idx._data.freq = ""foo"" idx.freq = ""foo"" @pytest.mark.parametrize(""values"", [[""20180101"", ""20180103"", ""20180105""], []]) @pytest.mark.parametrize(""freq"", [""2D"", Day(2), ""2B"", BDay(2), ""48h"", Hour(48)]) @@ -38,12 +38,12 @@ def test_freq_setter(self, values, freq, tz): idx = DatetimeIndex(values, tz=tz) idx._data.freq = freq idx.freq = freq assert idx.freq == freq assert isinstance(idx.freq, DateOffset) idx._data.freq = None idx.freq = None assert idx.freq is None def test_freq_view_safe(self):",1,3,0,0,0,714
pandas-dev/pandas,c163176b9a5058f21dce820da3f20ad3d036e04d,REF: continue moving freq management off DatetimeArray/TimedeltaArray (GH#24566) (#65285),pandas/tests/indexes/datetimes/test_setops.py,"@@ -153,7 +153,7 @@ def test_union_bug_4564(self, sort):
     def test_union_freq_both_none(self, sort):
         # GH11086
         expected = bdate_range(""20150101"", periods=10)
-        expected._data.freq = None
+        expected._data._freq = None
 
         result = expected.union(expected, sort=sort)
         tm.assert_index_equal(result, expected)",2,0,"@@ -153,7 +153,7 @@ def test_union_bug_4564(self, sort): def test_union_freq_both_none(self, sort): expected = bdate_range(""20150101"", periods=10) expected._data.freq = None expected._data._freq = None result = expected.union(expected, sort=sort) tm.assert_index_equal(result, expected)",1,2,0,0,0,286
pandas-dev/pandas,c163176b9a5058f21dce820da3f20ad3d036e04d,REF: continue moving freq management off DatetimeArray/TimedeltaArray (GH#24566) (#65285),pandas/tests/indexes/timedeltas/methods/test_astype.py,"@@ -137,9 +137,8 @@ def test_astype_freq_conversion(self):
 
         res = tdi.astype(""m8[s]"")
         exp_values = np.asarray(tdi).astype(""m8[s]"")
-        exp_tda = TimedeltaArray._simple_new(
-            exp_values, dtype=exp_values.dtype, freq=tdi.freq
-        )
+        exp_tda = TimedeltaArray._simple_new(exp_values, dtype=exp_values.dtype)
+        exp_tda._freq = tdi.freq
         expected = Index(exp_tda)
         assert expected.dtype == ""m8[s]""
         tm.assert_index_equal(res, expected)",5,0,"@@ -137,9 +137,8 @@ def test_astype_freq_conversion(self): res = tdi.astype(""m8[s]"") exp_values = np.asarray(tdi).astype(""m8[s]"") exp_tda = TimedeltaArray._simple_new( exp_values, dtype=exp_values.dtype, freq=tdi.freq ) exp_tda = TimedeltaArray._simple_new(exp_values, dtype=exp_values.dtype) exp_tda._freq = tdi.freq expected = Index(exp_tda) assert expected.dtype == ""m8[s]"" tm.assert_index_equal(res, expected)",1,1,0,0,0,413
pandas-dev/pandas,c163176b9a5058f21dce820da3f20ad3d036e04d,REF: continue moving freq management off DatetimeArray/TimedeltaArray (GH#24566) (#65285),pandas/tests/indexes/timedeltas/test_freq_attr.py,"@@ -18,12 +18,12 @@ def test_freq_setter(self, values, freq):
         idx = TimedeltaIndex(values)
 
         # can set to an offset, converting from string if necessary
-        idx._data.freq = freq
+        idx.freq = freq
         assert idx.freq == freq
         assert isinstance(idx.freq, DateOffset)
 
         # can reset to None
-        idx._data.freq = None
+        idx.freq = None
         assert idx.freq is None
 
     def test_with_freq_empty_requires_tick(self):
@@ -44,16 +44,16 @@ def test_freq_setter_errors(self):
             ""passed frequency 5D""
         )
         with pytest.raises(ValueError, match=msg):
-            idx._data.freq = ""5D""
+            idx.freq = ""5D""
 
         # setting with a non-fixed frequency
         msg = r""<2 \* BusinessDays> is a non-fixed frequency""
         with pytest.raises(ValueError, match=msg):
-            idx._data.freq = ""2B""
+            idx.freq = ""2B""
 
         # setting with non-freq string
         with pytest.raises(ValueError, match=""Invalid frequency""):
-            idx._data.freq = ""foo""
+            idx.freq = ""foo""
 
     def test_freq_view_safe(self):
         # Setting the freq for one TimedeltaIndex shouldn't alter the freq",10,0,"@@ -18,12 +18,12 @@ def test_freq_setter(self, values, freq): idx = TimedeltaIndex(values) idx._data.freq = freq idx.freq = freq assert idx.freq == freq assert isinstance(idx.freq, DateOffset) idx._data.freq = None idx.freq = None assert idx.freq is None def test_with_freq_empty_requires_tick(self): @@ -44,16 +44,16 @@ def test_freq_setter_errors(self): ""passed frequency 5D"" ) with pytest.raises(ValueError, match=msg): idx._data.freq = ""5D"" idx.freq = ""5D"" msg = r""<2 \* BusinessDays> is a non-fixed frequency"" with pytest.raises(ValueError, match=msg): idx._data.freq = ""2B"" idx.freq = ""2B"" with pytest.raises(ValueError, match=""Invalid frequency""): idx._data.freq = ""foo"" idx.freq = ""foo"" def test_freq_view_safe(self):",1,4,0,0,0,725
pandas-dev/pandas,c163176b9a5058f21dce820da3f20ad3d036e04d,REF: continue moving freq management off DatetimeArray/TimedeltaArray (GH#24566) (#65285),pandas/tests/resample/test_datetime_index.py,"@@ -1136,7 +1136,7 @@ def test_resample_anchored_intraday2(unit):
     expected = df.resample(""QE"").mean().to_period()
     expected = expected.to_timestamp(how=""end"")
     expected.index += Timedelta(1, unit=""us"") - Timedelta(1, unit=""D"")
-    expected.index._data.freq = ""QE""
+    expected.index.freq = ""QE""
     expected.index._freq = lib.no_default
     expected.index = expected.index.as_unit(unit)
     tm.assert_frame_equal(result, expected)
@@ -1146,7 +1146,7 @@ def test_resample_anchored_intraday2(unit):
     expected = expected.to_period()
     expected = expected.to_timestamp(how=""end"")
     expected.index += Timedelta(1, unit=""us"") - Timedelta(1, unit=""D"")
-    expected.index._data.freq = ""QE""
+    expected.index.freq = ""QE""
     expected.index._freq = lib.no_default
     expected.index = expected.index.as_unit(unit)
     tm.assert_frame_equal(result, expected)",4,0,"@@ -1136,7 +1136,7 @@ def test_resample_anchored_intraday2(unit): expected = df.resample(""QE"").mean().to_period() expected = expected.to_timestamp(how=""end"") expected.index += Timedelta(1, unit=""us"") - Timedelta(1, unit=""D"") expected.index._data.freq = ""QE"" expected.index.freq = ""QE"" expected.index._freq = lib.no_default expected.index = expected.index.as_unit(unit) tm.assert_frame_equal(result, expected) @@ -1146,7 +1146,7 @@ def test_resample_anchored_intraday2(unit): expected = expected.to_period() expected = expected.to_timestamp(how=""end"") expected.index += Timedelta(1, unit=""us"") - Timedelta(1, unit=""D"") expected.index._data.freq = ""QE"" expected.index.freq = ""QE"" expected.index._freq = lib.no_default expected.index = expected.index.as_unit(unit) tm.assert_frame_equal(result, expected)",1,2,0,0,0,801
pandas-dev/pandas,c163176b9a5058f21dce820da3f20ad3d036e04d,REF: continue moving freq management off DatetimeArray/TimedeltaArray (GH#24566) (#65285),pandas/tests/reshape/concat/test_datetimes.py,"@@ -123,7 +123,7 @@ def test_concat_datetimeindex_freq(self):
         # Non-monotonic index result
         result = concat([expected[50:], expected[:50]])
         expected = DataFrame(data[50:] + data[:50], index=dr[50:].append(dr[:50]))
-        expected.index._data.freq = None
+        expected.index._data._freq = None
         tm.assert_frame_equal(result, expected)
 
     def test_concat_datetimeindex_tz_convert_freq(self):",2,0,"@@ -123,7 +123,7 @@ def test_concat_datetimeindex_freq(self): result = concat([expected[50:], expected[:50]]) expected = DataFrame(data[50:] + data[:50], index=dr[50:].append(dr[:50])) expected.index._data.freq = None expected.index._data._freq = None tm.assert_frame_equal(result, expected) def test_concat_datetimeindex_tz_convert_freq(self):",1,2,0,0,0,344
pandas-dev/pandas,2b85fecc3ad64e6a9e35613777703321184a44ac,"REF: remove redundant BaseMaskedArray.map override (#65297)

Co-authored-by: Claude Opus 4.7 (1M context) <noreply@anthropic.com>",pandas/core/arrays/masked.py,"@@ -67,7 +67,6 @@
 from pandas.core.algorithms import (
     factorize_array,
     isin,
-    map_array,
     mode,
     take,
 )
@@ -1801,14 +1800,6 @@ def max(self, *, skipna: bool = True, axis: AxisInt | None = 0, **kwargs):
     def count(self) -> np.int64:
         return (~self._mask).sum()
 
-    def map(self, mapper, na_action: Literal[""ignore""] | None = None):
-        result = map_array(
-            self.to_numpy(dtype=object, na_value=libmissing.NA),
-            mapper,
-            na_action=na_action,
-        )
-        return self._cast_pointwise_result(result)
-
     @overload
     def any(
         self, *, skipna: Literal[True] = ..., axis: AxisInt | None = ..., **kwargs",9,0,"@@ -67,7 +67,6 @@ from pandas.core.algorithms import ( factorize_array, isin, map_array, mode, take, ) @@ -1801,14 +1800,6 @@ def max(self, *, skipna: bool = True, axis: AxisInt | None = 0, **kwargs): def count(self) -> np.int64: return (~self._mask).sum() def map(self, mapper, na_action: Literal[""ignore""] | None = None): result = map_array( self.to_numpy(dtype=object, na_value=libmissing.NA), mapper, na_action=na_action, ) return self._cast_pointwise_result(result) @overload def any( self, *, skipna: Literal[True] = ..., axis: AxisInt | None = ..., **kwargs",1,4,0,0,0,564
pandas-dev/pandas,8d6da1658c1babaff95aec5a334241c3c1ef18f6,BUG: Fix formatters applied to wrong columns in truncated DataFrame.to_string (GH#35410) (#65288),pandas/io/formats/format.py,"@@ -767,8 +767,8 @@ def _get_formatter(self, i: str | int) -> Callable | None:
             else:
                 return None
         else:
-            if is_integer(i) and i not in self.columns:
-                i = self.columns[i]
+            if is_integer(i):
+                i = self.tr_frame.columns[i]
             return self.formatters.get(i, None)
 
     def _get_formatted_column_labels(self, frame: DataFrame) -> list[list[str]]:",4,1,"@@ -767,8 +767,8 @@ def _get_formatter(self, i: str | int) -> Callable | None: else: return None else: if is_integer(i) and i not in self.columns: i = self.columns[i] if is_integer(i): i = self.tr_frame.columns[i] return self.formatters.get(i, None) def _get_formatted_column_labels(self, frame: DataFrame) -> list[list[str]]:",1,2,0,2,0,326
pandas-dev/pandas,8d6da1658c1babaff95aec5a334241c3c1ef18f6,BUG: Fix formatters applied to wrong columns in truncated DataFrame.to_string (GH#35410) (#65288),pandas/tests/io/formats/test_format.py,"@@ -932,6 +932,20 @@ def test_truncate_with_different_dtypes_multiindex(self):
         result2 = repr(frame.iloc[:5])
         assert result.startswith(result2)
 
+    def test_to_string_truncate_formatters(self):
+        # GH#35410 - formatters dict applied to wrong columns after truncation
+        df = DataFrame(
+            np.arange(30).reshape(5, 6),
+            columns=[f""Col{i}"" for i in range(6)],
+        )
+        formatters = {c: (lambda x, c=c: f""{c}: {x}"") for c in df.columns}
+        result = df.to_string(formatters=formatters, max_cols=4)
+        # Col4 and Col5 should use their own formatters, not Col2/Col3
+        assert ""Col4:"" in result
+        assert ""Col5:"" in result
+        assert ""Col2: 4"" not in result
+        assert ""Col3: 5"" not in result
+
     def test_datetimelike_frame(self):
         # GH 12211
         df = DataFrame({""date"": [Timestamp(""20130101"").tz_localize(""UTC"")] + [NaT] * 5})",14,1,"@@ -932,6 +932,20 @@ def test_truncate_with_different_dtypes_multiindex(self): result2 = repr(frame.iloc[:5]) assert result.startswith(result2) def test_to_string_truncate_formatters(self): df = DataFrame( np.arange(30).reshape(5, 6), columns=[f""Col{i}"" for i in range(6)], ) formatters = {c: (lambda x, c=c: f""{c}: {x}"") for c in df.columns} result = df.to_string(formatters=formatters, max_cols=4) assert ""Col4:"" in result assert ""Col5:"" in result assert ""Col2: 4"" not in result assert ""Col3: 5"" not in result def test_datetimelike_frame(self): df = DataFrame({""date"": [Timestamp(""20130101"").tz_localize(""UTC"")] + [NaT] * 5})",1,3,2,0,0,627
pandas-dev/pandas,e6683f7cde0b2513a8fa28fa08b811c30307369b,PERF: optimize block consolidation (#64574),pandas/core/internals/managers.py,"@@ -1957,8 +1957,17 @@ def _consolidate_check(self) -> None:
             self._is_consolidated = True
             self._known_consolidated = True
             return
-        dtypes = [blk.dtype for blk in self.blocks if blk._can_consolidate]
-        self._is_consolidated = len(dtypes) == len(set(dtypes))
+        # Exit early on first duplicate dtype rather than collecting all dtypes
+        dtypes: set[DtypeObj] = set()
+        for blk in self.blocks:
+            if blk._can_consolidate:
+                dtype = blk.dtype
+                if dtype in dtypes:
+                    self._is_consolidated = False
+                    self._known_consolidated = True
+                    return
+                dtypes.add(dtype)
+        self._is_consolidated = True
         self._known_consolidated = True
 
     def _consolidate_inplace(self) -> None:
@@ -2374,17 +2383,18 @@ def raise_construction_error(
 # -----------------------------------------------------------------------
 
 
-def _grouping_func(tup: tuple[int, ArrayLike]) -> tuple[int, DtypeObj]:
+def _grouping_key(tup: tuple[int, ArrayLike]) -> Hashable:
     dtype = tup[1].dtype
 
-    if is_1d_only_ea_dtype(dtype):
-        # We know these won't be consolidated, so don't need to group these.
-        # This avoids expensive comparisons of CategoricalDtype objects
-        sep = id(dtype)
+    if isinstance(dtype, np.dtype):
+        # Only numpy dtypes get stacked into 2D blocks in _form_blocks,
+        # so only they need real grouping by dtype.
+        return dtype.name
     else:
-        sep = 0
-
-    return sep, dtype
+        # Extension dtypes each get their own block regardless, so grouping
+        # doesn't matter. Use id() to avoid potentially expensive __hash__
+        # (e.g. CategoricalDtype hashes all categories).
+        return id(dtype)
 
 
 def _form_blocks(arrays: list[ArrayLike], consolidate: bool, refs: list) -> list[Block]:
@@ -2396,11 +2406,18 @@ def _form_blocks(arrays: list[ArrayLike], consolidate: bool, refs: list) -> list
     # when consolidating, we can ignore refs (either stacking always copies,
     # or the EA is already copied in the calling dict_to_mgr)
 
-    # group by dtype
-    grouper = itertools.groupby(tuples, _grouping_func)
+    # group by dtype using a dict faster than old itertools.groupby
+    groups: dict[Hashable, list[tuple[int, ArrayLike]]] = {}
+    for tup in tuples:
+        key = _grouping_key(tup)
+        try:
+            groups[key].append(tup)
+        except KeyError:
+            groups[key] = [tup]
 
     nbs: list[Block] = []
-    for (_, dtype), tup_block in grouper:
+    for tup_block in groups.values():
+        dtype = tup_block[0][1].dtype
         block_type = get_block_type(dtype)
 
         if isinstance(dtype, np.dtype):
@@ -2487,19 +2504,19 @@ def _merge_blocks(
         new_values: ArrayLike
 
         if isinstance(blocks[0].dtype, np.dtype):
-            # error: List comprehension has incompatible type List[Union[ndarray,
-            # ExtensionArray]]; expected List[Union[complex, generic,
-            # Sequence[Union[int, float, complex, str, bytes, generic]],
-            # Sequence[Sequence[Any]], SupportsArray]]
-            new_values = np.vstack([b.values for b in blocks])  # type: ignore[misc]
+            # Use np.concatenate directly instead of np.vstack to avoid the
+            # overhead of atleast_2d calls (block values are always 2D)
+            new_values = np.concatenate([b.values for b in blocks], axis=0)
         else:
             bvals = [blk.values for blk in blocks]
             bvals2 = cast(""Sequence[NDArrayBackedExtensionArray]"", bvals)
             new_values = bvals2[0]._concat_same_type(bvals2, axis=0)
 
-        argsort = np.argsort(new_mgr_locs)
-        new_values = new_values[argsort]
-        new_mgr_locs = new_mgr_locs[argsort]
+        # Only sort if locations are not already in order
+        if not libalgos.is_monotonic(new_mgr_locs, False)[0]:
+            argsort = np.argsort(new_mgr_locs)
+            new_values = new_values[argsort]
+            new_mgr_locs = new_mgr_locs[argsort]
 
         bp = BlockPlacement(new_mgr_locs)
         return [new_block_2d(new_values, placement=bp)], True",59,0,"@@ -1957,8 +1957,17 @@ def _consolidate_check(self) -> None: self._is_consolidated = True self._known_consolidated = True return dtypes = [blk.dtype for blk in self.blocks if blk._can_consolidate] self._is_consolidated = len(dtypes) == len(set(dtypes)) dtypes: set[DtypeObj] = set() for blk in self.blocks: if blk._can_consolidate: dtype = blk.dtype if dtype in dtypes: self._is_consolidated = False self._known_consolidated = True return dtypes.add(dtype) self._is_consolidated = True self._known_consolidated = True def _consolidate_inplace(self) -> None: @@ -2374,17 +2383,18 @@ def raise_construction_error( def _grouping_func(tup: tuple[int, ArrayLike]) -> tuple[int, DtypeObj]: def _grouping_key(tup: tuple[int, ArrayLike]) -> Hashable: dtype = tup[1].dtype if is_1d_only_ea_dtype(dtype): sep = id(dtype) if isinstance(dtype, np.dtype): return dtype.name else: sep = 0 return sep, dtype return id(dtype) def _form_blocks(arrays: list[ArrayLike], consolidate: bool, refs: list) -> list[Block]: @@ -2396,11 +2406,18 @@ def _form_blocks(arrays: list[ArrayLike], consolidate: bool, refs: list) -> list grouper = itertools.groupby(tuples, _grouping_func) groups: dict[Hashable, list[tuple[int, ArrayLike]]] = {} for tup in tuples: key = _grouping_key(tup) try: groups[key].append(tup) except KeyError: groups[key] = [tup] nbs: list[Block] = [] for (_, dtype), tup_block in grouper: for tup_block in groups.values(): dtype = tup_block[0][1].dtype block_type = get_block_type(dtype) if isinstance(dtype, np.dtype): @@ -2487,19 +2504,19 @@ def _merge_blocks( new_values: ArrayLike if isinstance(blocks[0].dtype, np.dtype): new_values = np.vstack([b.values for b in blocks]) new_values = np.concatenate([b.values for b in blocks], axis=0) else: bvals = [blk.values for blk in blocks] bvals2 = cast(""Sequence[NDArrayBackedExtensionArray]"", bvals) new_values = bvals2[0]._concat_same_type(bvals2, axis=0) argsort = np.argsort(new_mgr_locs) new_values = new_values[argsort] new_mgr_locs = new_mgr_locs[argsort] if not libalgos.is_monotonic(new_mgr_locs, False)[0]: argsort = np.argsort(new_mgr_locs) new_values = new_values[argsort] new_mgr_locs = new_mgr_locs[argsort] bp = BlockPlacement(new_mgr_locs) return [new_block_2d(new_values, placement=bp)], True",1,8,8,8,2,2251
pandas-dev/pandas,e6683f7cde0b2513a8fa28fa08b811c30307369b,PERF: optimize block consolidation (#64574),pandas/tests/frame/methods/test_equals.py,"@@ -15,14 +15,18 @@ def test_dataframe_not_equal(self):
         df2 = DataFrame({""a"": [""s"", ""d""], ""b"": [1, 2]})
         assert df1.equals(df2) is False
 
-    def test_equals_different_blocks(self, using_infer_string):
+    def test_equals_different_blocks(self):
         # GH#9330
-        df0 = DataFrame({""A"": [""x"", ""y""], ""B"": [1, 2], ""C"": [""w"", ""z""]})
-        df1 = df0.reset_index()[[""A"", ""B"", ""C""]]
-        if not using_infer_string:
-            # this assert verifies that the above operations have
-            # induced a block rearrangement
-            assert df0._mgr.blocks[0].dtype != df1._mgr.blocks[0].dtype
+        df0 = DataFrame(
+            {""A"": [1.0, 2.0], ""B"": np.array([1, 2], dtype=np.int64), ""C"": [3.0, 4.0]}
+        )
+        # build df1 via sequential __setitem__ so the float columns end up
+        # in separate blocks instead of being consolidated upfront
+        df1 = DataFrame({""A"": [1.0, 2.0]})
+        df1[""B""] = np.array([1, 2], dtype=np.int64)
+        df1[""C""] = np.array([3.0, 4.0])
+        assert len(df0._mgr.blocks) == 2
+        assert len(df1._mgr.blocks) == 3
 
         # do the real tests
         tm.assert_frame_equal(df0, df1)",18,0,"@@ -15,14 +15,18 @@ def test_dataframe_not_equal(self): df2 = DataFrame({""a"": [""s"", ""d""], ""b"": [1, 2]}) assert df1.equals(df2) is False def test_equals_different_blocks(self, using_infer_string): def test_equals_different_blocks(self): df0 = DataFrame({""A"": [""x"", ""y""], ""B"": [1, 2], ""C"": [""w"", ""z""]}) df1 = df0.reset_index()[[""A"", ""B"", ""C""]] if not using_infer_string: assert df0._mgr.blocks[0].dtype != df1._mgr.blocks[0].dtype df0 = DataFrame( {""A"": [1.0, 2.0], ""B"": np.array([1, 2], dtype=np.int64), ""C"": [3.0, 4.0]} ) df1 = DataFrame({""A"": [1.0, 2.0]}) df1[""B""] = np.array([1, 2], dtype=np.int64) df1[""C""] = np.array([3.0, 4.0]) assert len(df0._mgr.blocks) == 2 assert len(df1._mgr.blocks) == 3 tm.assert_frame_equal(df0, df1)",1,3,0,1,0,730
pandas-dev/pandas,3302f1fc13d69d284231684c88706560ca0364a1,CLN: Replace no_default signature with False for allow_duplicates in insert and reset_index (#65146),pandas/core/frame.py,"@@ -5463,7 +5463,7 @@ def insert(
         loc: int,
         column: Hashable,
         value: object,
-        allow_duplicates: bool | lib.NoDefault = lib.no_default,
+        allow_duplicates: bool = False,
     ) -> None:
         """"""
         Insert column into DataFrame at specified location.
@@ -5479,7 +5479,7 @@ def insert(
             Label of the inserted column.
         value : Scalar, Series, or array-like
             Content of the inserted column.
-        allow_duplicates : bool, optional, default lib.no_default
+        allow_duplicates : bool, default False
             Allow duplicate column labels to be created.
 
         See Also
@@ -5512,8 +5512,6 @@ def insert(
         0   NaN   100     1      99     3
         1   5.0   100     2      99     4
         """"""
-        if allow_duplicates is lib.no_default:
-            allow_duplicates = False
         if allow_duplicates and not self.flags.allows_duplicate_labels:
             raise ValueError(
                 ""Cannot specify 'allow_duplicates=True' when ""
@@ -6955,7 +6953,7 @@ def reset_index(
         inplace: Literal[False] = ...,
         col_level: Hashable = ...,
         col_fill: Hashable = ...,
-        allow_duplicates: bool | lib.NoDefault = ...,
+        allow_duplicates: bool = ...,
         names: Hashable | Sequence[Hashable] | None = None,
     ) -> DataFrame: ...
 
@@ -6968,7 +6966,7 @@ def reset_index(
         inplace: Literal[True],
         col_level: Hashable = ...,
         col_fill: Hashable = ...,
-        allow_duplicates: bool | lib.NoDefault = ...,
+        allow_duplicates: bool = ...,
         names: Hashable | Sequence[Hashable] | None = None,
     ) -> None: ...
 
@@ -6981,7 +6979,7 @@ def reset_index(
         inplace: bool = ...,
         col_level: Hashable = ...,
         col_fill: Hashable = ...,
-        allow_duplicates: bool | lib.NoDefault = ...,
+        allow_duplicates: bool = ...,
         names: Hashable | Sequence[Hashable] | None = None,
     ) -> DataFrame | None: ...
 
@@ -6993,7 +6991,7 @@ def reset_index(
         inplace: bool = False,
         col_level: Hashable = 0,
         col_fill: Hashable = """",
-        allow_duplicates: bool | lib.NoDefault = lib.no_default,
+        allow_duplicates: bool = False,
         names: Hashable | Sequence[Hashable] | None = None,
     ) -> DataFrame | None:
         """"""
@@ -7020,7 +7018,7 @@ def reset_index(
         col_fill : object, default ''
             If the columns have multiple levels, determines how the other
             levels are named. If None then the index name is repeated.
-        allow_duplicates : bool, optional, default lib.no_default
+        allow_duplicates : bool, default False
             Allow duplicate column labels to be created.
         names : int, str or 1-dimensional list, default None
             Using the given string, rename the DataFrame column which contains the
@@ -7160,8 +7158,7 @@ class    max    type
             new_obj = self
         else:
             new_obj = self.copy(deep=False)
-        if allow_duplicates is not lib.no_default:
-            allow_duplicates = validate_bool_kwarg(allow_duplicates, ""allow_duplicates"")
+        allow_duplicates = validate_bool_kwarg(allow_duplicates, ""allow_duplicates"")
 
         new_index = default_index(len(new_obj))
         if level is not None:",19,0,"@@ -5463,7 +5463,7 @@ def insert( loc: int, column: Hashable, value: object, allow_duplicates: bool | lib.NoDefault = lib.no_default, allow_duplicates: bool = False, ) -> None: if allow_duplicates is lib.no_default: allow_duplicates = False if allow_duplicates and not self.flags.allows_duplicate_labels: raise ValueError( ""Cannot specify 'allow_duplicates=True' when "" @@ -6955,7 +6953,7 @@ def reset_index( inplace: Literal[False] = ..., col_level: Hashable = ..., col_fill: Hashable = ..., allow_duplicates: bool | lib.NoDefault = ..., allow_duplicates: bool = ..., names: Hashable | Sequence[Hashable] | None = None, ) -> DataFrame: ... @@ -6968,7 +6966,7 @@ def reset_index( inplace: Literal[True], col_level: Hashable = ..., col_fill: Hashable = ..., allow_duplicates: bool | lib.NoDefault = ..., allow_duplicates: bool = ..., names: Hashable | Sequence[Hashable] | None = None, ) -> None: ... @@ -6981,7 +6979,7 @@ def reset_index( inplace: bool = ..., col_level: Hashable = ..., col_fill: Hashable = ..., allow_duplicates: bool | lib.NoDefault = ..., allow_duplicates: bool = ..., names: Hashable | Sequence[Hashable] | None = None, ) -> DataFrame | None: ... @@ -6993,7 +6991,7 @@ def reset_index( inplace: bool = False, col_level: Hashable = 0, col_fill: Hashable = """", allow_duplicates: bool | lib.NoDefault = lib.no_default, allow_duplicates: bool = False, names: Hashable | Sequence[Hashable] | None = None, ) -> DataFrame | None: """""" @@ -7020,7 +7018,7 @@ def reset_index( col_fill : object, default '' If the columns have multiple levels, determines how the other levels are named. If None then the index name is repeated. allow_duplicates : bool, optional, default lib.no_default allow_duplicates : bool, default False Allow duplicate column labels to be created. names : int, str or 1-dimensional list, default None Using the given string, rename the DataFrame column which contains the @@ -7160,8 +7158,7 @@ class max type new_obj = self else: new_obj = self.copy(deep=False) if allow_duplicates is not lib.no_default: allow_duplicates = validate_bool_kwarg(allow_duplicates, ""allow_duplicates"") allow_duplicates = validate_bool_kwarg(allow_duplicates, ""allow_duplicates"") new_index = default_index(len(new_obj)) if level is not None:",1,6,0,4,0,2252
